openTime,open,high,low,close,volume,closeTime,quoteVolume,trades,takerBuyBase,takerBuyQuote,ignore
1788350400000,39.97000000,40.32000000,39.94000000,40.32000000,240.51000000,1788353999999,9657.08980000,150,135.92000000,5463.60730000,0
1788354000000,40.32000000,40.48000000,40.04000000,40.36000000,36.10000000,1788357599999,1453.74950000,46,17.52000000,705.33030000,0
1788357600000,40.33000000,40.35000000,39.73000000,40.00000000,60.64000000,1788361199999,2419.66720000,49,19.47000000,778.43010000,0
1788361200000,40.10000000,40.10000000,39.72000000,39.89000000,33.58000000,1788364799999,1340.13110000,49,21.12000000,843.24240000,0
1788364800000,39.75000000,40.00000000,39.75000000,39.90000000,5.89000000,1788368399999,234.61610000,10,5.33000000,212.31600000,0
1788368400000,39.83000000,40.00000000,39.83000000,39.92000000,26.57000000,1788371999999,1060.82390000,23,16.61000000,663.05300000,0
1788372000000,39.95000000,39.95000000,39.88000000,39.91000000,14.71000000,1788375599999,587.23810000,15,7.03000000,280.69790000,0
1788375600000,39.83000000,39.92000000,39.79000000,39.86000000,23.90000000,1788379199999,952.58340000,22,16.40000000,653.99640000,0
1788379200000,39.77000000,39.98000000,39.64000000,39.90000000,18.81000000,1788382799999,748.13200000,21,6.67000000,265.74740000,0
1788382800000,39.87000000,39.87000000,39.81000000,39.84000000,5.15000000,1788386399999,205.17900000,7,4.75000000,189.23100000,0
1788386400000,39.91000000,39.95000000,39.71000000,39.71000000,18.46000000,1788389999999,735.08750000,18,9.38000000,373.91060000,0
1788390000000,39.79000000,39.79000000,39.69000000,39.72000000,15.69000000,1788393599999,623.36680000,18,8.63000000,343.05850000,0
1788393600000,39.85000000,39.97000000,39.85000000,39.94000000,73.52000000,1788397199999,2937.64420000,10,73.13000000,2922.10270000,0
1788397200000,39.94000000,39.94000000,39.77000000,39.91000000,24.10000000,1788400799999,960.38980000,29,10.64000000,424.33550000,0
1788400800000,39.92000000,39.92000000,39.67000000,39.77000000,13.39000000,1788404399999,532.59830000,13,6.75000000,268.83200000,0
1788404400000,39.84000000,39.87000000,39.59000000,39.64000000,2511.42000000,1788407999999,99904.59690000,45,2505.81000000,99682.46740000,0
1788408000000,39.50000000,39.58000000,39.50000000,39.56000000,5.44000000,1788411599999,215.21150000,8,0.78000000,30.86220000,0
1788411600000,39.68000000,40.15000000,39.68000000,39.71000000,5.13000000,1788415199999,204.22860000,9,4.86000000,193.50690000,0
1788415200000,39.84000000,39.85000000,39.75000000,39.79000000,2.95000000,1788418799999,117.32200000,6,0.43000000,17.13240000,0
1788418800000,39.80000000,39.80000000,39.63000000,39.72000000,15.51000000,1788422399999,615.85490000,26,7.18000000,285.37380000,0
1788422400000,39.47000000,39.64000000,39.29000000,39.64000000,1.18000000,1788425999999,46.60780000,4,0.92000000,36.39240000,0
1788426000000,39.68000000,39.90000000,39.60000000,39.90000000,5.63000000,1788429599999,223.77540000,14,4.85000000,192.73740000,0
1788429600000,39.97000000,40.08000000,39.96000000,40.08000000,20.93000000,1788433199999,837.29640000,21,16.12000000,644.78400000,0
1788433200000,40.02000000,40.15000000,39.87000000,40.15000000,16.91000000,1788436799999,678.16910000,16,16.65000000,667.80290000,0
1788436800000,40.15000000,40.15000000,39.43000000,39.43000000,44.11000000,1788440399999,1758.07650000,36,16.73000000,667.51860000,0
1788440400000,39.56000000,39.73000000,39.14000000,39.24000000,33.15000000,1788443999999,1307.29430000,50,21.36000000,842.28900000,0
1788444000000,39.48000000,39.56000000,39.10000000,39.35000000,53.91000000,1788447599999,2122.43810000,42,35.67000000,1404.08790000,0
1788447600000,39.00000000,39.00000000,38.39000000,38.41000000,37.02000000,1788451199999,1425.03060000,44,25.39000000,976.89940000,0
1788451200000,38.41000000,38.59000000,38.31000000,38.33000000,65.40000000,1788454799999,2512.28950000,35,17.31000000,666.26010000,0
1788454800000,38.36000000,38.51000000,38.32000000,38.32000000,8.94000000,1788458399999,343.19390000,20,3.60000000,138.25210000,0
1788458400000,38.30000000,38.30000000,38.12000000,38.15000000,27.49000000,1788461999999,1050.79010000,29,16.07000000,614.47630000,0
1788462000000,38.21000000,38.45000000,38.21000000,38.37000000,4.33000000,1788465599999,165.75700000,12,4.08000000,156.16450000,0
1788465600000,38.46000000,38.51000000,38.34000000,38.42000000,168.49000000,1788469199999,6472.42990000,36,110.80000000,4260.13910000,0
1788469200000,38.43000000,38.45000000,38.34000000,38.39000000,15.91000000,1788472799999,610.83730000,25,3.36000000,129.10070000,0
1788472800000,38.40000000,38.55000000,38.40000000,38.51000000,21.98000000,1788476399999,846.78040000,12,21.98000000,846.78040000,0
1788476400000,38.48000000,38.49000000,38.38000000,38.48000000,14.08000000,1788479999999,541.52390000,19,11.79000000,453.63030000,0
1788480000000,38.52000000,38.52000000,38.33000000,38.40000000,38.05000000,1788483599999,1461.63320000,21,31.78000000,1221.15910000,0
1788483600000,38.41000000,38.41000000,38.22000000,38.33000000,52.30000000,1788487199999,2000.50270000,17,8.20000000,314.31270000,0
1788487200000,38.33000000,38.38000000,38.30000000,38.30000000,5.51000000,1788490799999,211.07700000,8,0.26000000,9.97880000,0
1788490800000,38.29000000,38.29000000,38.27000000,38.28000000,1.40000000,1788494399999,53.59230000,4,1.40000000,53.59230000,0
1788494400000,38.27000000,38.29000000,38.03000000,38.17000000,129.40000000,1788497999999,4941.76720000,27,101.09000000,3861.65290000,0
1788498000000,38.07000000,38.16000000,37.92000000,38.08000000,42.31000000,1788501599999,1609.95730000,42,17.69000000,674.20680000,0
1788501600000,37.95000000,38.22000000,37.93000000,38.13000000,21.59000000,1788505199999,822.47870000,20,11.85000000,451.75380000,0
1788505200000,38.21000000,38.22000000,37.92000000,37.94000000,50.11000000,1788508799999,1909.82200000,30,34.45000000,1315.49990000,0
1788508800000,37.99000000,38.00000000,37.79000000,37.90000000,19.30000000,1788512399999,731.83910000,22,16.67000000,632.33440000,0
1788512400000,37.96000000,38.00000000,37.91000000,37.91000000,17.33000000,1788515999999,657.92360000,10,11.43000000,433.81260000,0
1788516000000,37.89000000,37.93000000,37.78000000,37.84000000,73.32000000,1788519599999,2772.74760000,19,30.21000000,1142.82680000,0
1788519600000,37.92000000,37.93000000,37.84000000,37.84000000,2.61000000,1788523199999,98.89470000,7,1.88000000,71.27150000,0
1788523200000,37.82000000,38.49000000,37.81000000,38.34000000,119.79000000,1788526799999,4560.64560000,230,102.55000000,3901.98390000,0
1788526800000,38.40000000,38.42000000,37.79000000,37.79000000,48.61000000,1788530399999,1848.71250000,50,35.68000000,1355.54700000,0
1788530400000,37.90000000,38.41000000,37.87000000,38.34000000,18.65000000,1788533999999,711.39970000,63,11.80000000,449.89300000,0
1788534000000,38.42000000,38.52000000,38.37000000,38.50000000,10.37000000,1788537599999,398.77560000,31,8.82000000,339.23350000,0
1788537600000,38.44000000,38.44000000,38.08000000,38.14000000,110.23000000,1788541199999,4206.01080000,31,22.28000000,854.87250000,0
1788541200000,38.14000000,38.57000000,38.12000000,38.48000000,31.40000000,1788544799999,1203.32120000,65,17.90000000,686.99430000,0
1788544800000,38.52000000,38.56000000,38.37000000,38.37000000,100.48000000,1788548399999,3861.60790000,34,78.09000000,3001.14300000,0
1788548400000,38.30000000,38.45000000,38.06000000,38.06000000,74.31000000,1788551999999,2841.81250000,55,6.28000000,240.81780000,0
1788552000000,38.28000000,38.35000000,38.28000000,38.35000000,1.87000000,1788555599999,71.64810000,7,1.87000000,71.64810000,0
1788555600000,38.35000000,38.38000000,38.34000000,38.34000000,15.13000000,1788559199999,580.15020000,16,1.74000000,66.76830000,0
1788559200000,38.34000000,38.34000000,38.28000000,38.28000000,22.36000000,1788562799999,856.40310000,86,3.02000000,115.78680000,0
1788562800000,38.28000000,38.33000000,38.23000000,38.25000000,41.73000000,1788566399999,1596.59370000,84,3.62000000,138.66610000,0
1788566400000,38.29000000,38.30000000,38.28000000,38.28000000,7.01000000,1788569999999,268.37660000,32,1.38000000,52.85400000,0
1788570000000,38.30000000,38.30000000,38.28000000,38.30000000,7.16000000,1788573599999,274.22400000,21,6.96000000,266.56800000,0
1788573600000,38.31000000,38.31000000,38.29000000,38.31000000,6.28000000,1788577199999,240.55200000,8,4.54000000,173.92740000,0
1788577200000,38.31000000,38.34000000,38.29000000,38.34000000,19.41000000,1788580799999,743.83550000,66,18.16000000,695.97300000,0
1788580800000,38.34000000,38.34000000,38.32000000,38.32000000,2.64000000,1788584399999,101.20080000,14,1.80000000,69.01200000,0
1788584400000,38.32000000,38.34000000,38.20000000,38.20000000,27.40000000,1788587999999,1048.77890000,24,1.55000000,59.40100000,0
1788588000000,38.24000000,38.27000000,38.24000000,38.27000000,4.69000000,1788591599999,179.39360000,7,4.69000000,179.39360000,0
1788591600000,38.22000000,38.27000000,38.22000000,38.27000000,7.05000000,1788595199999,269.52380000,7,1.74000000,66.57560000,0
1788595200000,38.27000000,38.27000000,38.22000000,38.27000000,2.07000000,1788598799999,79.20640000,6,1.82000000,69.65140000,0
1788598800000,38.27000000,38.27000000,38.22000000,38.27000000,6.77000000,1788602399999,259.07990000,7,6.61000000,252.96470000,0
1788602400000,38.27000000,38.29000000,38.19000000,38.29000000,8.21000000,1788605999999,314.06910000,17,5.45000000,208.59090000,0
1788606000000,38.29000000,38.32000000,38.29000000,38.30000000,2.59000000,1788609599999,99.18380000,6,2.59000000,99.18380000,0
1788609600000,38.27000000,38.28000000,38.27000000,38.27000000,6.15000000,1788613199999,235.36330000,6,0.93000000,35.59390000,0
1788613200000,38.27000000,38.28000000,38.24000000,38.28000000,2.76000000,1788616799999,105.60860000,4,2.12000000,81.13500000,0
1788616800000,38.28000000,38.30000000,38.25000000,38.25000000,6.88000000,1788620399999,263.20210000,11,1.21000000,46.32460000,0
1788620400000,38.26000000,38.26000000,38.22000000,38.24000000,75.65000000,1788623999999,2893.76180000,26,70.43000000,2694.25340000,0
1788624000000,38.20000000,38.24000000,38.20000000,38.20000000,8.48000000,1788627599999,323.94760000,12,0.29000000,11.08960000,0
1788627600000,38.24000000,38.24000000,38.19000000,38.21000000,45.93000000,1788631199999,1754.56330000,80,12.04000000,460.22810000,0
1788631200000,38.21000000,38.22000000,38.18000000,38.21000000,20.57000000,1788634799999,785.75270000,69,12.60000000,481.45810000,0
1788634800000,38.21000000,38.22000000,38.16000000,38.17000000,12.33000000,1788638399999,470.90980000,46,9.18000000,350.67570000,0
1788638400000,38.15000000,38.16000000,38.13000000,38.16000000,6.05000000,1788641999999,230.70160000,7,0.67000000,25.55940000,0
1788642000000,38.16000000,38.16000000,38.11000000,38.11000000,5.95000000,1788645599999,226.78200000,5,0.71000000,27.08560000,0
1788645600000,38.11000000,38.16000000,38.03000000,38.10000000,24.38000000,1788649199999,929.10010000,45,12.67000000,483.02130000,0
1788649200000,38.15000000,38.16000000,38.04000000,38.10000000,9.04000000,1788652799999,344.66820000,13,4.90000000,186.93540000,0
1788652800000,38.15000000,38.15000000,38.10000000,38.10000000,5.42000000,1788656399999,206.59800000,9,1.92000000,73.24800000,0
1788656400000,38.10000000,38.14000000,38.09000000,38.14000000,2.26000000,1788659999999,86.11250000,3,0.26000000,9.91640000,0
1788660000000,38.09000000,38.14000000,38.09000000,38.14000000,33.01000000,1788663599999,1258.97390000,8,32.46000000,1238.02440000,0
1788663600000,38.10000000,38.13000000,38.02000000,38.13000000,16.47000000,1788667199999,626.72340000,8,0.39000000,14.87070000,0
1788667200000,38.12000000,38.14000000,38.12000000,38.14000000,1.48000000,1788670799999,56.43060000,4,1.48000000,56.43060000,0
1788670800000,38.14000000,38.14000000,38.09000000,38.09000000,4.79000000,1788674399999,182.57460000,5,2.47000000,94.20580000,0
1788674400000,38.13000000,38.13000000,38.08000000,38.08000000,9.02000000,1788677999999,343.56530000,7,1.09000000,41.56170000,0
1788678000000,38.13000000,38.14000000,38.10000000,38.14000000,8.66000000,1788681599999,330.20560000,9,8.51000000,324.49060000,0
1788681600000,38.14000000,38.20000000,38.02000000,38.02000000,55.06000000,1788685199999,2099.58330000,46,26.87000000,1025.34440000,0
1788685200000,38.12000000,38.12000000,38.04000000,38.04000000,25.51000000,1788688799999,972.28920000,6,23.61000000,900.01320000,0
1788688800000,38.04000000,38.05000000,38.03000000,38.03000000,7.94000000,1788692399999,302.00490000,9,0.15000000,5.70750000,0
1788692400000,38.09000000,38.10000000,38.06000000,38.06000000,1.70000000,1788695999999,64.74050000,5,1.22000000,46.47170000,0
1788696000000,38.06000000,38.10000000,38.05000000,38.10000000,0.99000000,1788699599999,37.69650000,5,0.43000000,16.38300000,0
1788699600000,38.10000000,38.10000000,38.10000000,38.10000000,0.00000000,1788703199999,0.00000000,0,0.00000000,0.00000000,0
1788703200000,38.06000000,38.20000000,38.06000000,38.20000000,29.66000000,1788706799999,1131.27930000,21,28.79000000,1098.16710000,0
1788706800000,38.20000000,38.23000000,38.17000000,38.17000000,30.34000000,1788710399999,1159.32180000,26,23.42000000,895.12380000,0
1788710400000,38.22000000,38.29000000,38.14000000,38.14000000,101.37000000,1788713999999,3872.54820000,60,44.96000000,1720.64720000,0
1788714000000,38.23000000,38.26000000,38.08000000,38.09000000,20.83000000,1788717599999,795.06130000,28,8.64000000,330.38460000,0
1788717600000,38.18000000,38.19000000,38.10000000,38.10000000,3.25000000,1788721199999,123.99720000,7,1.93000000,73.69390000,0
1788721200000,38.10000000,38.17000000,38.10000000,38.13000000,1.92000000,1788724799999,73.21380000,4,0.60000000,22.90200000,0
1788724800000,38.13000000,38.18000000,38.08000000,38.16000000,13.11000000,1788728399999,499.63630000,13,1.13000000,43.14080000,0
1788728400000,38.17000000,38.17000000,38.16000000,38.17000000,6.66000000,1788731999999,254.15570000,32,1.01000000,38.55170000,0
1788732000000,38.17000000,38.27000000,38.17000000,38.23000000,27.03000000,1788735599999,1032.75080000,97,15.34000000,585.80360000,0
1788735600000,38.24000000,38.27000000,38.24000000,38.27000000,6.94000000,1788739199999,265.52470000,35,4.15000000,158.82050000,0
1788739200000,38.26000000,38.28000000,38.20000000,38.20000000,32.46000000,1788742799999,1241.31330000,23,0.42000000,16.07310000,0
1788742800000,38.25000000,38.28000000,38.22000000,38.22000000,42.61000000,1788746399999,1629.27840000,25,13.74000000,525.86700000,0
1788746400000,38.27000000,38.27000000,38.19000000,38.19000000,7.35000000,1788749999999,280.86190000,8,0.17000000,6.50590000,0
1788750000000,38.19000000,38.19000000,38.18000000,38.18000000,2.56000000,1788753599999,97.74990000,4,0.00000000,0.00000000,0
1788753600000,38.20000000,38.20000000,38.17000000,38.17000000,4.24000000,1788757199999,161.85670000,3,0.53000000,20.24600000,0
1788757200000,38.20000000,38.23000000,38.08000000,38.19000000,321.97000000,1788760799999,12282.77330000,99,149.76000000,5721.12950000,0
1788760800000,38.18000000,38.19000000,38.06000000,38.06000000,82.66000000,1788764399999,3152.36830000,71,4.44000000,169.44660000,0
1788764400000,38.07000000,38.19000000,38.03000000,38.18000000,154.52000000,1788767999999,5883.89250000,91,65.73000000,2505.44130000,0
1788768000000,38.14000000,38.14000000,38.02000000,38.03000000,22.98000000,1788771599999,874.29840000,24,1.67000000,63.52860000,0
1788771600000,38.04000000,38.19000000,38.03000000,38.09000000,64.97000000,1788775199999,2475.02730000,51,24.78000000,944.53630000,0
1788775200000,38.16000000,38.18000000,38.16000000,38.18000000,4.06000000,1788778799999,154.95990000,10,4.06000000,154.95990000,0
1788778800000,38.18000000,38.34000000,38.18000000,38.34000000,85.96000000,1788782399999,3289.78630000,60,81.98000000,3137.62900000,0
1788782400000,38.29000000,38.36000000,38.23000000,38.29000000,68.73000000,1788785999999,2631.23070000,58,19.15000000,733.97390000,0
1788786000000,38.28000000,38.29000000,38.08000000,38.12000000,377.12000000,1788789599999,14396.83870000,211,176.39000000,6743.18950000,0
1788789600000,38.11000000,38.18000000,38.04000000,38.12000000,30.42000000,1788793199999,1158.97610000,30,6.83000000,260.49690000,0
1788793200000,38.12000000,38.16000000,38.12000000,38.16000000,9.83000000,1788796799999,374.91690000,8,5.24000000,199.85360000,0
1788796800000,38.18000000,38.18000000,38.15000000,38.16000000,4.05000000,1788800399999,154.57250000,6,1.43000000,54.59740000,0
1788800400000,38.18000000,38.18000000,38.13000000,38.18000000,6.33000000,1788803999999,241.60820000,13,4.68000000,178.67060000,0
1788804000000,38.13000000,38.18000000,38.13000000,38.18000000,4.11000000,1788807599999,156.88230000,6,3.36000000,128.28480000,0
1788807600000,38.17000000,38.18000000,38.17000000,38.18000000,5.32000000,1788811199999,203.07270000,9,0.83000000,31.68940000,0
1788811200000,38.16000000,38.18000000,38.16000000,38.18000000,1.47000000,1788814799999,56.10940000,2,0.71000000,27.10780000,0
1788814800000,38.18000000,38.18000000,38.13000000,38.13000000,10.72000000,1788818399999,408.91200000,11,0.48000000,18.32640000,0
1788818400000,38.08000000,38.18000000,38.08000000,38.18000000,16.59000000,1788821999999,633.23640000,15,15.94000000,608.48440000,0
1788822000000,38.19000000,38.28000000,38.19000000,38.23000000,27.24000000,1788825599999,1041.02820000,25,17.39000000,664.62220000,0
1788825600000,38.22000000,38.25000000,37.98000000,38.00000000,144.75000000,1788829199999,5511.92150000,79,36.04000000,1375.72020000,0
1788829200000,37.98000000,37.99000000,37.75000000,37.75000000,58.96000000,1788832799999,2232.92420000,59,8.57000000,324.85670000,0
1788832800000,37.70000000,37.79000000,37.69000000,37.73000000,18.79000000,1788836399999,709.06810000,34,10.45000000,394.39380000,0
1788836400000,37.79000000,37.85000000,37.60000000,37.60000000,35.62000000,1788839999999,1344.21510000,25,17.40000000,657.52410000,0
1788840000000,37.57000000,37.59000000,37.51000000,37.51000000,24.31000000,1788843599999,913.29720000,16,5.19000000,195.02840000,0
1788843600000,37.51000000,37.90000000,37.50000000,37.90000000,56.43000000,1788847199999,2126.68600000,34,53.12000000,2002.03300000,0
1788847200000,37.99000000,38.28000000,37.99000000,38.07000000,67.53000000,1788850799999,2573.81810000,52,48.79000000,1860.29480000,0
1788850800000,38.06000000,38.27000000,37.98000000,38.27000000,21.70000000,1788854399999,825.55350000,28,11.33000000,431.28720000,0
1788854400000,38.28000000,38.50000000,38.28000000,38.43000000,40.73000000,1788857999999,1562.94490000,60,33.40000000,1281.29220000,0
1788858000000,38.40000000,38.40000000,38.16000000,38.17000000,22.94000000,1788861599999,877.97670000,31,4.38000000,167.53410000,0
1788861600000,38.14000000,38.24000000,38.01000000,38.24000000,6.95000000,1788865199999,264.77960000,31,2.56000000,97.63760000,0
1788865200000,38.13000000,38.28000000,38.13000000,38.20000000,6.34000000,1788868799999,242.00260000,5,0.28000000,10.71700000,0
1788868800000,38.12000000,38.26000000,37.94000000,37.94000000,5.00000000,1788872399999,190.81960000,16,3.29000000,125.80100000,0
1788872400000,37.93000000,38.57000000,37.81000000,38.38000000,27.11000000,1788875999999,1039.76190000,74,16.76000000,642.95900000,0
1788876000000,38.43000000,38.66000000,38.34000000,38.34000000,45.66000000,1788879599999,1760.21420000,76,25.92000000,1000.49230000,0
1788879600000,38.30000000,38.30000000,37.95000000,37.96000000,99.07000000,1788883199999,3768.00010000,67,18.52000000,705.48830000,0
1788883200000,38.08000000,38.18000000,38.08000000,38.18000000,19.54000000,1788886799999,744.48720000,9,1.28000000,48.78120000,0
1788886800000,38.10000000,38.10000000,38.00000000,38.07000000,8.04000000,1788890399999,305.59940000,7,7.76000000,294.94540000,0
1788890400000,38.08000000,38.29000000,38.01000000,38.29000000,33.65000000,1788893999999,1283.24290000,17,31.38000000,1196.93970000,0
1788894000000,38.23000000,38.43000000,38.13000000,38.43000000,14.66000000,1788897599999,560.04940000,28,3.43000000,131.53270000,0
1788897600000,38.43000000,38.43000000,38.43000000,38.43000000,0.00000000,1788901199999,0.00000000,0,0.00000000,0.00000000,0
1788901200000,38.40000000,38.40000000,38.34000000,38.34000000,0.60000000,1788904799999,23.03730000,3,0.43000000,16.51200000,0
1788904800000,38.42000000,38.43000000,38.39000000,38.39000000,10.30000000,1788908399999,395.73450000,8,10.30000000,395.73450000,0
1788908400000,38.37000000,38.37000000,38.32000000,38.37000000,3.00000000,1788911999999,115.00300000,8,2.05000000,78.59300000,0
1788912000000,38.37000000,38.37000000,38.28000000,38.29000000,1.91000000,1788915599999,73.16070000,10,0.52000000,19.92180000,0
1788915600000,38.27000000,38.27000000,38.04000000,38.04000000,7.22000000,1788919199999,275.39580000,32,0.45000000,17.22150000,0
1788919200000,38.04000000,38.16000000,37.93000000,37.98000000,460.12000000,1788922799999,17504.98090000,147,164.69000000,6278.08870000,0
1788922800000,37.98000000,38.14000000,37.97000000,38.13000000,80.70000000,1788926399999,3068.87840000,77,8.55000000,325.55040000,0
1788926400000,38.16000000,38.30000000,38.11000000,38.12000000,22.60000000,1788929999999,864.02670000,29,21.85000000,835.40010000,0
1788930000000,38.11000000,38.25000000,37.97000000,37.97000000,62.48000000,1788933599999,2379.77110000,24,36.29000000,1384.76640000,0
1788933600000,38.01000000,38.06000000,37.99000000,38.06000000,4.49000000,1788937199999,170.76810000,22,2.45000000,93.18540000,0
1788937200000,38.13000000,38.25000000,38.11000000,38.18000000,38.55000000,1788940799999,1472.67810000,36,32.31000000,1234.66580000,0
1788940800000,38.18000000,38.27000000,38.08000000,38.15000000,30.41000000,1788944399999,1161.56680000,26,14.98000000,573.10460000,0
1788944400000,38.24000000,38.79000000,38.20000000,38.79000000,46.57000000,1788947999999,1791.76590000,107,33.02000000,1273.72280000,0
1788948000000,38.81000000,38.97000000,38.70000000,38.93000000,33.13000000,1788951599999,1286.51410000,66,25.99000000,1009.94270000,0
1788951600000,38.93000000,38.93000000,38.72000000,38.82000000,16.13000000,1788955199999,626.24120000,26,3.38000000,131.32660000,0
1788955200000,38.85000000,39.14000000,38.85000000,38.94000000,34.14000000,1788958799999,1331.77740000,100,27.43000000,1070.17690000,0
1788958800000,38.90000000,38.91000000,38.31000000,38.31000000,75.50000000,1788962399999,2922.45700000,116,13.37000000,517.63420000,0
1788962400000,38.27000000,38.52000000,38.16000000,38.37000000,21.85000000,1788965999999,837.64910000,79,13.85000000,531.17280000,0
1788966000000,38.33000000,38.92000000,38.29000000,38.59000000,67.11000000,1788969599999,2597.10360000,134,21.68000000,837.96150000,0
1788969600000,38.68000000,38.81000000,38.60000000,38.63000000,9.46000000,1788973199999,366.16160000,31,6.15000000,238.23580000,0
1788973200000,38.63000000,38.71000000,38.51000000,38.59000000,9.64000000,1788976799999,371.84720000,30,2.63000000,101.64700000,0
1788976800000,38.64000000,38.70000000,38.61000000,38.70000000,3.64000000,1788980399999,140.69850000,13,3.40000000,131.43210000,0
1788980400000,38.70000000,38.78000000,38.65000000,38.68000000,9.40000000,1788983999999,364.03720000,31,6.34000000,245.69390000,0
1788984000000,38.67000000,38.72000000,38.62000000,38.71000000,14.38000000,1788987599999,556.05990000,25,4.72000000,182.67400000,0
1788987600000,38.64000000,38.76000000,38.62000000,38.65000000,17.55000000,1788991199999,679.23740000,28,12.72000000,492.65230000,0
1788991200000,38.64000000,38.79000000,38.64000000,38.68000000,68.24000000,1788994799999,2640.66070000,79,26.96000000,1044.54200000,0
1788994800000,38.74000000,38.75000000,38.68000000,38.68000000,4.57000000,1788998399999,176.93770000,14,2.25000000,87.17560000,0
1788998400000,38.68000000,38.69000000,38.52000000,38.60000000,17.91000000,1789001999999,691.81430000,39,8.77000000,338.99460000,0
1789002000000,38.64000000,38.92000000,38.64000000,38.82000000,18.81000000,1789005599999,729.52870000,66,14.11000000,547.12470000,0
1789005600000,38.81000000,38.96000000,38.75000000,38.78000000,107.32000000,1789009199999,4172.00420000,47,3.81000000,148.18070000,0
1789009200000,38.77000000,38.82000000,38.69000000,38.79000000,24.74000000,1789012799999,958.32200000,37,5.80000000,224.96910000,0
1789012800000,38.79000000,38.79000000,38.64000000,38.69000000,8.77000000,1789016399999,339.56440000,26,2.52000000,97.69440000,0
1789016400000,38.62000000,38.73000000,38.50000000,38.51000000,135.87000000,1789019999999,5249.71730000,72,64.12000000,2481.54030000,0
1789020000000,38.51000000,38.63000000,38.48000000,38.56000000,12.46000000,1789023599999,480.48680000,31,2.78000000,107.30450000,0
1789023600000,38.63000000,38.74000000,38.61000000,38.64000000,3.58000000,1789027199999,138.49840000,21,2.10000000,81.23990000,0
1789027200000,38.74000000,38.82000000,38.67000000,38.78000000,6.97000000,1789030799999,270.14810000,26,5.24000000,203.16030000,0
1789030800000,38.78000000,38.87000000,38.73000000,38.83000000,2.30000000,1789034399999,89.31480000,14,1.28000000,49.73700000,0
1789034400000,38.87000000,38.94000000,38.82000000,38.89000000,8.40000000,1789037999999,326.65500000,30,4.19000000,163.02560000,0
1789038000000,38.91000000,39.34000000,38.91000000,39.34000000,32.69000000,1789041599999,1279.73150000,82,27.81000000,1089.44530000,0
1789041600000,39.31000000,40.19000000,39.31000000,40.19000000,168.44000000,1789045199999,6733.85910000,126,85.96000000,3436.97980000,0
1789045200000,40.20000000,40.28000000,39.64000000,40.12000000,191.19000000,1789048799999,7643.98980000,167,74.89000000,3008.07270000,0
1789048800000,40.09000000,40.09000000,39.38000000,39.42000000,98.61000000,1789052399999,3910.49710000,183,37.66000000,1494.29320000,0
1789052400000,39.49000000,39.60000000,39.34000000,39.56000000,48.23000000,1789055999999,1904.19260000,56,13.02000000,514.79210000,0
1789056000000,39.56000000,39.83000000,39.47000000,39.52000000,35.30000000,1789059599999,1402.62130000,33,16.05000000,636.87750000,0
1789059600000,39.49000000,39.70000000,39.43000000,39.67000000,22.92000000,1789063199999,906.75170000,22,10.65000000,421.00800000,0
1789063200000,39.63000000,39.83000000,39.62000000,39.76000000,5.15000000,1789066799999,204.81940000,11,2.56000000,101.95250000,0
1789066800000,39.72000000,39.89000000,39.72000000,39.78000000,15.77000000,1789070399999,627.92090000,19,8.40000000,334.82730000,0
1789070400000,39.85000000,39.86000000,39.78000000,39.85000000,7.81000000,1789073999999,311.02210000,18,3.53000000,140.67580000,0
1789074000000,39.77000000,39.91000000,39.72000000,39.91000000,15.03000000,1789077599999,598.68770000,18,10.49000000,417.79820000,0
1789077600000,39.93000000,39.95000000,39.78000000,39.95000000,33.86000000,1789081199999,1349.52230000,40,13.08000000,521.54020000,0
1789081200000,39.93000000,40.09000000,39.93000000,40.00000000,8.04000000,1789084799999,321.66580000,22,3.21000000,128.59310000,0
1789084800000,40.07000000,40.21000000,39.86000000,39.86000000,24.83000000,1789088399999,994.52400000,41,14.63000000,586.40540000,0
1789088400000,39.89000000,39.96000000,39.76000000,39.95000000,186.24000000,1789091999999,7423.73290000,169,87.34000000,3484.74050000,0
1789092000000,39.95000000,40.17000000,39.88000000,40.13000000,22.93000000,1789095599999,917.93670000,43,15.76000000,631.56520000,0
1789095600000,40.17000000,40.27000000,40.16000000,40.21000000,11.68000000,1789099199999,469.35150000,21,2.23000000,89.66270000,0
1789099200000,40.21000000,40.21000000,39.91000000,39.91000000,15.92000000,1789102799999,638.36570000,15,1.08000000,43.32980000,0
1789102800000,39.95000000,39.95000000,39.61000000,39.61000000,20.94000000,1789106399999,831.46630000,22,3.13000000,124.71930000,0
1789106400000,39.60000000,39.61000000,39.60000000,39.61000000,22.13000000,1789109999999,876.50520000,15,15.72000000,622.66920000,0
1789110000000,39.60000000,39.60000000,39.37000000,39.48000000,18.84000000,1789113599999,743.47350000,19,2.70000000,106.48710000,0
1789113600000,39.47000000,39.48000000,39.27000000,39.31000000,19.43000000,1789117199999,764.09710000,20,3.95000000,155.47100000,0
1789117200000,39.16000000,39.31000000,39.15000000,39.19000000,6.59000000,1789120799999,258.32830000,10,3.22000000,126.13870000,0
1789120800000,39.12000000,39.18000000,39.06000000,39.14000000,11.48000000,1789124399999,449.48430000,14,7.96000000,311.74960000,0
1789124400000,39.18000000,39.30000000,39.08000000,39.15000000,22.54000000,1789127999999,883.33370000,36,8.10000000,317.63960000,0
1789128000000,39.16000000,39.53000000,38.63000000,38.65000000,95.83000000,1789131599999,3743.86420000,73,42.65000000,1670.55080000,0
1789131600000,38.64000000,39.07000000,38.48000000,38.73000000,82.62000000,1789135199999,3199.82000000,53,47.76000000,1852.15940000,0
1789135200000,38.73000000,39.02000000,38.57000000,38.93000000,70.24000000,1789138799999,2725.41630000,46,41.18000000,1597.09410000,0
1789138800000,38.83000000,38.83000000,38.46000000,38.60000000,16.38000000,1789142399999,631.90750000,22,6.86000000,264.67540000,0
1789142400000,38.60000000,38.79000000,38.51000000,38.73000000,6.65000000,1789145999999,257.01800000,13,5.13000000,198.29070000,0
1789146000000,38.65000000,38.65000000,38.54000000,38.54000000,4.56000000,1789149599999,176.00410000,10,1.74000000,67.17370000,0
1789149600000,38.60000000,38.72000000,38.60000000,38.68000000,7.59000000,1789153199999,293.49330000,11,7.04000000,272.22140000,0
1789153200000,38.72000000,38.79000000,38.72000000,38.79000000,16.51000000,1789156799999,639.79520000,17,15.97000000,618.87560000,0
1789156800000,38.90000000,38.93000000,38.87000000,38.91000000,11.61000000,1789160399999,451.69580000,15,10.82000000,420.97290000,0
1789160400000,38.91000000,38.91000000,38.82000000,38.86000000,12.23000000,1789163999999,475.65100000,15,2.12000000,82.43770000,0
1789164000000,38.88000000,38.88000000,38.83000000,38.85000000,23.63000000,1789167599999,918.01570000,10,22.31000000,866.76010000,0
1789167600000,38.85000000,38.90000000,38.85000000,38.88000000,4.29000000,1789171199999,166.74470000,15,3.17000000,123.22150000,0
1789171200000,38.86000000,38.86000000,38.69000000,38.84000000,57.26000000,1789174799999,2222.04230000,43,26.61000000,1033.30530000,0
1789174800000,38.84000000,38.84000000,38.79000000,38.84000000,33.70000000,1789178399999,1308.73840000,10,32.76000000,1272.27580000,0
1789178400000,38.82000000,38.84000000,38.79000000,38.84000000,5.24000000,1789181999999,203.36710000,15,2.75000000,106.78000000,0
1789182000000,38.84000000,38.86000000,38.83000000,38.84000000,2.99000000,1789185599999,116.15050000,12,2.50000000,97.12380000,0
1789185600000,38.85000000,38.88000000,38.83000000,38.88000000,5.34000000,1789189199999,207.52330000,13,5.07000000,197.03920000,0
1789189200000,38.88000000,38.88000000,38.88000000,38.88000000,4.27000000,1789192799999,166.01760000,12,4.27000000,166.01760000,0
1789192800000,38.84000000,38.88000000,38.83000000,38.87000000,4.69000000,1789196399999,182.25940000,13,4.36000000,169.44550000,0
1789196400000,38.87000000,38.87000000,38.75000000,38.84000000,6.13000000,1789199999999,238.09900000,15,4.13000000,160.46260000,0
1789200000000,38.84000000,38.87000000,38.81000000,38.86000000,10.50000000,1789203599999,407.97220000,18,9.55000000,371.09580000,0
1789203600000,38.82000000,38.86000000,38.81000000,38.86000000,13.07000000,1789207199999,507.46690000,24,2.30000000,89.37800000,0
1789207200000,38.86000000,38.89000000,38.77000000,38.84000000,11.19000000,1789210799999,434.85390000,33,6.10000000,237.15970000,0
1789210800000,38.89000000,38.89000000,38.84000000,38.87000000,3.49000000,1789214399999,135.63920000,9,2.31000000,89.80490000,0
1789214400000,38.87000000,38.87000000,38.85000000,38.86000000,2.92000000,1789217999999,113.47330000,8,2.14000000,83.17030000,0
1789218000000,38.85000000,38.89000000,38.85000000,38.89000000,105.09000000,1789221599999,4085.08190000,21,101.49000000,3945.22190000,0
1789221600000,38.89000000,38.89000000,38.77000000,38.83000000,17.42000000,1789225199999,675.88870000,35,2.32000000,90.15140000,0
1789225200000,38.83000000,38.83000000,38.79000000,38.82000000,4.15000000,1789228799999,161.05510000,9,2.50000000,97.05160000,0
1789228800000,38.82000000,38.84000000,38.79000000,38.83000000,6.30000000,1789232399999,244.47480000,15,2.17000000,84.24660000,0
1789232400000,38.83000000,38.83000000,38.81000000,38.81000000,5.19000000,1789235999999,201.48370000,10,2.99000000,116.10170000,0
1789236000000,38.83000000,38.87000000,38.74000000,38.84000000,5.97000000,1789239599999,231.80760000,26,3.68000000,142.94380000,0
1789239600000,38.84000000,38.89000000,38.80000000,38.89000000,6.84000000,1789243199999,265.72650000,20,6.14000000,238.56070000,0
1789243200000,38.89000000,39.04000000,38.89000000,39.04000000,15.52000000,1789246799999,603.81410000,33,15.25000000,593.31110000,0
1789246800000,39.01000000,39.06000000,38.95000000,39.01000000,17.52000000,1789250399999,683.63140000,24,0.86000000,33.58860000,0
1789250400000,39.00000000,39.03000000,38.95000000,39.01000000,2.96000000,1789253999999,115.40240000,13,0.90000000,35.11180000,0
1789254000000,39.01000000,39.01000000,38.89000000,38.92000000,5.35000000,1789257599999,208.41020000,25,2.81000000,109.52220000,0
1789257600000,38.96000000,39.00000000,38.93000000,38.98000000,9.90000000,1789261199999,385.65890000,11,4.42000000,172.31500000,0
1789261200000,38.96000000,39.07000000,38.93000000,39.03000000,50.93000000,1789264799999,1988.41930000,36,44.98000000,1756.49850000,0
1789264800000,39.07000000,39.15000000,39.03000000,39.15000000,47.29000000,1789268399999,1848.96100000,14,46.04000000,1800.17180000,0
1789268400000,39.13000000,39.21000000,39.04000000,39.21000000,18.52000000,1789271999999,724.97890000,18,16.06000000,628.74340000,0
1789272000000,39.21000000,39.25000000,39.09000000,39.17000000,9.59000000,1789275599999,375.32490000,16,2.21000000,86.66390000,0
1789275600000,39.19000000,39.28000000,39.17000000,39.19000000,6.16000000,1789279199999,241.56240000,14,1.27000000,49.84730000,0
1789279200000,39.23000000,39.37000000,39.23000000,39.37000000,9.05000000,1789282799999,355.82850000,12,8.41000000,330.69610000,0
1789282800000,39.35000000,39.47000000,39.32000000,39.36000000,3.92000000,1789286399999,154.43310000,13,2.28000000,89.89380000,0
1789286400000,39.40000000,39.67000000,39.35000000,39.62000000,35.06000000,1789289999999,1382.91980000,27,9.38000000,371.69680000,0
1789290000000,39.63000000,39.87000000,39.63000000,39.81000000,27.01000000,1789293599999,1074.22530000,33,13.84000000,550.48930000,0
1789293600000,39.78000000,39.79000000,39.69000000,39.79000000,5.21000000,1789297199999,206.90530000,8,0.26000000,10.34540000,0
1789297200000,39.80000000,39.80000000,39.72000000,39.72000000,11.10000000,1789300799999,441.49410000,15,4.75000000,189.04250000,0
1789300800000,39.77000000,39.78000000,39.77000000,39.78000000,7.18000000,1789304399999,285.60450000,15,5.59000000,222.37020000,0
1789304400000,39.79000000,39.81000000,39.57000000,39.65000000,15.84000000,1789307999999,629.63300000,22,1.13000000,44.90430000,0
1789308000000,39.65000000,39.71000000,39.56000000,39.71000000,39.33000000,1789311599999,1559.67950000,32,27.99000000,1110.51000000,0
1789311600000,39.73000000,39.77000000,39.62000000,39.69000000,9.62000000,1789315199999,381.98470000,17,5.51000000,218.99870000,0
1789315200000,39.72000000,39.72000000,39.57000000,39.62000000,7.69000000,1789318799999,304.79080000,12,0.64000000,25.35200000,0
1789318800000,39.63000000,39.68000000,39.63000000,39.66000000,1.71000000,1789322399999,67.81460000,7,0.69000000,27.37340000,0
1789322400000,39.66000000,39.71000000,39.66000000,39.70000000,1.94000000,1789325999999,76.98990000,11,0.43000000,17.07270000,0
1789326000000,39.70000000,39.77000000,39.70000000,39.73000000,2.65000000,1789329599999,105.31230000,11,1.71000000,67.97030000,0
1789329600000,39.73000000,39.76000000,39.66000000,39.71000000,4.74000000,1789333199999,188.31070000,10,2.62000000,104.17120000,0
1789333200000,39.71000000,39.80000000,39.71000000,39.76000000,10.14000000,1789336799999,403.20240000,19,7.00000000,278.40610000,0
1789336800000,39.80000000,40.06000000,39.75000000,39.99000000,65.24000000,1789340399999,2601.76230000,56,35.82000000,1429.08690000,0
1789340400000,40.07000000,40.14000000,39.91000000,40.12000000,83.94000000,1789343999999,3363.11360000,42,57.52000000,2307.04710000,0
1789344000000,40.15000000,40.40000000,40.15000000,40.27000000,154.18000000,1789347599999,6219.65900000,42,14.57000000,586.31650000,0
1789347600000,40.34000000,40.40000000,40.14000000,40.14000000,24.65000000,1789351199999,994.85510000,29,8.42000000,339.89290000,0
1789351200000,40.18000000,40.18000000,40.11000000,40.16000000,70.39000000,1789354799999,2824.01560000,19,1.31000000,52.62440000,0
1789354800000,40.16000000,40.33000000,40.16000000,40.33000000,16.95000000,1789358399999,681.12520000,23,14.72000000,591.48650000,0
1789358400000,40.32000000,40.32000000,40.31000000,40.32000000,46.74000000,1789361999999,1884.54490000,10,0.00000000,0.00000000,0
1789362000000,40.33000000,40.35000000,40.31000000,40.35000000,23.23000000,1789365599999,937.04710000,16,13.62000000,549.49450000,0
1789365600000,40.35000000,40.39000000,40.30000000,40.39000000,23.53000000,1789369199999,949.44700000,24,16.04000000,647.38860000,0
1789369200000,40.50000000,40.74000000,40.50000000,40.74000000,28.01000000,1789372799999,1137.20420000,27,16.00000000,649.63190000,0
1789372800000,40.78000000,40.96000000,40.64000000,40.95000000,54.27000000,1789376399999,2214.84290000,53,33.05000000,1349.56080000,0
1789376400000,40.88000000,41.09000000,40.87000000,41.04000000,24.28000000,1789379999999,994.18020000,24,7.59000000,311.33950000,0
1789380000000,40.99000000,40.99000000,40.68000000,40.68000000,6.07000000,1789383599999,247.96850000,16,0.32000000,13.05760000,0
1789383600000,40.71000000,40.72000000,40.52000000,40.68000000,46.38000000,1789387199999,1883.51280000,26,6.88000000,279.97780000,0
1789387200000,40.72000000,41.00000000,40.72000000,40.92000000,22.45000000,1789390799999,916.42600000,19,17.09000000,697.32690000,0
1789390800000,40.98000000,41.03000000,40.34000000,40.34000000,31.33000000,1789394399999,1269.45810000,30,8.86000000,361.10020000,0
1789394400000,40.31000000,40.57000000,40.07000000,40.47000000,69.44000000,1789397999999,2796.62780000,37,57.28000000,2307.94030000,0
1789398000000,40.34000000,40.45000000,39.62000000,39.74000000,14.31000000,1789401599999,572.80440000,25,7.32000000,291.57790000,0
1789401600000,39.79000000,39.81000000,39.51000000,39.52000000,66.09000000,1789405199999,2618.73060000,35,10.61000000,420.46340000,0
1789405200000,39.52000000,39.52000000,39.24000000,39.24000000,45.88000000,1789408799999,1806.30810000,24,11.20000000,441.96850000,0
1789408800000,39.29000000,39.42000000,39.29000000,39.42000000,5.10000000,1789412399999,200.57680000,13,4.41000000,173.44260000,0
1789412400000,39.43000000,39.79000000,39.43000000,39.79000000,5.01000000,1789415999999,198.20540000,15,1.97000000,78.01040000,0
1789416000000,39.79000000,39.82000000,39.63000000,39.63000000,17.11000000,1789419599999,680.47710000,27,14.40000000,572.87070000,0
1789419600000,39.63000000,39.75000000,39.62000000,39.68000000,7.58000000,1789423199999,300.61700000,13,3.10000000,123.04110000,0
1789423200000,39.67000000,39.77000000,39.67000000,39.77000000,10.15000000,1789426799999,403.22970000,9,2.65000000,105.38460000,0
1789426800000,39.72000000,39.77000000,39.71000000,39.74000000,4.95000000,1789430399999,196.72490000,8,0.85000000,33.79470000,0
1789430400000,39.74000000,39.78000000,39.68000000,39.68000000,4.99000000,1789433999999,198.30820000,6,4.99000000,198.30820000,0
1789434000000,39.76000000,39.84000000,39.63000000,39.84000000,14.21000000,1789437599999,565.80700000,11,9.23000000,367.55360000,0
1789437600000,39.73000000,39.76000000,39.73000000,39.76000000,1.22000000,1789441199999,48.49700000,3,0.00000000,0.00000000,0
1789441200000,39.77000000,39.82000000,39.77000000,39.81000000,2.14000000,1789444799999,85.16160000,7,0.51000000,20.29570000,0
1789444800000,39.98000000,40.15000000,39.92000000,40.09000000,4.64000000,1789448399999,185.79530000,10,1.10000000,44.10890000,0
1789448400000,40.20000000,40.38000000,40.06000000,40.06000000,17.42000000,1789451999999,700.17420000,15,11.88000000,477.94340000,0
1789452000000,40.09000000,40.21000000,40.09000000,40.18000000,4.10000000,1789455599999,164.56820000,7,2.46000000,98.66820000,0
1789455600000,40.15000000,40.37000000,40.15000000,40.37000000,6.40000000,1789459199999,257.55680000,11,2.25000000,90.48390000,0
1789459200000,40.47000000,40.58000000,40.43000000,40.49000000,21.98000000,1789462799999,890.69570000,16,8.45000000,342.24400000,0
1789462800000,40.62000000,40.68000000,40.52000000,40.52000000,3.80000000,1789466399999,154.20180000,5,2.40000000,97.47380000,0
1789466400000,40.26000000,40.28000000,40.17000000,40.17000000,1.81000000,1789469999999,72.75210000,5,1.81000000,72.75210000,0
1789470000000,40.01000000,40.08000000,39.91000000,39.95000000,15.75000000,1789473599999,630.24320000,22,13.30000000,532.23390000,0
1789473600000,39.97000000,40.00000000,39.70000000,39.72000000,27.42000000,1789477199999,1092.26300000,19,18.44000000,733.34200000,0
1789477200000,39.93000000,40.01000000,39.87000000,39.91000000,40.86000000,1789480799999,1630.66040000,23,27.52000000,1098.65340000,0
1789480800000,39.90000000,40.72000000,39.90000000,40.65000000,31.16000000,1789484399999,1255.41930000,28,18.39000000,742.97480000,0
1789484400000,40.58000000,40.64000000,40.45000000,40.52000000,13.44000000,1789487999999,545.10020000,12,10.55000000,428.00490000,0
1789488000000,40.47000000,40.66000000,40.45000000,40.49000000,1.29000000,1789491599999,52.30920000,5,0.74000000,30.05330000,0
1789491600000,40.55000000,40.63000000,40.53000000,40.58000000,9.26000000,1789495199999,375.73080000,12,4.78000000,194.03220000,0
1789495200000,40.58000000,40.69000000,40.49000000,40.64000000,13.98000000,1789498799999,567.15870000,24,7.52000000,305.06350000,0
1789498800000,40.60000000,40.72000000,40.60000000,40.71000000,8.07000000,1789502399999,328.00900000,13,1.42000000,57.75320000,0
1789502400000,40.60000000,40.60000000,40.47000000,40.53000000,3.44000000,1789505999999,139.53080000,6,1.24000000,50.24460000,0
1789506000000,40.49000000,40.57000000,40.48000000,40.56000000,4.52000000,1789509599999,183.25160000,8,2.59000000,105.01470000,0
1789509600000,40.60000000,40.63000000,40.47000000,40.47000000,6.85000000,1789513199999,277.82980000,16,2.54000000,103.08590000,0
1789513200000,40.49000000,40.54000000,40.49000000,40.49000000,4.95000000,1789516799999,200.55840000,7,2.96000000,119.97370000,0
1789516800000,40.54000000,40.58000000,40.49000000,40.49000000,38.08000000,1789520399999,1544.47190000,14,35.42000000,1436.69930000,0
1789520400000,40.55000000,40.70000000,40.46000000,40.70000000,19.09000000,1789523999999,774.25630000,20,8.33000000,337.84160000,0
1789524000000,40.67000000,40.70000000,40.50000000,40.50000000,11.83000000,1789527599999,480.85090000,21,8.57000000,348.54230000,0
1789527600000,40.50000000,40.50000000,40.26000000,40.26000000,34.94000000,1789531199999,1408.64260000,18,33.26000000,1340.78660000,0
1789531200000,40.31000000,40.41000000,40.30000000,40.38000000,2.90000000,1789534799999,116.97810000,9,1.54000000,62.12290000,0
1789534800000,40.44000000,40.46000000,40.31000000,40.32000000,15.35000000,1789538399999,619.55360000,8,0.39000000,15.76380000,0
1789538400000,40.23000000,40.26000000,40.17000000,40.19000000,20.83000000,1789541999999,837.09840000,10,6.39000000,256.89910000,0
1789542000000,40.20000000,40.20000000,40.03000000,40.17000000,5.00000000,1789545599999,200.32560000,5,1.88000000,75.42000000,0
1789545600000,40.18000000,40.30000000,40.11000000,40.13000000,7.76000000,1789549199999,311.76710000,18,1.38000000,55.50300000,0
1789549200000,40.16000000,40.29000000,40.12000000,40.13000000,54.89000000,1789552799999,2206.53730000,15,2.91000000,116.88410000,0
1789552800000,40.13000000,40.15000000,40.08000000,40.15000000,12.92000000,1789556399999,518.27350000,16,4.92000000,197.48300000,0
1789556400000,40.08000000,40.15000000,39.99000000,40.03000000,20.23000000,1789559999999,809.97270000,18,18.16000000,727.03380000,0
1789560000000,39.99000000,40.07000000,39.90000000,40.02000000,16.44000000,1789563599999,656.87680000,25,3.91000000,156.49530000,0
1789563600000,40.05000000,40.12000000,39.72000000,39.73000000,16.69000000,1789567199999,667.00900000,72,8.30000000,332.01720000,0
1789567200000,39.73000000,39.92000000,39.70000000,39.70000000,19.10000000,1789570799999,760.35320000,40,13.96000000,555.84130000,0
1789570800000,39.62000000,39.67000000,39.47000000,39.54000000,13.61000000,1789574399999,538.57840000,21,4.70000000,186.25490000,0
1789574400000,39.54000000,39.71000000,39.54000000,39.69000000,2.25000000,1789577999999,89.20790000,12,0.88000000,34.85910000,0
1789578000000,39.73000000,39.94000000,39.73000000,39.77000000,19.24000000,1789581599999,766.48100000,28,15.93000000,634.77970000,0
1789581600000,39.80000000,40.70000000,39.52000000,40.67000000,147.75000000,1789585199999,5910.10930000,117,108.02000000,4327.48720000,0
1789585200000,40.75000000,41.49000000,40.47000000,40.70000000,82.64000000,1789588799999,3397.34710000,83,55.45000000,2283.39240000,0
1789588800000,40.67000000,40.68000000,40.56000000,40.56000000,10.27000000,1789592399999,417.25770000,13,7.25000000,294.71610000,0
1789592400000,40.62000000,40.64000000,40.53000000,40.54000000,5.86000000,1789595999999,237.78430000,11,3.09000000,125.49800000,0
1789596000000,40.55000000,40.55000000,40.24000000,40.24000000,6.74000000,1789599599999,271.97890000,10,6.02000000,242.85730000,0
1789599600000,40.27000000,40.27000000,39.89000000,39.89000000,6.54000000,1789603199999,261.95860000,18,3.84000000,153.74690000,0
1789603200000,39.90000000,39.99000000,39.76000000,39.83000000,26.44000000,1789606799999,1054.58800000,30,8.51000000,339.44800000,0
1789606800000,39.83000000,39.92000000,39.83000000,39.92000000,3.33000000,1789610399999,132.70920000,9,2.83000000,112.79420000,0
1789610400000,39.98000000,39.98000000,39.84000000,39.94000000,18.02000000,1789613999999,718.93540000,10,17.84000000,711.76420000,0
1789614000000,39.98000000,39.98000000,39.84000000,39.84000000,7.94000000,1789617599999,316.61980000,11,5.29000000,211.04380000,0
1789617600000,39.84000000,39.84000000,39.79000000,39.79000000,3.14000000,1789621199999,125.04260000,6,2.64000000,105.12760000,0
1789621200000,39.87000000,40.08000000,39.87000000,40.08000000,2.63000000,1789624799999,105.21420000,10,2.38000000,95.22920000,0
1789624800000,40.14000000,40.18000000,39.78000000,39.78000000,18.17000000,1789628399999,726.89520000,24,11.83000000,472.68560000,0
1789628400000,39.78000000,39.79000000,39.37000000,39.54000000,15.97000000,1789631999999,631.36970000,31,7.57000000,299.53990000,0
1789632000000,39.57000000,39.65000000,39.37000000,39.39000000,59.74000000,1789635599999,2362.97720000,38,46.45000000,1838.87920000,0
1789635600000,39.42000000,39.42000000,39.29000000,39.41000000,17.00000000,1789639199999,669.24570000,28,11.09000000,436.83590000,0
1789639200000,39.38000000,39.38000000,39.32000000,39.33000000,5.61000000,1789642799999,220.68520000,12,5.11000000,201.01020000,0
1789642800000,39.34000000,39.37000000,39.25000000,39.30000000,9.18000000,1789646399999,361.16480000,18,7.38000000,290.38030000,0
1789646400000,39.18000000,39.21000000,38.56000000,38.74000000,65.44000000,1789649999999,2533.62170000,53,20.90000000,810.95800000,0
1789650000000,38.74000000,39.10000000,38.66000000,38.88000000,736.59000000,1789653599999,28629.43620000,71,182.91000000,7101.77330000,0
1789653600000,38.89000000,38.97000000,38.58000000,38.86000000,150.40000000,1789657199999,5838.11950000,326,33.96000000,1317.90050000,0
1789657200000,38.85000000,38.89000000,38.80000000,38.80000000,20.53000000,1789660799999,798.23410000,42,15.54000000,604.29450000,0
1789660800000,38.77000000,38.77000000,38.62000000,38.69000000,69.17000000,1789664399999,2674.33710000,57,49.14000000,1900.51430000,0
1789664400000,38.68000000,38.69000000,38.68000000,38.68000000,7.03000000,1789667999999,271.93020000,19,7.03000000,271.93020000,0
1789668000000,38.68000000,38.74000000,38.63000000,38.72000000,9.99000000,1789671599999,386.46690000,23,8.85000000,342.41870000,0
1789671600000,38.72000000,38.72000000,38.61000000,38.62000000,12.68000000,1789675199999,489.92760000,21,11.45000000,442.41100000,0
1789675200000,38.62000000,38.68000000,38.61000000,38.65000000,20.19000000,1789678799999,780.63030000,25,19.75000000,763.64190000,0
1789678800000,38.66000000,38.66000000,38.59000000,38.61000000,6.76000000,1789682399999,261.02160000,20,2.76000000,106.62120000,0
1789682400000,38.63000000,38.81000000,38.63000000,38.81000000,10.42000000,1789685999999,403.68170000,21,5.39000000,208.77410000,0
1789686000000,38.79000000,38.79000000,38.66000000,38.75000000,8.12000000,1789689599999,314.54130000,22,4.39000000,170.18680000,0
1789689600000,38.78000000,38.87000000,38.71000000,38.87000000,88.52000000,1789693199999,3430.73480000,28,72.81000000,2822.45090000,0
1789693200000,38.88000000,38.93000000,38.79000000,38.79000000,29.65000000,1789696799999,1150.75470000,21,4.28000000,166.42960000,0
1789696800000,38.83000000,38.88000000,38.72000000,38.79000000,3.38000000,1789700399999,131.14460000,12,2.61000000,101.28480000,0
1789700400000,38.78000000,38.78000000,38.56000000,38.56000000,16.00000000,1789703999999,618.35930000,35,8.99000000,347.73140000,0
1789704000000,38.56000000,38.56000000,38.41000000,38.42000000,41.20000000,1789707599999,1584.14300000,40,20.14000000,774.89510000,0
1789707600000,38.42000000,38.42000000,38.17000000,38.20000000,18.03000000,1789711199999,689.76590000,27,8.33000000,318.96090000,0
1789711200000,38.20000000,38.20000000,37.89000000,37.90000000,2019.82000000,1789714799999,76832.96500000,147,779.70000000,29688.14100000,0
1789714800000,37.89000000,37.90000000,37.71000000,37.85000000,881.53000000,1789718399999,33331.71310000,120,18.83000000,712.04860000,0
1789718400000,37.84000000,37.99000000,37.80000000,37.97000000,102.55000000,1789721999999,3888.73420000,63,61.44000000,2333.15380000,0
1789722000000,37.98000000,38.14000000,37.98000000,38.14000000,35.18000000,1789725599999,1338.28540000,38,9.15000000,348.61420000,0
1789725600000,38.14000000,38.18000000,37.96000000,38.07000000,91.60000000,1789729199999,3481.98880000,53,74.30000000,2823.83290000,0
1789729200000,38.11000000,38.24000000,38.02000000,38.24000000,83.15000000,1789732799999,3174.83330000,42,6.89000000,262.74990000,0
1789732800000,38.23000000,38.40000000,38.19000000,38.40000000,40.88000000,1789736399999,1567.41420000,42,31.08000000,1191.60470000,0
1789736400000,38.39000000,38.43000000,38.17000000,38.37000000,104.24000000,1789739999999,3987.38690000,29,2.39000000,91.73380000,0
1789740000000,38.40000000,38.69000000,38.40000000,38.54000000,28.47000000,1789743599999,1097.59710000,77,24.20000000,932.93000000,0
1789743600000,38.56000000,38.68000000,38.45000000,38.68000000,34.45000000,1789747199999,1330.49510000,34,30.02000000,1159.97710000,0
1789747200000,38.69000000,38.81000000,38.63000000,38.63000000,21.52000000,1789750799999,832.84110000,45,17.40000000,673.46380000,0
1789750800000,38.62000000,38.64000000,38.48000000,38.48000000,20.62000000,1789754399999,795.64440000,37,5.46000000,210.81230000,0
1789754400000,38.51000000,38.51000000,38.14000000,38.18000000,108.43000000,1789757999999,4149.80110000,59,29.72000000,1135.42520000,0
1789758000000,38.18000000,38.26000000,37.88000000,37.93000000,32.62000000,1789761599999,1240.56990000,75,18.08000000,687.03230000,0
1789761600000,37.93000000,37.93000000,37.60000000,37.73000000,109.92000000,1789765199999,4149.58730000,59,65.61000000,2477.97900000,0
1789765200000,37.78000000,37.78000000,37.72000000,37.76000000,7.99000000,1789768799999,301.71450000,26,6.15000000,232.27040000,0
1789768800000,37.76000000,37.76000000,37.75000000,37.75000000,41.11000000,1789772399999,1552.28920000,10,38.67000000,1460.17920000,0
1789772400000,37.75000000,37.82000000,37.75000000,37.82000000,92.61000000,1789775999999,3501.13640000,21,90.84000000,3434.31890000,0
1789776000000,37.87000000,37.87000000,37.75000000,37.86000000,22.65000000,1789779599999,856.77510000,20,17.23000000,651.91770000,0
1789779600000,37.85000000,37.90000000,37.77000000,37.83000000,30.67000000,1789783199999,1161.36230000,25,12.77000000,483.68320000,0
1789783200000,37.90000000,37.92000000,37.82000000,37.92000000,9.64000000,1789786799999,365.30060000,21,7.76000000,294.13060000,0
1789786800000,37.92000000,37.92000000,37.87000000,37.87000000,20.31000000,1789790399999,769.80740000,20,3.39000000,128.54880000,0
1789790400000,37.92000000,38.02000000,37.85000000,38.02000000,90.95000000,1789793999999,3453.62850000,42,80.06000000,3041.14070000,0
1789794000000,38.02000000,38.03000000,37.91000000,37.93000000,11.33000000,1789797599999,430.21030000,19,5.14000000,195.41420000,0
1789797600000,37.93000000,38.06000000,37.91000000,38.05000000,8.65000000,1789801199999,328.45850000,19,2.82000000,107.27350000,0
1789801200000,38.02000000,38.05000000,37.93000000,38.05000000,21.55000000,1789804799999,819.21780000,17,17.49000000,665.19410000,0
1789804800000,38.06000000,38.09000000,37.94000000,38.07000000,24.54000000,1789808399999,931.80600000,20,4.60000000,175.09350000,0
1789808400000,38.07000000,38.10000000,38.00000000,38.10000000,13.74000000,1789811999999,523.30670000,18,12.47000000,475.04150000,0
1789812000000,38.11000000,38.11000000,38.02000000,38.09000000,11.49000000,1789815599999,437.55770000,14,9.83000000,374.44450000,0
1789815600000,38.09000000,38.13000000,38.00000000,38.10000000,9.99000000,1789819199999,380.41800000,22,7.37000000,280.84780000,0
1789819200000,38.10000000,38.11000000,38.02000000,38.10000000,23.62000000,1789822799999,899.82030000,13,22.41000000,853.81170000,0
1789822800000,38.07000000,38.09000000,38.04000000,38.09000000,5.77000000,1789826399999,219.63050000,13,3.66000000,139.36610000,0
1789826400000,38.02000000,38.09000000,37.94000000,38.06000000,91.70000000,1789829999999,3480.09800000,18,0.54000000,20.56080000,0
1789830000000,38.06000000,38.06000000,38.01000000,38.04000000,7.93000000,1789833599999,301.61850000,13,4.39000000,167.06310000,0
1789833600000,38.04000000,38.06000000,38.01000000,38.03000000,14.10000000,1789837199999,536.36650000,21,10.99000000,418.15070000,0
1789837200000,38.05000000,38.05000000,38.01000000,38.03000000,6.66000000,1789840799999,253.21560000,14,2.14000000,81.41040000,0
1789840800000,38.02000000,38.02000000,38.01000000,38.02000000,5.77000000,1789844399999,219.36260000,15,4.49000000,170.70980000,0
1789844400000,38.02000000,38.02000000,38.01000000,38.02000000,15.56000000,1789847999999,591.46330000,18,2.77000000,105.31540000,0
1789848000000,38.02000000,38.02000000,38.01000000,38.01000000,2.36000000,1789851599999,89.71360000,4,1.00000000,38.02000000,0
1789851600000,38.02000000,38.02000000,38.01000000,38.01000000,5.74000000,1789855199999,218.19400000,11,1.66000000,63.11320000,0
1789855200000,38.02000000,38.02000000,38.01000000,38.02000000,3.68000000,1789858799999,139.89830000,8,2.15000000,81.74300000,0
1789858800000,38.02000000,38.02000000,37.88000000,37.91000000,21.90000000,1789862399999,831.87970000,34,1.33000000,50.55960000,0
1789862400000,37.98000000,38.00000000,37.90000000,37.98000000,5.94000000,1789865999999,225.26990000,11,1.47000000,55.84820000,0
1789866000000,37.96000000,37.96000000,37.90000000,37.90000000,5.76000000,1789869599999,218.45320000,12,2.76000000,104.75320000,0
1789869600000,37.94000000,38.16000000,37.90000000,38.16000000,88.99000000,1789873199999,3385.54440000,75,86.51000000,3291.55240000,0
1789873200000,38.18000000,38.26000000,38.12000000,38.20000000,80.51000000,1789876799999,3072.92660000,37,25.35000000,969.69920000,0
1789876800000,38.20000000,38.23000000,38.13000000,38.16000000,7.65000000,1789880399999,292.19940000,13,5.59000000,213.63900000,0
1789880400000,38.23000000,38.25000000,38.17000000,38.17000000,6.81000000,1789883999999,260.30410000,9,5.53000000,211.44650000,0
1789884000000,38.25000000,38.26000000,38.10000000,38.10000000,48.41000000,1789887599999,1847.73690000,27,13.86000000,530.24320000,0
1789887600000,38.23000000,38.26000000,38.11000000,38.16000000,11.79000000,1789891199999,450.29910000,20,7.17000000,274.11000000,0
1789891200000,38.25000000,38.29000000,38.16000000,38.29000000,14.67000000,1789894799999,561.08790000,22,12.51000000,478.65590000,0
1789894800000,38.30000000,38.31000000,38.21000000,38.29000000,8.15000000,1789898399999,311.62870000,18,2.50000000,95.74220000,0
1789898400000,38.29000000,38.29000000,38.15000000,38.25000000,24.46000000,1789901999999,934.26330000,22,2.52000000,96.46040000,0
1789902000000,38.25000000,38.25000000,38.18000000,38.19000000,8.36000000,1789905599999,319.42800000,19,2.81000000,107.48250000,0
1789905600000,38.25000000,38.26000000,38.16000000,38.25000000,3.93000000,1789909199999,150.25900000,8,2.96000000,113.22850000,0
1789909200000,38.25000000,38.25000000,38.20000000,38.21000000,7.36000000,1789912799999,281.24290000,18,1.74000000,66.52380000,0
1789912800000,38.21000000,38.21000000,38.14000000,38.17000000,25.52000000,1789916399999,974.34220000,44,13.30000000,508.02360000,0
1789916400000,38.17000000,38.17000000,38.09000000,38.09000000,85.78000000,1789919999999,3268.88250000,19,4.49000000,171.38330000,0
1789920000000,38.17000000,38.17000000,38.10000000,38.11000000,13.89000000,1789923599999,529.42630000,23,6.35000000,242.11330000,0
1789923600000,38.11000000,38.11000000,38.10000000,38.11000000,4.53000000,1789927199999,172.61230000,13,1.93000000,73.55230000,0
1789927200000,38.11000000,38.11000000,38.10000000,38.11000000,3.13000000,1789930799999,119.27030000,6,1.73000000,65.93030000,0
1789930800000,38.11000000,38.11000000,38.10000000,38.11000000,6.29000000,1789934399999,239.69790000,14,4.89000000,186.35790000,0
1789934400000,38.11000000,38.11000000,38.10000000,38.11000000,4.33000000,1789937999999,165.00660000,9,3.36000000,128.04960000,0
1789938000000,38.11000000,38.13000000,38.10000000,38.13000000,21.04000000,1789941599999,801.86470000,29,19.66000000,749.28670000,0
1789941600000,38.11000000,38.11000000,38.00000000,38.01000000,30.02000000,1789945199999,1143.36280000,27,5.08000000,193.36280000,0
1789945200000,38.01000000,38.01000000,38.00000000,38.01000000,5.66000000,1789948799999,215.12280000,13,4.28000000,162.68280000,0
1789948800000,38.01000000,38.01000000,38.00000000,38.01000000,38.51000000,1789952399999,1463.55520000,31,17.52000000,665.93520000,0
1789952400000,38.00000000,38.01000000,37.30000000,37.31000000,290.06000000,1789955999999,10932.70370000,135,92.99000000,3504.86260000,0
1789956000000,37.33000000,37.34000000,37.30000000,37.31000000,64.05000000,1789959599999,2390.72830000,38,47.80000000,1784.60330000,0
1789959600000,37.31000000,37.31000000,37.30000000,37.30000000,16.32000000,1789963199999,608.83190000,24,9.59000000,357.80290000,0
1789963200000,37.31000000,37.31000000,37.30000000,37.30000000,20.80000000,1789966799999,775.89950000,22,5.95000000,221.99450000,0
1789966800000,37.23000000,37.27000000,37.22000000,37.25000000,48.95000000,1789970399999,1823.00190000,95,27.73000000,1032.74410000,0
1789970400000,37.25000000,37.26000000,37.05000000,37.08000000,87.08000000,1789973999999,3238.92510000,50,37.99000000,1415.09160000,0
1789974000000,37.08000000,37.08000000,36.90000000,36.93000000,192.04000000,1789977599999,7115.88450000,46,135.68000000,5030.74290000,0
1789977600000,36.93000000,36.93000000,36.75000000,36.82000000,178.54000000,1789981199999,6575.76320000,63,67.70000000,2497.32160000,0
1789981200000,36.83000000,36.83000000,36.67000000,36.68000000,112.47000000,1789984799999,4131.70390000,53,41.76000000,1532.68520000,0
1789984800000,36.68000000,36.68000000,36.67000000,36.68000000,32.06000000,1789988399999,1175.90200000,33,26.18000000,960.28240000,0
1789988400000,36.68000000,36.73000000,36.67000000,36.71000000,158.75000000,1789991999999,5826.40350000,38,141.09000000,5178.21930000,0
1789992000000,36.71000000,36.72000000,36.57000000,36.72000000,112.99000000,1789995599999,4145.08490000,57,93.38000000,3426.02780000,0
1789995600000,36.72000000,36.72000000,36.22000000,36.22000000,98.38000000,1789999199999,3598.08040000,87,34.32000000,1253.61720000,0
1789999200000,36.21000000,36.21000000,35.48000000,35.48000000,2418.67000000,1790002799999,86332.81050000,217,1697.79000000,60698.98390000,0
1790002800000,35.49000000,35.52000000,35.16000000,35.27000000,609.67000000,1790006399999,21564.69460000,168,289.26000000,10239.17850000,0
1790006400000,35.29000000,35.29000000,35.00000000,35.03000000,146.66000000,1790009999999,5154.85140000,127,29.83000000,1048.50420000,0
1790010000000,35.01000000,35.07000000,34.86000000,34.90000000,277.30000000,1790013599999,9709.22470000,68,207.65000000,7275.40160000,0
1790013600000,34.89000000,34.89000000,34.74000000,34.74000000,119.52000000,1790017199999,4157.04200000,55,89.18000000,3101.32560000,0
1790017200000,34.75000000,34.75000000,34.65000000,34.65000000,52.81000000,1790020799999,1832.16740000,46,30.10000000,1044.11160000,0
1790020800000,34.65000000,34.71000000,34.61000000,34.64000000,253.96000000,1790024399999,8804.02220000,132,222.60000000,7717.79440000,0
1790024400000,34.64000000,34.66000000,34.60000000,34.64000000,114.90000000,1790027999999,3980.84560000,88,101.68000000,3523.22620000,0
1790028000000,34.65000000,34.65000000,34.47000000,34.49000000,211.50000000,1790031599999,7300.04110000,58,45.22000000,1562.32290000,0
1790031600000,34.49000000,34.49000000,34.40000000,34.40000000,128.93000000,1790035199999,4440.30190000,38,80.17000000,2759.79490000,0
1790035200000,34.41000000,34.41000000,34.18000000,34.25000000,144.96000000,1790038799999,4971.81780000,55,104.75000000,3593.06730000,0
1790038800000,34.27000000,34.35000000,34.24000000,34.31000000,35.33000000,1790042399999,1212.07180000,28,26.87000000,921.87880000,0
1790042400000,34.30000000,34.37000000,34.25000000,34.28000000,53.09000000,1790045999999,1822.41090000,27,40.28000000,1383.02130000,0
1790046000000,34.28000000,34.33000000,34.27000000,34.33000000,13.96000000,1790049599999,478.71640000,12,12.84000000,440.33400000,0
1790049600000,34.34000000,34.54000000,34.33000000,34.51000000,88.12000000,1790053199999,3034.35360000,63,79.02000000,2721.47430000,0
1790053200000,34.55000000,34.62000000,34.49000000,34.50000000,61.60000000,1790056799999,2127.14080000,32,25.39000000,877.35960000,0
1790056800000,34.54000000,34.67000000,34.51000000,34.59000000,168.07000000,1790060399999,5817.84240000,41,11.83000000,409.52780000,0
1790060400000,34.62000000,34.70000000,34.62000000,34.68000000,113.57000000,1790063999999,3934.75140000,38,74.97000000,2598.02410000,0
1790064000000,34.69000000,35.00000000,34.66000000,34.66000000,97.07000000,1790067599999,3376.82510000,123,69.92000000,2432.60040000,0
1790067600000,34.66000000,34.72000000,34.45000000,34.45000000,158.70000000,1790071199999,5493.41580000,110,43.94000000,1522.52920000,0
1790071200000,34.48000000,34.57000000,34.38000000,34.48000000,91.60000000,1790074799999,3159.38130000,57,56.37000000,1944.99950000,0
1790074800000,34.50000000,34.61000000,34.49000000,34.57000000,47.07000000,1790078399999,1626.92020000,46,15.25000000,527.06640000,0
1790078400000,34.57000000,34.69000000,34.56000000,34.66000000,1078.21000000,1790081999999,37377.60170000,65,950.88000000,32969.28450000,0
1790082000000,34.66000000,34.66000000,34.12000000,34.22000000,373.12000000,1790085599999,12789.90580000,103,104.20000000,3570.67740000,0
1790085600000,34.22000000,34.23000000,33.91000000,34.16000000,263.63000000,1790089199999,8976.09550000,84,93.75000000,3201.71500000,0
1790089200000,34.17000000,34.18000000,34.04000000,34.17000000,285.37000000,1790092799999,9741.20980000,159,32.61000000,1113.29080000,0
1790092800000,34.17000000,34.20000000,34.07000000,34.07000000,204.99000000,1790096399999,6996.91760000,167,78.55000000,2681.38700000,0
1790096400000,34.07000000,34.10000000,33.91000000,33.95000000,88.91000000,1790099999999,3025.06900000,117,34.83000000,1186.57720000,0
1790100000000,33.95000000,33.97000000,33.84000000,33.96000000,43.69000000,1790103599999,1482.80940000,46,21.36000000,725.23440000,0
1790103600000,33.96000000,33.96000000,33.63000000,33.66000000,155.54000000,1790107199999,5246.29040000,27,35.36000000,1198.20740000,0
1790107200000,33.79000000,33.86000000,33.75000000,33.86000000,6.85000000,1790110799999,231.50580000,24,4.64000000,156.83510000,0
1790110800000,33.86000000,33.88000000,33.82000000,33.88000000,8.14000000,1790114399999,275.62280000,14,6.52000000,220.79270000,0
1790114400000,33.83000000,33.83000000,33.67000000,33.74000000,61.23000000,1790117999999,2068.58160000,26,5.65000000,190.82480000,0
1790118000000,33.74000000,33.74000000,33.51000000,33.67000000,26.80000000,1790121599999,901.98040000,23,7.70000000,259.43840000,0
1790121600000,33.58000000,33.58000000,33.20000000,33.43000000,1104.71000000,1790125199999,36729.14950000,97,368.27000000,12240.14630000,0
1790125200000,33.39000000,33.41000000,33.21000000,33.38000000,81.26000000,1790128799999,2707.05890000,41,11.88000000,395.47860000,0
1790128800000,33.40000000,33.46000000,33.31000000,33.41000000,43.99000000,1790132399999,1471.22450000,19,41.05000000,1373.03750000,0
1790132400000,33.33000000,33.44000000,33.31000000,33.37000000,15.94000000,1790135999999,531.69740000,17,9.95000000,331.86030000,0
1790136000000,33.40000000,33.40000000,33.23000000,33.23000000,33.84000000,1790139599999,1127.32000000,21,20.18000000,672.60420000,0
1790139600000,33.24000000,33.37000000,33.23000000,33.33000000,25.43000000,1790143199999,846.89060000,56,19.82000000,660.30940000,0
1790143200000,33.33000000,33.33000000,33.16000000,33.17000000,26.58000000,1790146799999,882.89350000,39,10.58000000,351.46210000,0
1790146800000,33.25000000,33.30000000,33.20000000,33.30000000,12.16000000,1790150399999,404.44480000,15,7.17000000,238.59680000,0
1790150400000,33.29000000,33.37000000,33.24000000,33.36000000,383.61000000,1790153999999,12777.97860000,53,361.50000000,12041.81450000,0
1790154000000,33.35000000,33.37000000,33.30000000,33.32000000,224.11000000,1790157599999,7472.58070000,32,140.26000000,4677.85070000,0
1790157600000,33.32000000,33.33000000,33.29000000,33.31000000,15.64000000,1790161199999,520.96680000,25,3.85000000,128.27340000,0
1790161200000,33.31000000,33.59000000,33.31000000,33.56000000,33.57000000,1790164799999,1123.47980000,63,21.01000000,702.17790000,0
1790164800000,33.55000000,33.64000000,33.54000000,33.56000000,986.25000000,1790168399999,33117.18940000,108,48.05000000,1614.36150000,0
1790168400000,33.52000000,33.92000000,33.49000000,33.89000000,206.61000000,1790171999999,6964.16240000,89,138.25000000,4662.67880000,0
1790172000000,33.89000000,34.50000000,33.80000000,33.99000000,583.34000000,1790175599999,19946.50420000,242,182.10000000,6219.88700000,0
1790175600000,34.01000000,34.21000000,33.97000000,34.21000000,129.74000000,1790179199999,4425.95700000,59,101.68000000,3468.85130000,0
1790179200000,34.21000000,34.38000000,34.20000000,34.37000000,271.83000000,1790182799999,9315.45250000,79,222.24000000,7617.27140000,0
1790182800000,34.38000000,34.43000000,34.15000000,34.15000000,154.36000000,1790186399999,5300.74380000,64,118.53000000,4070.55920000,0
1790186400000,34.18000000,34.25000000,34.13000000,34.17000000,71.52000000,1790189999999,2444.47140000,42,15.58000000,533.07050000,0
1790190000000,34.19000000,34.33000000,34.14000000,34.17000000,112.77000000,1790193599999,3860.39620000,71,72.25000000,2474.31540000,0
1790193600000,34.17000000,34.19000000,34.12000000,34.12000000,18.39000000,1790197199999,628.20200000,18,3.11000000,106.27510000,0
1790197200000,34.17000000,34.17000000,34.12000000,34.14000000,17.09000000,1790200799999,583.50360000,14,9.68000000,330.54780000,0
1790200800000,34.12000000,34.12000000,34.02000000,34.07000000,32.12000000,1790204399999,1094.45140000,32,12.25000000,417.45840000,0
1790204400000,34.07000000,34.14000000,34.04000000,34.14000000,99.77000000,1790207999999,3397.15720000,23,11.99000000,408.97420000,0
1790208000000,34.17000000,34.32000000,34.16000000,34.32000000,79.22000000,1790211599999,2710.80240000,42,40.12000000,1371.84480000,0
1790211600000,34.32000000,34.32000000,34.22000000,34.26000000,25.92000000,1790215199999,888.05890000,18,12.99000000,445.02830000,0
1790215200000,34.24000000,34.30000000,34.22000000,34.22000000,21.18000000,1790218799999,725.61950000,17,17.19000000,588.98210000,0
1790218800000,34.26000000,34.41000000,34.23000000,34.36000000,12.33000000,1790222399999,422.96140000,19,8.54000000,292.88490000,0
1790222400000,34.41000000,34.48000000,34.39000000,34.47000000,31.02000000,1790225999999,1068.13700000,22,13.78000000,474.68730000,0
1790226000000,34.42000000,34.59000000,34.35000000,34.59000000,78.53000000,1790229599999,2704.93600000,42,50.52000000,1740.67910000,0
1790229600000,34.60000000,34.88000000,34.60000000,34.88000000,54.56000000,1790233199999,1893.82970000,70,45.36000000,1574.21430000,0
1790233200000,34.89000000,34.94000000,34.64000000,34.79000000,118.31000000,1790236799999,4109.65500000,52,27.25000000,948.18910000,0
1790236800000,34.80000000,35.27000000,34.78000000,35.26000000,232.33000000,1790240399999,8154.81340000,141,110.07000000,3868.10380000,0
1790240400000,35.27000000,35.39000000,35.19000000,35.32000000,174.72000000,1790243999999,6165.81020000,99,74.95000000,2645.19650000,0
1790244000000,35.26000000,35.30000000,35.01000000,35.10000000,126.66000000,1790247599999,4457.42650000,73,38.16000000,1342.62960000,0
1790247600000,35.06000000,35.23000000,35.04000000,35.17000000,98.16000000,1790251199999,3449.80770000,70,46.08000000,1619.24270000,0
1790251200000,35.22000000,35.24000000,35.03000000,35.10000000,148.99000000,1790254799999,5236.15910000,105,62.11000000,2183.20200000,0
1790254800000,35.09000000,35.09000000,34.68000000,34.83000000,634.58000000,1790258399999,22107.27540000,168,182.72000000,6371.14590000,0
1790258400000,34.82000000,34.91000000,34.62000000,34.91000000,397.95000000,1790261999999,13813.65800000,119,134.64000000,4679.17280000,0
1790262000000,34.89000000,35.00000000,34.84000000,34.92000000,151.27000000,1790265599999,5285.63690000,68,73.95000000,2584.30940000,0
1790265600000,34.94000000,34.96000000,34.02000000,34.04000000,310.85000000,1790269199999,10687.04910000,166,124.57000000,4293.91160000,0
1790269200000,34.15000000,34.46000000,34.01000000,34.41000000,229.31000000,1790272799999,7863.77600000,103,142.82000000,4897.01920000,0
1790272800000,34.42000000,34.53000000,34.14000000,34.14000000,140.15000000,1790276399999,4811.87870000,71,73.71000000,2532.10660000,0
1790276400000,34.17000000,34.30000000,34.15000000,34.15000000,99.30000000,1790279999999,3397.68980000,46,52.14000000,1783.76990000,0
1790280000000,34.18000000,34.48000000,34.18000000,34.27000000,199.20000000,1790283599999,6821.17580000,75,192.28000000,6583.72480000,0
1790283600000,34.33000000,34.35000000,34.26000000,34.28000000,6.48000000,1790287199999,222.18460000,21,1.73000000,59.40470000,0
1790287200000,34.29000000,34.34000000,34.16000000,34.26000000,26.54000000,1790290799999,909.40040000,106,13.48000000,461.86170000,0
1790290800000,34.26000000,34.32000000,34.25000000,34.32000000,42.39000000,1790294399999,1453.59120000,84,12.68000000,434.79820000,0
1790294400000,34.33000000,34.40000000,34.27000000,34.35000000,61.07000000,1790297999999,2097.42340000,85,15.35000000,527.01420000,0
1790298000000,34.38000000,34.38000000,34.05000000,34.10000000,65.33000000,1790301599999,2234.81070000,106,19.04000000,652.02890000,0
1790301600000,34.10000000,34.16000000,34.02000000,34.13000000,587.73000000,1790305199999,20031.70590000,76,332.48000000,11338.42390000,0
1790305200000,34.13000000,34.13000000,34.02000000,34.08000000,41.47000000,1790308799999,1411.71030000,22,20.67000000,703.40630000,0
1790308800000,34.13000000,34.13000000,34.11000000,34.12000000,8.62000000,1790312399999,294.06130000,8,3.13000000,106.79740000,0
1790312400000,34.13000000,34.13000000,33.88000000,33.88000000,168.38000000,1790315999999,5722.93080000,29,143.16000000,4865.18430000,0
1790316000000,33.82000000,33.83000000,33.71000000,33.77000000,76.57000000,1790319599999,2583.17680000,21,21.33000000,719.91790000,0
1790319600000,33.80000000,33.85000000,33.72000000,33.83000000,46.73000000,1790323199999,1579.32040000,68,10.62000000,359.20690000,0
1790323200000,33.84000000,33.87000000,33.60000000,33.61000000,94.35000000,1790326799999,3186.55240000,50,52.21000000,1763.12450000,0
1790326800000,33.61000000,33.67000000,33.56000000,33.66000000,141.87000000,1790330399999,4768.52920000,58,93.67000000,3149.40360000,0
1790330400000,33.67000000,33.72000000,33.64000000,33.64000000,104.32000000,1790333999999,3512.23150000,39,72.90000000,2454.55960000,0
1790334000000,33.66000000,33.67000000,33.45000000,33.51000000,175.40000000,1790337599999,5881.94790000,84,77.01000000,2581.41560000,0
1790337600000,33.51000000,33.80000000,33.51000000,33.78000000,226.39000000,1790341199999,7616.54200000,103,139.00000000,4676.54560000,0
1790341200000,33.80000000,34.12000000,33.70000000,33.73000000,315.14000000,1790344799999,10677.88630000,137,225.98000000,7656.30170000,0
1790344800000,33.74000000,34.38000000,33.74000000,33.96000000,1345.05000000,1790348399999,45858.85820000,358,1202.27000000,40989.69890000,0
1790348400000,33.98000000,34.24000000,33.83000000,33.89000000,291.29000000,1790351999999,9904.57740000,129,167.24000000,5685.84670000,0
1790352000000,33.88000000,33.88000000,33.57000000,33.77000000,634.14000000,1790355599999,21374.12280000,214,434.57000000,14646.93500000,0
1790355600000,33.79000000,33.79000000,33.65000000,33.71000000,199.51000000,1790359199999,6722.82940000,68,57.89000000,1950.79760000,0
1790359200000,33.70000000,33.82000000,33.63000000,33.82000000,396.86000000,1790362799999,13388.10310000,61,313.39000000,10575.72620000,0
1790362800000,33.82000000,33.87000000,33.63000000,33.73000000,188.89000000,1790366399999,6375.70990000,61,66.27000000,2237.10340000,0
1790366400000,33.76000000,33.76000000,33.67000000,33.69000000,24.39000000,1790369999999,822.87810000,15,5.33000000,179.60310000,0
1790370000000,33.69000000,33.69000000,33.57000000,33.59000000,13.61000000,1790373599999,457.69450000,16,9.97000000,335.27010000,0
1790373600000,33.65000000,33.65000000,33.59000000,33.59000000,19.36000000,1790377199999,650.78370000,14,3.14000000,105.58610000,0
1790377200000,33.61000000,33.64000000,33.59000000,33.64000000,9.98000000,1790380799999,335.56590000,13,8.64000000,290.54560000,0
1790380800000,33.64000000,34.00000000,33.61000000,33.92000000,144.82000000,1790384399999,4885.95730000,58,112.01000000,3776.13630000,0
1790384400000,33.95000000,33.95000000,33.81000000,33.84000000,61.12000000,1790387999999,2071.88010000,30,24.11000000,817.18210000,0
1790388000000,33.78000000,33.81000000,33.72000000,33.76000000,21.41000000,1790391599999,723.04520000,17,13.14000000,443.91310000,0
1790391600000,33.76000000,33.87000000,33.75000000,33.76000000,10.76000000,1790395199999,363.31500000,15,9.03000000,304.92140000,0
1790395200000,33.75000000,33.77000000,33.67000000,33.73000000,30.00000000,1790398799999,1011.68850000,24,4.68000000,157.88320000,0
1790398800000,33.74000000,33.76000000,33.66000000,33.76000000,2.44000000,1790402399999,82.24000000,5,1.32000000,44.54080000,0
1790402400000,33.73000000,33.76000000,33.73000000,33.76000000,11.28000000,1790405999999,380.71420000,9,2.06000000,69.54560000,0
1790406000000,33.75000000,33.80000000,33.75000000,33.78000000,32.03000000,1790409599999,1081.55310000,58,17.59000000,593.99090000,0
1790409600000,33.78000000,33.85000000,33.77000000,33.79000000,14.09000000,1790413199999,476.05170000,66,0.62000000,20.97420000,0
1790413200000,33.79000000,33.93000000,33.76000000,33.81000000,494.62000000,1790416799999,16745.68260000,140,48.45000000,1642.48290000,0
