ticker,wrapper,etf,first,n_weekends,n_overnight,n_days,weekend_mean,weekend_sd,weekend_skew,weekend_exkurt,overnight_mean,overnight_sd,overnight_skew,overnight_exkurt,intraday_mean,intraday_sd,intraday_skew,intraday_exkurt,cc_mean,cc_sd,cc_skew,cc_exkurt,var_ratio_weekend_vs_day,var_ratio_weekend_vs_overnight,weekend_ann_vol,worst_weekend,worst_weekend_date,best_weekend,best_weekend_date,closed_drift_pa,open_drift_pa,weekend_drift_pa,weekend_tstat,breach_3,breach_3_pct,epay_3_bp,bs_prob_3,bs_underprice_3x,breach_5,breach_5_pct,epay_5_bp,bs_prob_5,bs_underprice_5x,breach_7,breach_7_pct,epay_7_bp,bs_prob_7,bs_underprice_7x,breach_10,breach_10_pct,epay_10_bp,bs_prob_10,bs_underprice_10x
AAPL,bStock+Ondo,False,1990-01-02,1915,7245,9250,0.0007765939509240763,0.014785352932780056,-1.9679873429844623,29.408042094562532,0.0008652835300874913,0.016212109095437015,-2.2605666506060875,139.08424856543814,0.0003114630581674046,0.02190246295551214,0.3637942195350664,4.584167412772169,0.001130942267489993,0.026444568068799346,-0.3736892789323867,24.352678824973452,0.31260105241660463,0.8317338110077693,0.10661869624994073,-0.18965364342795688,1997-01-03,0.12017270536511826,2004-11-19,0.1782730646263104,0.018281328393292978,0.03465849299712925,2.2985115836126977,35,0.018276762402088774,5.168086770728264,0.09802111096747367,0.18645740924272478,16,0.00835509138381201,2.8400915334029615,0.029553570786678078,0.28271004692191887,7,0.0036553524804177544,1.754243024276775,0.009236266496582123,0.39576082844409227,4,0.0020887728459530026,0.8437554078196415,0.0018407622761526657,1.1347325360875484
AMD,bStock+Ondo,False,1990-01-02,1915,7245,9250,0.002658735096936809,0.021227218025963356,2.59664720344361,55.64363530518378,0.0012749655220551364,0.02192375131094565,-0.1475998427190022,42.210020954224674,-0.0002541628919685913,0.032165706101683206,0.5117438456200417,4.62909709669813,0.0012877295410755022,0.03862192692079542,0.37688087809645543,9.564070350021765,0.30207743550446486,0.9374679456507672,0.15307164605612872,-0.1785714285714286,1993-06-04,0.37517458836619944,2025-10-03,0.33181685860073407,-0.19342936018505452,0.1270752802823396,5.4810829807685035,71,0.037075718015665796,7.3219444778916625,0.18931207270808637,0.19584444607943974,23,0.012010443864229765,3.091622664667133,0.08044980102839555,0.1492911568543291,12,0.006266318537859008,1.4628911694073548,0.03188548445417076,0.19652574345751694,3,0.001566579634464752,0.5367794836304159,0.007686534804993412,0.2038083055900629
BA,Ondo,False,1990-01-02,1915,7245,9250,-0.00011024343569785276,0.012422828018309049,-0.5157564111345759,24.339878283957553,0.0005744090612978831,0.010567436584223213,0.8534377933725346,76.02601764556299,0.00012136735841005201,0.017025092905651948,0.026416767950394777,5.273624297437113,0.0005367748193271927,0.021210820997559707,0.08425234316957583,12.478637619175522,0.3430251698255911,1.381979641158396,0.08958228681256794,-0.1220916518912516,2020-03-13,0.1347787103237883,2020-11-06,0.0854746856878666,-0.005956043330188366,-0.009796962209872683,-0.38834405014222245,36,0.018798955613577025,3.528256354929503,0.05850507371243855,0.3213218003275543,11,0.005744125326370757,1.3412132105634558,0.01300920414604619,0.4415431768065946,4,0.0020887728459530026,0.7337463195830871,0.003812834324561116,0.5478268049827827,2,0.0010443864229765013,0.2267850601743964,0.0010634422560677186,0.9820809893696721
BAC,Ondo,False,1990-01-02,1915,7245,9250,0.00019941579653378266,0.016620339023901823,0.1260773961176034,35.31127250653468,0.00069366054050215,0.013963717759478973,1.231681472013488,58.719166537239175,2.877560891082032e-05,0.020690260111329687,0.2023357355543258,18.951189780062716,0.0005963341239671537,0.02524550071615527,0.756800737044849,27.30878857038545,0.4334228254600917,1.4166991472606303,0.11985096913254625,-0.17839391935343962,2020-03-13,0.19063022623608483,2009-03-20,0.11752135472664893,-0.04675861702346182,0.003173423674534259,0.5250541172513433,34,0.017754569190600523,6.1337817702256086,0.06193247798778383,0.2866762281674344,15,0.007832898172323759,3.593221019861864,0.018965455275269428,0.41300870760206326,12,0.006266318537859008,2.203200340446341,0.008729564856800232,0.7178271357910374,3,0.001566579634464752,0.9245805351277516,0.003965727416970626,0.3950295796329452
DIS,Ondo,False,1990-01-02,1915,7245,9250,3.84020592483668e-05,0.009948674893060436,0.2971190145075728,25.18595345062267,0.00015188613768386136,0.009437230658166694,0.9490109741820056,37.56251412612035,0.00036165548594545456,0.015308838355464613,0.30717516806999423,4.680611305382552,0.00047293268933153247,0.018767279546848422,0.29345386205913204,8.171825542823854,0.2810139192250844,1.1113256501763398,0.07174091489970123,-0.10456486665264031,2020-03-13,0.10042348984003158,2020-11-06,0.013929602634596189,0.061649969732603456,-0.0005750488329663938,0.16891711815346253,19,0.009921671018276762,1.4521956863165366,0.04637958439736604,0.21392324116729747,4,0.0020887728459530026,0.4951147569180094,0.009443433012657914,0.22118787131260692,2,0.0010443864229765013,0.22188214807409118,0.002239645132744181,0.46631781424088414,1,0.0005221932114882506,0.023837423773578607,0.00028513809107563195,1.8313695287724312
C,Ondo,False,1990-01-02,1915,7245,9250,0.001171887330082088,0.022614265582577567,11.742869919559125,316.81944113351847,0.001254280634059991,0.01572132209416663,0.6659563931097349,82.30809463528506,-0.0005631190777335666,0.021950509263767584,-0.574220604407741,22.153406089459548,0.0006370589895610905,0.027194627929874534,1.1936560690832394,45.580325057032354,0.691510428357076,2.069125559343944,0.16307378822988788,-0.20670051732755557,2020-03-13,0.6233419872779693,2008-11-21,0.27243860742486126,-0.2035292393519535,0.04938035900352102,2.267711277309609,47,0.02454308093994778,5.560726885131648,0.07315777059465262,0.33548153176966455,17,0.008877284595300261,2.6342132270939453,0.022263120383072085,0.3987439515464402,8,0.004177545691906005,1.359238390769282,0.009747329742467161,0.4285836021023559,2,0.0010443864229765013,0.6289337057760934,0.004354432616052077,0.2398444332624416
UNH,Ondo,False,1990-01-02,1915,7245,9250,0.0001415417843895966,0.010023340641838028,-1.6111421574814395,18.56797124074551,0.0006107199402041639,0.012130310932392287,-2.038923282338283,51.75215264222392,0.0005255748899670353,0.019401200599290267,0.29462761572624985,11.31041878115325,0.0010367504821551655,0.022768395243645528,-0.34313320443673073,19.2832910543802,0.19380283974705784,0.6827805070845328,0.07227933727117827,-0.10895868570836775,1997-10-24,0.05425106541760916,2020-11-06,0.11038511964324779,0.0850534242330494,0.004731536114431337,0.6179545943653311,20,0.010443864229765013,2.0420022498306754,0.06964353030070608,0.14996172917528175,6,0.003133159268929504,0.7305307507654936,0.018739514197704026,0.1671953304591738,2,0.0010443864229765013,0.3776807093183258,0.005674807699840153,0.1840390861184458,2,0.0010443864229765013,0.06436478242537538,0.0010933347551776106,0.9552302421840073
XOM,Ondo,False,1990-01-02,1915,7245,9250,0.0001480019407323933,0.00982138786822682,-1.0338520717377107,31.247722626600392,0.0001488762082838995,0.007949601231590952,-0.030473495676128132,16.517011908042818,0.0004015217691985746,0.01317410791336444,0.16574439982017325,6.004809209387064,0.0005328179833359512,0.015676623663108513,0.1670152952651359,8.06724330317899,0.392500902679251,1.5263531843232505,0.07082303511022352,-0.12539323521723156,2020-03-06,0.1110434219821872,2020-11-06,0.023710004134935053,0.07928826744848627,0.0051826421938707045,0.659445542207946,13,0.006788511749347258,1.6044852347500191,0.02643440864245442,0.2568058866444515,5,0.0026109660574412533,0.7688476437103147,0.0045254705337935365,0.5769490792049365,2,0.0010443864229765013,0.43331523606590494,0.0013437106097615613,0.7772405869161259,1,0.0005221932114882506,0.1326017504816269,0.000287654305649953,1.815349887804942
MSFT,bStock+Ondo,False,1990-01-02,1915,7245,9250,-0.00022245614125813458,0.011084414239658492,-2.586607803070813,34.12755956086972,0.0006632716777554196,0.010701376652723055,0.8593810630160514,23.066798579219583,0.0005029529816926193,0.016441106729422998,0.2954388707141918,3.1421371297043788,0.0009731182045650488,0.01977807854817727,0.2642083427545874,6.648300592107574,0.3140923077522807,1.0728677607104122,0.07993084779914375,-0.14806058826783441,2000-04-20,0.07075454038193918,2002-11-01,0.10367615147623245,0.09272510581636725,-0.014873210393789284,-0.878245718397026,21,0.010966057441253264,3.12455662998025,0.055173233129297596,0.19875683949052764,9,0.004699738903394256,1.5433062580562482,0.01087789771324836,0.4320447780705247,4,0.0020887728459530026,0.8956247124122046,0.002432839110567178,0.8585741806271925,3,0.001566579634464752,0.40622502534927313,0.00029300027715121823,5.346683114761137
MU,bStock+Ondo,False,1990-01-02,1915,7245,9250,0.002209426828467275,0.018138433331133803,-0.07978170105511852,6.2922272088878,0.001606287095603303,0.0187144040207682,0.0972076741124601,10.998479541520767,-0.00030498580522777304,0.031234373450823825,0.30964384736394873,3.0687369366975332,0.001430778766799668,0.036671880983458666,0.21161583798659162,3.096954400251799,0.24464321374741063,0.9393934850534075,0.13079810286397603,-0.1311933728774678,2020-03-13,0.1126760513148779,2008-10-10,0.3921522764087476,-0.19931116766281123,0.10652329754903546,5.330454483730724,63,0.03289817232375979,5.395228773261825,0.1725229999843617,0.19068861732488906,15,0.007832898172323759,1.9106848068200957,0.06958792988817426,0.11256116089257137,7,0.0036553524804177544,0.9033697650456458,0.02694364539935502,0.1356665895144707,3,0.001566579634464752,0.2949485790724062,0.00653646795281794,0.23966760730302106
ORCL,bStock+Ondo,False,1990-01-02,1915,7245,9250,0.000542544269087976,0.01366956807839254,-0.9701254234715931,22.44125194198552,0.0007511555623828384,0.01729867505714675,1.4844012622628378,94.25619266578076,0.0003422025311240028,0.023611865643573076,0.624918325095353,7.883535972926248,0.0010224789284468238,0.028664451880163165,0.7789599754941924,17.730019447708948,0.22741667273758231,0.6244302052247798,0.0985726572401801,-0.15618232557193812,2000-11-17,0.11210307801449626,1999-12-31,0.13901171901749748,0.01651198715134473,0.02336331290524791,1.7368598553469459,31,0.01618798955613577,3.663037768049516,0.10433972217629983,0.1551469490093465,10,0.005221932114882507,1.8833341966168389,0.03856955035145804,0.13539001796231992,6,0.003133159268929504,1.0557100266525343,0.014776363842461492,0.2120385842101444,3,0.001566579634464752,0.5057097605103401,0.0033941953442236097,0.46154669239377333
NKE,Ondo,False,1990-01-02,1915,7245,9250,-0.00023752467268693537,0.01113760393220938,-1.640881815126438,28.792935252646277,0.00015666045290267902,0.011604137790278357,-0.9220970617301841,46.90098793086663,0.0005950113888444853,0.01725446700881112,0.3039771232627055,5.570365527718563,0.000655279171945033,0.020723415723740948,0.06278376601001909,8.453090908557058,0.28884234414961496,0.9212081792621243,0.08031440412678054,-0.13627904447274164,2020-03-13,0.07986070350235441,1998-12-11,-0.0006513634400794523,0.1124589197210222,-0.01566705780078865,-0.9332571968784191,23,0.012010443864229765,2.7036092958850824,0.06211009256732941,0.19337346585355744,7,0.0036553524804177544,1.380524847923864,0.013187365029414966,0.2771859634024188,5,0.0026109660574412533,0.7512951287949637,0.00292627634547218,0.8922486290405192,2,0.0010443864229765013,0.31105267039762596,0.0003035551379580258,3.4405163753838823
PFE,Ondo,False,1990-01-02,1915,7245,9250,7.895380125284644e-05,0.011486339155970048,-0.7686660359249918,49.31270631791779,0.000531832508728916,0.008664368534169183,-0.6678803909765569,23.033837324285688,7.300531730022589e-05,0.0144981018300752,0.08138903214055582,2.6886473289200614,0.0005190294399670057,0.016644828542541346,0.05008030602908277,3.5884064092743495,0.47621669787037246,1.7574761416413127,0.08282916958843953,-0.15111270596421544,2006-12-01,0.15000018941836424,2020-11-06,0.1044628446394362,-0.00807199429785192,0.0006469426249090806,0.30079859108485035,22,0.011488250652741514,2.8497642575617608,0.03539936374051067,0.3245326875633778,7,0.0036553524804177544,1.40439359024851,0.004828405459788344,0.7570516831819648,4,0.0020887728459530026,0.8100050159067396,0.0006860509511067929,3.0446322428140724,2,0.0010443864229765013,0.4177273062026487,3.267116009981869e-05,31.966615809957027
LLY,Ondo,False,1990-01-02,1915,7245,9250,7.597999024336438e-05,0.009817509370757581,-0.3048476511085577,20.126992076344646,0.00029532144032971694,0.00991553149858422,1.0737605067752167,45.526453287773876,0.00047259452601247463,0.015269924610401813,-0.4507054974978935,15.94453722379809,0.0007247405765733689,0.017980269809816776,-0.07680554553453453,14.541282416032828,0.29813313033499617,0.9803262954921546,0.07079506686722932,-0.08776421160597159,2015-10-09,0.11171239997949955,2021-01-08,0.052410793653414646,0.08945855878331144,0.001442741272890454,0.3386743438938889,18,0.009399477806788513,1.9142753352603301,0.043441476745573915,0.21637104700282062,9,0.004699738903394256,0.5359339376879441,0.0073775710745149,0.6370306508640826,2,0.0010443864229765013,0.10542250235436532,0.001427040641031849,0.7318547159395108,0,0.0,0.0,0.0001607503764247387,0.0
JPM,Ondo,False,1990-01-02,1915,7245,9250,9.864091878863627e-05,0.01314317652311798,-1.3814049145869625,28.19817796036312,0.0006211300124793455,0.011609391523220549,0.5090186499493072,18.483088295536508,0.00024375564594294135,0.019332854719757545,0.8039140527903769,12.883921647827426,0.0007638611237689908,0.022843692625386065,0.6867453462695157,12.976557550440207,0.331030542671244,1.2816863701447607,0.09477679375315279,-0.1800595321235957,2020-03-13,0.0990676757520097,2020-11-06,0.1127107126151603,0.014700244453385403,0.000574945761188045,0.3284287422463396,34,0.017754569190600523,3.4750011042370095,0.06232284545320427,0.2848805933280392,10,0.005221932114882507,1.5448391484546404,0.018391411928618588,0.28393318224560776,4,0.0020887728459530026,0.8504385237281818,0.006969945349146728,0.2996828154769841,2,0.0010443864229765013,0.451983384117228,0.0021408410441988448,0.48783931240786554
INTC,bStock+Ondo,False,1990-01-02,1915,7245,9250,0.0004216892233426974,0.013006211648433836,-0.3612921745862302,15.456530070559054,0.0005490807714672136,0.01585080149123634,-0.5480638134506286,49.50739307384189,0.00039145822884864665,0.020458924857085038,0.31186515763267686,3.631441397918689,0.0009042162154806846,0.02566392191066979,0.11108043841206806,8.176933485527996,0.25683581434286645,0.6732853731915168,0.09378912599593042,-0.1271356528079478,2020-03-13,0.1192901285618777,2026-06-05,0.09965958737528745,0.0460645671166291,0.017558583090444935,1.418815990833541,32,0.01671018276762402,3.1360601889128303,0.09217191824355024,0.18129364220748787,10,0.005221932114882507,1.2441060596687101,0.026954729852220093,0.19372971435855102,3,0.001566579634464752,0.5528042287167614,0.008630558562456666,0.18151543994839994,2,0.0010443864229765013,0.1540384145016492,0.0016687795753325971,0.6258384500950938
SCHW,Ondo,False,1990-01-02,1915,7245,9250,-0.00017303233712002243,0.013888529994181387,-1.193304264855006,16.67071024340058,0.0003142867109150823,0.013320085276419974,0.005232784141920634,19.53688789967966,0.000860639805886093,0.0241017198661379,0.7070094255189955,6.807303994868668,0.001044164983678496,0.027567575748343388,0.5852598781837219,5.711202706463316,0.253813903888233,1.0871727334974568,0.10015161406968114,-0.1558899604645665,2020-03-13,0.0987113573167222,2020-11-06,0.02402698864247124,0.1442892449644343,-0.014117277233747436,-0.5451994158572738,40,0.020887728459530026,3.934248244085013,0.10487946420259249,0.1991593742239361,10,0.005221932114882507,1.8076801888737999,0.03309759610485793,0.1577737578988721,7,0.0036553524804177544,0.9420958669900138,0.011460547313817602,0.3189509523694926,2,0.0010443864229765013,0.38704065218396333,0.0023977912711090265,0.43556185876573467
SPY,bStock+Ondo,True,1993-01-29,1755,6635,8471,0.0003574741673892503,0.007636434564772972,-2.0320502588997873,32.04844001636007,0.00042634999426977217,0.006301447821803414,-0.569292619888582,16.438782185998118,7.408646009709018e-05,0.0095585378443197,0.09241408347183927,10.438905613091135,0.0004770509904038282,0.011674589184660404,-0.010899937720605614,11.848136303018604,0.4278564220582557,1.4685900465943034,0.055067112770028966,-0.10448543124354426,2020-03-13,0.060678282955126894,2008-10-10,0.09578136318484962,0.00715227106534039,0.017104002843120105,1.9610677105376346,9,0.005128205128205128,0.9544595522143864,0.01167379677475532,0.4392919653436929,3,0.0017094017094017094,0.4629622708936529,0.002113260936374378,0.8088928726115807,2,0.0011396011396011395,0.2221230482300257,0.0005752411382775382,1.9810842162879405,1,0.0005698005698005698,0.02555801278372793,7.533817818581341e-05,7.563237969402694
AMZN,bStock+Ondo,False,1997-05-15,1531,5783,7386,0.0007193910740213878,0.02091404426168881,7.385286114707309,126.95238286540763,0.0006901741529405395,0.019561811969738097,0.31103034575058375,27.107129292570374,0.0009220849113338109,0.029372515714409086,0.9243806607931405,10.927992380904037,0.0016500859689128676,0.034604319406482315,1.0679032690622527,11.557175173239692,0.36527119176715794,1.1430306747104566,0.1508133179256848,-0.0928961162002695,2000-12-15,0.4145758634661989,2001-04-06,0.13463996549006296,0.12490563482399514,0.02703843794275552,1.3459056537352767,46,0.030045721750489876,5.01514718029304,0.1276097592737118,0.23545003079305576,13,0.008491182233834096,1.5554163237457683,0.052785774398878965,0.16086118524415222,6,0.003919007184846506,0.36355337744998417,0.025209367061515244,0.15545837288510442,0,0.0,0.0,0.00900837577747959,0.0
MSTR,bStock+Ondo,False,1998-06-11,1475,5572,7116,0.0021610026639964316,0.030596518899109533,-3.6678637586418485,69.05721071650764,0.0019484080270502477,0.024508574143351558,1.4562068575020513,21.445338666333786,-0.0003721975647665547,0.04077602510103536,0.9119954391327982,13.124948952584852,0.0015086926917379643,0.04766856219700733,1.1372844106515532,22.43052376553777,0.41198360162580544,1.5585040818583973,0.22063463548288484,-0.5181918412348401,2000-03-17,0.19084278768233398,2000-06-16,0.4067440899675355,-0.30021897132207154,0.08514615286169816,2.71255963438573,78,0.05288135593220339,19.22269402104146,0.17964514826827516,0.2943656226842954,35,0.023728813559322035,12.081220963930447,0.09342695833857542,0.25398251191406446,18,0.012203389830508475,8.651802376735153,0.05171402879813986,0.23597832375704264,10,0.006779661016949152,6.089904067911311,0.022504664691443594,0.30125581117975153
NVDA,bStock+Ondo,False,1999-01-22,1443,5450,6961,0.000735928335459922,0.019209411429707852,-0.87950378426248,11.189550059816918,0.0017877044186200455,0.021045296135311108,-0.05100686082359537,38.801214418478,0.00038300100792781867,0.031517389389912644,0.7636552424509941,9.696281085029124,0.0019396615494343176,0.03726664273673012,0.595732674021992,11.459488265594146,0.2656975665969777,0.8331400929273983,0.13852103576259134,-0.14736187162831715,2019-01-25,0.11821094821146305,2002-04-26,0.3392587491931678,-0.027200477205541362,0.02862778038312445,1.4553070459839499,61,0.04227304227304227,9.346561543046667,0.16006357940472285,0.2641015678285835,17,0.01178101178101178,4.381841703100633,0.06727670326066258,0.17511279848785732,12,0.008316008316008316,2.5349262325595316,0.029161328189151275,0.2851724812418549,4,0.002772002772002772,0.915772174428572,0.008890955910625902,0.3117778110551478
QQQ,bStock+Ondo,True,1999-03-10,1436,5425,6929,0.00038364477116660165,0.009691529092952792,-1.345169748128569,16.134482374181182,0.0006137754751228628,0.008718674673054523,0.1276263596939354,8.189747523138204,-1.1054384697162548e-06,0.014503550924998342,0.38819131832116016,11.548560802517816,0.0005543437783126451,0.016943618028555693,0.22678995693097798,7.127191376987337,0.32716911788308267,1.235616394588049,0.0698866101645846,-0.09457199961936935,2020-03-13,0.05974224549988327,2000-12-08,0.1300920073609214,-0.02667265355040114,0.017529829248010474,1.500079235819908,14,0.009749303621169917,1.7763768659454378,0.035149871527399276,0.27736384793242697,5,0.003481894150417827,0.7200004654500565,0.008776202758707293,0.39674267404126146,2,0.001392757660167131,0.2392526418760943,0.002328520098273456,0.598129971564269,0,0.0,0.0,0.00026386116821502237,0.0
IWM,Ondo,True,2000-05-26,1373,5181,6621,0.0006381556027320675,0.009361137195949137,-0.6786369663069649,17.03175741669362,0.0005317009434335838,0.007982611950004926,0.19617177096774463,15.432765018688691,-9.38947119993926e-05,0.012653880625460261,-0.016247625072906953,5.158124863745179,0.0004391825977630354,0.015008609123418898,-0.2560828545633559,5.368000167815799,0.3890239382896163,1.375204183151585,0.06750412031329561,-0.09081784910861623,2020-03-13,0.08146962769584776,2020-11-06,0.12601745319629246,-0.04376099931672336,0.030974743601919368,2.5259994104518153,12,0.00873998543335761,1.359688436150604,0.02288718046351828,0.38187252673124056,3,0.0021849963583394027,0.47113653618430107,0.004312439965891327,0.5066728755927832,2,0.0014566642388929353,0.159792182933798,0.001186962876186719,1.2272197118520412,0,0.0,0.0,0.0001653352416291064,0.0
GME,bStock+Ondo,False,2002-02-13,1284,4849,6193,0.0026497088399864274,0.035003422129536645,11.943163275665658,214.3291360274297,0.000844544036962965,0.03956043826941211,18.806218137523405,580.9064985473727,0.0005338891767068051,0.04096199399423693,4.625720105368783,106.82807696827491,0.0016377294028137636,0.051963839004964034,6.541720379223985,144.30934432359757,0.4537520016004818,0.7828865327959902,0.2524132666095105,-0.15588373988405435,2015-11-20,0.7368193468789703,2024-05-31,0.17361445733620293,-0.06249258505275497,0.1123269514348484,2.712502586851663,43,0.03348909657320872,7.8673083215352255,0.1606620461601414,0.2084443549276607,16,0.012461059190031152,3.802655050661504,0.07086598971664876,0.1758397679882207,6,0.004672897196261682,2.078250114650716,0.03613915598601266,0.1293028868208844,4,0.003115264797507788,0.8785301668528007,0.016696192750405466,0.18658533978844574
NFLX,bStock+Ondo,False,2002-05-23,1270,4794,6124,0.0006122722848712084,0.015819742638807855,0.18148022127421148,20.73910817622176,0.0009384959175696339,0.02281134397986453,-0.8873241211434022,90.05288481140215,0.0007845239099159253,0.02734817689345744,0.644494798908502,8.720154978376998,0.0016350392442895465,0.03419630833544267,0.1385896674692636,19.350859673103223,0.21401311058200587,0.480946846041209,0.11407778649773143,-0.14630626412485614,2015-08-21,0.1671321546717004,2004-09-03,0.16001770540608712,0.1041111000847817,0.025414946920968497,1.3792628780437928,36,0.028346456692913385,4.987553699026052,0.15303264410157197,0.18523143777153236,8,0.006299212598425197,2.031780563311724,0.058084679193354395,0.1084487800553421,4,0.0031496062992125984,1.087012052245948,0.02177673990551023,0.14463167181491868,2,0.0015748031496062992,0.38444727509716853,0.005374566650186274,0.29301025591555724
TLT,Ondo,True,2002-07-30,1260,4759,6078,-0.00016087297231229277,0.006494378310766823,1.458121141730344,15.37430070901322,9.612616697452815e-05,0.006057399167467308,0.3962934743325467,4.35619874230322,0.00013410043070166648,0.0064009829687624795,-0.4654151066385579,6.799166588942626,0.00017260012315598844,0.008984877138934953,0.05609770837984658,3.4934916265628893,0.5224573958994887,1.1494836016555485,0.046831628003461974,-0.025318128230992887,2010-05-07,0.07393385867541191,2020-03-06,0.0045513914879576475,0.028578822086297567,-0.009485958707638645,-0.8792872483877736,0,0.0,0.0,0.0030275604397669896,0.0,0,0.0,0.0,0.00017422551627311862,0.0,0,0.0,0.0,1.0288700430310296e-05,0.0,0,0.0,0.0,4.087686238034567e-08,0.0
EEM,Ondo,True,2003-04-14,1223,4621,5900,0.00016742266122851736,0.013273292383533473,-0.9456413051375104,9.911013308688991,0.0006189772268224113,0.011264931231382726,0.0572542942578007,14.440058418504208,1.7616684002510202e-05,0.011090852823271808,0.26627316704458376,16.483117385621,0.0005240873312676729,0.017070997966507916,0.471744023881042,17.81521644030575,0.6045601278052914,1.3883540533375707,0.09571507256611113,-0.11455458636802995,2020-03-13,0.08961279080064477,2008-10-10,0.1069630313707942,-0.011027835172080929,0.004098759408703229,0.4411119347908612,26,0.02125919869174162,3.8053018929575244,0.028937593398877727,0.7346567628725512,8,0.006541291905151268,1.3133420059421994,0.007079259494375826,0.9240079291270575,3,0.0024529844644317253,0.406677281649276,0.0028275689390839607,0.8675241938491557,1,0.0008176614881439084,0.1190072474900241,0.0010122687921202652,0.8077513546883742
GOOGL,bStock+Ondo,False,2004-08-19,1153,4354,5560,-0.00015610929419777235,0.011026017469402464,-1.3420416886492845,13.570041900758056,0.001214622258260876,0.012876652580644994,2.5811571911488262,36.25558685240915,0.0001576403480443208,0.015058097831577856,-0.11856310175905321,3.4419549972498222,0.0010723836060919925,0.019360747991773834,0.6006653590401332,8.612609655686397,0.3243344556843772,0.7332150922942257,0.07950974270018456,-0.10266245319919676,2020-03-13,0.07165661734056195,2008-10-10,0.21192087622485004,0.011094452695121456,-0.011350792055896258,-0.48075602714761323,17,0.014744145706851692,2.552996095660967,0.051801409338642045,0.2846282735372042,5,0.004336513443191674,1.0476476147112492,0.009366823894617024,0.46296519417684406,2,0.0017346053772766695,0.28380774515099216,0.001937571952309147,0.8952469482278647,1,0.0008673026886383347,0.023091528180370784,0.00019952917411572173,4.3467462464176885
GLD,Ondo,True,2004-11-18,1140,4303,5496,0.0003913861847233863,0.00887566414864187,-0.4615092036679063,4.077046195977005,0.00044160723211075586,0.008006990911085522,-0.12202699670771634,4.996274545770549,1.848511330630815e-05,0.007657227409889133,0.20148041869427036,12.700359551393694,0.0004626471644731618,0.01149926692609025,-0.30215054506323186,6.423329202445849,0.5957463777711958,1.228748638553069,0.0640033243834514,-0.05522748952263368,2013-04-12,0.03935101276313979,2008-10-03,0.10240200275795683,-0.002718848578509736,0.018359961418903923,1.4888709525615378,8,0.007017543859649123,0.6215952682848642,0.009858790083589582,0.7118057895694678,1,0.0008771929824561404,0.045855171251172576,0.0009428597884576271,0.9303535829978417,0,0.0,0.0,0.00010496865741064967,0.0,0,0.0,0.0,2.352015992093602e-06,0.0
AAL,Ondo,False,2005-09-27,1095,4134,5281,0.001227712731402271,0.02086489553228544,1.3950053592112515,26.580344950701765,0.001977612672400654,0.020194773854134068,1.720034142357487,23.73236415427029,-0.001024227056313394,0.03577637962060921,0.8719387959789917,15.671773959442909,0.000746043043775933,0.04049798597148828,1.1482047177682697,16.930192011636226,0.26543951673197463,1.067466957735087,0.15045890139770932,-0.1327743198106407,2020-03-13,0.2504362893547729,2020-11-06,0.399394072657042,-0.4174655080417834,0.05284177712219556,1.9470970755952952,43,0.039269406392694065,8.925701771652916,0.16242502631668246,0.2417694322310278,17,0.015525114155251141,4.024390191773386,0.06786598533360666,0.2287613460400646,7,0.006392694063926941,1.81243723323293,0.031520769814555684,0.20280894475410047,3,0.0027397260273972603,0.5851912594063066,0.012730506796037369,0.2152095019697139
MA,Ondo,False,2006-05-25,1061,4003,5115,-8.564466277984663e-05,0.011818321278116817,-1.2325265002007006,25.93569447603493,0.0008045019589131261,0.011211763224812175,0.7405681661175968,21.07879485075396,0.0005957141808073516,0.01702725724641956,0.20376019686294167,6.897025446312515,0.0011652850923158217,0.020281659611227736,0.6631581986142543,10.501600966908018,0.3395506801240437,1.1111271226719965,0.08522312671631459,-0.13155071443061694,2020-03-13,0.10610893342630678,2020-11-06,0.1347971131705545,0.11342413043619148,-0.008153214543172818,-0.2360490210543837,16,0.015080113100848256,3.200254722443785,0.053842849934062964,0.280076428333858,6,0.005655042412818096,1.3937231726683288,0.013747156544128196,0.41136087995109993,2,0.001885014137606032,0.6431457272164001,0.0041616037494042555,0.4529537772249164,1,0.000942507068803016,0.2973677137664179,0.0007493808027355364,1.2577144562050326
SMCI,bStock+Ondo,False,2007-03-29,1017,3838,4904,0.00036531794535554806,0.018895755783729828,-0.12335821227792874,19.004331571874662,0.00031568650042304857,0.023157746328873588,-1.2619475317302757,44.26439609218581,0.001200947420077502,0.03129774040369008,0.23786592060363643,5.2878486302163825,0.0015900425608875994,0.03997039483557054,0.30053218938636,14.870385575220187,0.22348668723111975,0.6657879795710335,0.13625923273376625,-0.14257587485667778,2024-08-02,0.15747547444129428,2024-11-29,0.018851522160447002,0.17918269055524355,0.009707961386353131,0.6165484574819529,36,0.035398230088495575,9.078182932193272,0.17532904368560698,0.2018959856529547,13,0.012782694198623401,4.696294230775713,0.07827578432224556,0.1633033039439073,6,0.0058997050147492625,2.5012861127738777,0.035708615870553274,0.16521796969493827,3,0.0029498525073746312,1.037400977418313,0.011782951555382443,0.2503492010053407
HYG,Ondo,True,2007-04-11,1015,3832,4896,0.00012752098720510596,0.004931318677152628,-2.6483619627872765,51.589709233768446,0.0003854770781956251,0.0038334032459339026,0.7547332117764369,39.42688197066101,-0.00010800683308407247,0.005419920081129222,-0.23139444842072768,41.18203547358426,0.00020996579700986883,0.00682117105923215,0.7579588449168141,43.56692704268809,0.5226467525376225,1.6548442500553766,0.0355602446922541,-0.06360944840567584,2020-03-06,0.03667506455037195,2007-11-02,0.07788402296336744,-0.03088377411685417,0.00601299325421059,0.8238565870171799,3,0.002955665024630542,0.6120573601512133,0.003931852772859413,0.7517232194025044,2,0.0019704433497536944,0.17439168716686182,0.0006642296860463175,2.966509012089371,0,0.0,0.0,0.00010313449682808386,0.0,0,0.0,0.0,3.297280548756412e-06,0.0
V,Ondo,False,2008-03-19,966,3648,4659,1.9205887298633747e-05,0.011725983701361159,-2.307047941360667,32.22573918130966,0.0005453754867541017,0.00962586318029675,0.12870168632591356,16.363953506068302,0.00047012128348766644,0.015201503947885057,0.2223493240542738,9.230604491761326,0.0008869451994810705,0.01784136962217918,0.3005121159014575,9.390197207085462,0.43195866580194475,1.4839497792881589,0.08455727098102535,-0.14041949368035522,2020-03-13,0.08172522841786689,2020-11-06,0.0908001935740357,0.08924911026026998,-0.0026548974510774864,0.05090654856041382,13,0.013457556935817806,3.234869837896404,0.03745656680943154,0.3592843146646639,5,0.005175983436853002,1.7905061153842425,0.008423968675586696,0.6144352663434512,3,0.003105590062111801,1.0403414000544005,0.002540136186870475,1.222607700391837,1,0.0010351966873706005,0.41842125963100635,0.00042169979044022775,2.4548190699595107
AVGO,bStock+Ondo,False,2009-08-06,894,3374,4310,0.0004979378449183774,0.014492022699994653,-1.5617204393787087,18.382399796138806,0.0015693346349978374,0.014469001314678768,0.9514418467191812,26.09027928998091,0.0002652585512483106,0.018875063298370697,0.21657049747876872,3.921458477355084,0.0016204165250813963,0.024076547178351747,0.27591635498617323,8.309021117476941,0.3623010574807719,1.0031846980015877,0.1045034618600376,-0.12791181862103196,2025-01-24,0.0889370184263043,2013-12-13,0.3118666138534954,0.02201043604971967,0.020412087027573456,1.0273416350385638,16,0.017897091722595078,4.978356402508483,0.0890928900474851,0.20088125677656446,6,0.006711409395973154,2.9534366601254924,0.020463941710420427,0.3279626912031147,4,0.0044742729306487695,1.6873529949768953,0.005052690094757666,0.8855229287248343,2,0.0022371364653243847,0.4372379311185029,0.0008016610845547472,2.7906262489552165
SQQQ,bStock+Ondo,True,2010-02-11,867,3272,4180,-0.00026080644119772834,0.028936527751005116,3.333110858577089,32.062493871434924,-0.0013805053622473495,0.022524895601060645,0.27724218770315406,7.612296614813063,-0.0011019695583048676,0.030580175788801227,-0.05341832347090395,7.000214974952721,-0.002239929492703524,0.03860748982602347,0.16536373139786445,6.617317716315791,0.5617585638443714,1.6503165677100358,0.20866426908027122,-0.12309310313232735,2010-05-07,0.305251239705143,2015-08-21,-0.35988636853479383,-0.3960000356380965,-0.03430483770750929,-0.26538810000657354,66,0.07612456747404844,12.614186802188346,0.17622526959182924,0.4319730515967841,19,0.02191464821222607,4.138844040731245,0.07470933760049013,0.29333211772556655,6,0.006920415224913495,1.6723888421879145,0.03181183024007276,0.2175421902068363,3,0.0034602076124567475,0.5749789730028502,0.009529489186437404,0.36310525619583023
TQQQ,bStock+Ondo,True,2010-02-11,867,3272,4180,0.0007217912181084169,0.02749620907991783,-2.4364059237893754,22.054370807585464,0.001621770001798568,0.02251483310054615,-0.2637101189074893,7.600748786497851,0.0007531622820932978,0.030411505946329256,0.12124629215053873,7.195623591404191,0.0021732132215908874,0.038505207027731726,-0.21619866688189315,6.730297892432665,0.5099254847954539,1.491448216406753,0.1982779834370445,-0.28817732155627185,2020-03-13,0.12624642313409695,2010-05-07,0.28897831971321025,0.07305928869677526,0.016870381417262808,0.7729445174053511,58,0.06689734717416378,21.4110948677071,0.1755682657932957,0.38103325149275546,22,0.025374855824682813,12.484191202764057,0.07421606187790251,0.3419051777016756,12,0.01384083044982699,8.75462192402387,0.031522990609245995,0.43907098223629015,8,0.00922722029988466,5.420797268900083,0.00943078306141099,0.9784150732552346
SOXS,bStock+Ondo,True,2010-03-11,862,3257,4160,-0.0009509193443989365,0.03836409067281162,1.2927463390905007,12.852545795859145,-0.001524642310177495,0.03392463257267569,0.15903660768699904,5.216840055225703,-0.0018346763454368117,0.04607082595606099,-0.1898629437727008,6.764124538140429,-0.0033657375177571836,0.06026412771141402,-0.8913943338496306,18.88320769621052,0.40525843967261704,1.2788497185691254,0.27664739211474415,-0.19687502538056012,2025-05-09,0.3541829350819867,2020-03-13,-0.5053954711584348,-0.7351971447236573,-0.08708606670055437,-0.7277335653690546,128,0.14849187935034802,36.00826737763623,0.26504186319211903,0.5602582081258302,51,0.05916473317865429,16.410516454538673,0.15515775316036584,0.38131986300100396,19,0.022041763341067284,8.171734203935912,0.08717410478129466,0.25284760189240146,9,0.010440835266821345,3.9122280546857042,0.036580456114517386,0.2854211340103487
TSLA,bStock+Ondo,False,2010-06-29,847,3197,4085,0.002552921768030453,0.02419860630740053,0.03479879427120041,11.06160795752158,0.0015130080446321365,0.020880897932226184,1.1171002105021068,16.92908178142364,0.00033588144756662824,0.029452707462420877,0.29145202606019677,5.35238249515551,0.001987704237258188,0.03609918372516962,0.35708130979654884,4.905968989549028,0.4493512399810464,1.3430196499089198,0.1744986316721978,-0.14897689295867744,2020-09-04,0.16805665303710304,2012-01-13,0.3762914935213694,-0.024290087525718075,0.1177626181168582,3.0703568758920086,48,0.05667060212514758,11.751796877805296,0.17509468848696233,0.32365688882314275,11,0.012987012987012988,5.915614579666739,0.06919963098889471,0.18767459885873045,6,0.0070838252656434475,3.7177162625523037,0.02496111427690382,0.28379443269477816,5,0.0059031877213695395,1.8754196175059594,0.0050050679556550145,1.1794420722499437
META,bStock+Ondo,False,2012-05-18,749,2820,3608,-0.00033221647815955316,0.012950467206520485,-1.8954404190162197,14.542832826740401,0.0011569975258793092,0.018850554238222475,1.0440636174120868,63.074020423466976,0.00027530084385425153,0.01818667986237765,0.1463600790498757,3.4118499498161032,0.001154319658558476,0.025167271807969106,0.43019036258808424,19.108993008302164,0.2647881796079551,0.47197894539604257,0.093387147108649,-0.1054733229201208,2020-03-13,0.06486202954402565,2025-05-09,0.1754599178718574,0.02768991851425839,-0.021792630258316962,-0.702063900066207,13,0.017356475300400534,4.436701304316572,0.0922072257336072,0.18823335332248844,5,0.006675567423230975,2.006214232638862,0.025493849423988926,0.2618501157753553,3,0.004005340453938585,1.011590369863349,0.006992662129838485,0.572791932395438,2,0.0026702269692923898,0.13885601586379076,0.0008397015468396293,3.179971478369045
AMC,bStock+Ondo,False,2013-12-18,666,2510,3209,0.005635291948429229,0.054903780987067344,5.024246482416305,68.2713787070738,0.0012500305023965782,0.0414053851510523,13.924604335465707,419.3247059138217,-0.0018461995132676235,0.04737721698163414,1.6312067320356547,25.262866983054764,0.0009694011627888371,0.07973304336471959,17.81289452165486,645.5074470983651,0.47416317751047143,1.7582913896743464,0.39591679513143235,-0.3712541344587241,2022-08-19,0.7148594946629088,2020-11-06,0.3300716111991498,-0.7402972281717173,0.2235624476624936,2.6488128928617884,35,0.052552552552552555,24.886997351977534,0.20237426321515614,0.2596800191765531,17,0.025525525525525526,17.639270987778264,0.11757088491091892,0.2171075393781862,10,0.015015015015015015,13.597815722023372,0.07460746122510926,0.20125353106053268,7,0.010510510510510511,9.82399176886044,0.04130805090178718,0.25444217969760896
MRNA,bStock+Ondo,False,2018-12-07,407,1531,1959,0.0014023041586411786,0.02968670035129582,2.0064588392057954,30.946773039753516,0.0012824443956530745,0.0334903101616836,10.962662177946982,266.2540213676706,0.0010081980841690212,0.04146076912719755,0.9340908187318449,13.080302594576867,0.0026252178216618184,0.0608612662313399,12.698900292869986,362.3892547710784,0.23792599287013771,0.785752042109548,0.2140738406318638,-0.21183433758436576,2025-01-10,0.2916478667897926,2020-05-15,0.23917567471579151,0.040882427644415305,0.05086160530085707,0.9529662010100608,22,0.05405405405405406,14.621018159003679,0.23392986351818262,0.23106948912425884,8,0.019656019656019656,8.437335560351887,0.11873544418351016,0.1655446677374662,7,0.0171990171990172,4.795230558737557,0.05549685650939629,0.30990975490846395,1,0.002457002457002457,2.747772422220289,0.017600670258460613,0.13959709607203055
UBER,Ondo,False,2019-05-10,385,1450,1854,-0.00014209885234190428,0.017753081435596427,-0.8967681158300785,8.31566142571309,0.0010864167157369359,0.018638180422002507,0.8693953924117803,12.015346680577371,-4.8356721861679294e-05,0.02568820448348635,0.8081416054639304,10.174048287671102,0.0007673545195334174,0.031657902658971226,1.1405078574767942,14.912035503087768,0.31447288987875655,0.9072781826293471,0.12801929082706154,-0.10840711157457605,2020-03-13,0.07887868790330654,2020-07-02,0.16206377326530402,-0.09422783967509815,-0.015726721301170275,-0.15705334472290963,14,0.03636363636363636,8.125619527090423,0.1407047572486649,0.2584392814762587,6,0.015584415584415584,4.134893096455872,0.04578091289166972,0.34041294941611616,2,0.005194805194805195,1.7866469641423761,0.015194752487453717,0.34188152779023795,2,0.005194805194805195,0.22820540570081788,0.0039482032235401456,1.315739059183303
PLTR,bStock+Ondo,False,2020-09-30,312,1176,1503,0.00074904679039029,0.027233847192737023,-1.4572915237719684,10.159667137229944,0.00135652797358642,0.024761361054913843,2.1673469894841024,20.453573198740962,0.0016851137213070423,0.036751243435961214,0.9191527603251333,4.761827950004513,0.0029512505619175766,0.044133975510110855,1.137892487890301,6.740194245816614,0.38077803933092336,1.2096757290188564,0.19638606496312871,-0.17932483275489164,2022-05-06,0.09309844507110299,2021-02-05,0.23753886163726612,0.2570282619428675,0.01918881548983668,0.4858220789445935,17,0.05448717948717949,19.98550177461553,0.2245069703518058,0.24269705034902594,9,0.028846153846153848,12.658984154692114,0.10777378038323708,0.26765465351200135,4,0.01282051282051282,8.549897830124406,0.046246605920904106,0.2772206211724993,3,0.009615384615384616,4.721499554981437,0.011513196988013133,0.8351619993469748
SOFI,Ondo,False,2021-01-04,298,1126,1438,0.003262327154896404,0.027362085703490073,0.7167462341911418,6.299885946224055,0.0016506246668964147,0.024783620714733116,1.541792623679573,12.788604059860575,-0.0007044551251309183,0.039078820010211325,2.331294532999145,32.064558452242316,0.001194838021654343,0.0450720924505201,1.952143431457914,21.011665031102083,0.3685385788632862,1.2189022804138474,0.19731080601514722,-0.11104909389764461,2025-01-24,0.15748029229492477,2024-01-26,0.4116121000148538,-0.3613298580255741,0.15057679812058058,2.0581946466998713,21,0.07046979865771812,14.741421006554459,0.22357116192852172,0.31520075330756714,8,0.026845637583892617,6.438946662011667,0.10571170063242989,0.2539514303836391,3,0.010067114093959731,2.718507229635103,0.0433479746456162,0.23223954928140625,1,0.003355704697986577,0.37077496300820834,0.009199311636247256,0.36477780410920996
COIN,bStock+Ondo,False,2021-04-14,284,1071,1369,0.0004179703843893825,0.03370213272833774,-1.553068062542248,9.951551707164802,0.000473487758721101,0.03128811965716728,0.3511311245691646,17.62724583983377,0.0006447852406518944,0.045712512471917474,0.47889433479431204,2.3253189153082667,0.0010457642812992595,0.05344752205300499,0.4911514044314186,2.6200734226669384,0.3976121244880354,1.1602613929424532,0.24302953528902957,-0.21342188681128338,2022-06-10,0.10921920806239394,2024-11-08,-0.02147380258324117,-0.09764853400345913,-0.008975404846298201,0.20900048599332294,31,0.10915492957746478,29.053123905376463,0.2676856066585696,0.40777287557597686,9,0.03169014084507042,16.052287691844263,0.15341097737348144,0.2065702297686317,5,0.017605633802816902,11.754608098462946,0.08039885519202714,0.21897866282756212,2,0.007042253521126761,7.780439380880595,0.027330448660799086,0.2576706152368323
HOOD,bStock+Ondo,False,2021-07-29,269,1012,1295,-4.360116468798041e-05,0.02669078531086084,-0.919407023425647,9.03634723963256,0.0004425954553921481,0.02610515213694977,1.008336868902336,12.354834720835994,0.0016759594806316643,0.03950545645303484,0.9360391517518453,7.769803498696639,0.002017734440302755,0.046584856735040064,1.2488014162584198,13.841631077647715,0.3282714969709048,1.0453705159877198,0.1924699900414196,-0.1778523210716484,2024-08-02,0.09264194818190563,2025-09-05,-0.0030967932855229035,0.2287637741349888,-0.021183281583006773,-0.026792477730774807,22,0.08178438661710037,19.293388107571946,0.2229913766898808,0.3667603107847519,8,0.02973977695167286,9.725208003648763,0.10779904490776208,0.27588163677256705,3,0.011152416356877323,5.863129570964409,0.04654907499747599,0.2395840595647075,2,0.007434944237918215,3.30994170392176,0.011311199219258567,0.6573082211530145
RIVN,Ondo,False,2021-11-10,254,954,1222,-0.002415477041890785,0.02202941453569834,-1.4925341237274303,7.335064708093476,0.00019503949877990327,0.027998113663893587,3.0850306517814734,45.3959091111625,-0.00010148749145468413,0.039801024224952734,0.22092282880186676,1.3777439272181695,-0.0003771347168488405,0.04842397108278185,0.4052882419364889,4.247207282870828,0.20695937656172655,0.6190822694235815,0.1588563673538242,-0.13164295918737812,2022-05-06,0.07082835029911938,2023-06-30,-0.17327111252518249,-0.2235724296167678,-0.13909513737998563,-1.7474985219089747,20,0.07874015748031496,16.204680064776372,0.24933875892274843,0.31579589880252307,6,0.023622047244094488,7.966863708337361,0.13258436589706482,0.1781661592169476,2,0.007874015748031496,4.378275195226061,0.06239672880827203,0.1261927652045058,2,0.007874015748031496,2.0160704708166115,0.016270697304906847,0.4839384324147487
