ticker,z_q0.005,z_q0.01,z_q0.025,z_q0.05,n,pooled_q0.01,pooled_q0.05
AAL,-2.2228510591569703,-1.803879666798535,-1.1372833102977145,-0.7733349179768756,1091,-1.9028817837790182,-0.9039893938970622
AAPL,-2.9231858007297546,-2.2437592382561,-1.3748859498997297,-0.8983374259388859,1911,-1.9028817837790182,-0.9039893938970622
AMC,-2.5135442840773603,-2.1648225609815244,-1.0145389566572334,-0.7363871468430186,662,-1.9028817837790182,-0.9039893938970622
AMD,-1.7761967593014263,-1.5345853137897814,-1.007846367378187,-0.7467925648066149,1911,-1.9028817837790182,-0.9039893938970622
AMZN,-2.262553861598508,-1.635999715776828,-1.1145039303968636,-0.7945223528417447,1527,-1.9028817837790182,-0.9039893938970622
AVGO,-2.826367899499645,-2.207823475434387,-1.1382214843594023,-0.7787903639093313,890,-1.9028817837790182,-0.9039893938970622
BA,-2.2076632292745932,-1.8219659342313403,-1.2544264024436405,-0.9211492603846414,1911,-1.9028817837790182,-0.9039893938970622
BAC,-2.705751400320314,-1.958031092260758,-1.3728445410659516,-0.9379042770314063,1911,-1.9028817837790182,-0.9039893938970622
C,-2.4508823872328414,-2.2462539629625455,-1.4310818409104848,-0.9497743257709368,1911,-1.9028817837790182,-0.9039893938970622
COIN,-2.412727911389476,-1.8487206315639422,-1.2753518349965591,-0.9906299633761579,280,-1.9028817837790182,-0.9039893938970622
DIS,-2.062702815684258,-1.6164983911208965,-1.122448911725653,-0.8270359757218988,1911,-1.9028817837790182,-0.9039893938970622
EEM,-3.357627757539691,-2.6209873872349836,-1.9644436473641669,-1.4882090218379393,1219,-1.9028817837790182,-0.9039893938970622
GLD,-2.952350380686397,-2.456698781481158,-1.9621836232963419,-1.441544514531963,1136,-1.9028817837790182,-0.9039893938970622
GME,-2.240970135881243,-1.6230593835819647,-1.0139026329821201,-0.6790308905734546,1280,-1.9028817837790182,-0.9039893938970622
GOOGL,-2.7105979737061165,-2.159532920505573,-1.3221590835694155,-0.9433644340826223,1149,-1.9028817837790182,-0.9039893938970622
HOOD,-1.669233892879913,-1.4928309763258898,-1.2521038421969903,-0.851211568888844,265,-1.9028817837790182,-0.9039893938970622
HYG,-3.433828467103345,-2.711440079858979,-1.5625982856581342,-1.0872176678162844,1011,-1.9028817837790182,-0.9039893938970622
INTC,-1.888950026256569,-1.516255794316325,-1.0282661306592455,-0.7599748194341285,1911,-1.9028817837790182,-0.9039893938970622
IWM,-2.187561714513411,-1.799383954244526,-1.2973467715199307,-0.9227137967009462,1368,-1.9028817837790182,-0.9039893938970622
JPM,-2.1840838381122163,-1.8246404294781855,-1.3104435037589337,-0.9512278687926992,1911,-1.9028817837790182,-0.9039893938970622
LLY,-2.6942244745844612,-2.012626291737699,-1.2054322872152126,-0.8055178346096106,1911,-1.9028817837790182,-0.9039893938970622
MA,-2.806258921870163,-2.434975027678768,-1.4017075934945133,-0.9618807803830199,1057,-1.9028817837790182,-0.9039893938970622
META,-2.465774712500336,-1.8221108596627604,-1.4440633211666556,-0.9933725897409045,744,-1.9028817837790182,-0.9039893938970622
MRNA,-2.0270667452658575,-1.3575783168567523,-0.9572355847400883,-0.6827639881707209,402,-1.9028817837790182,-0.9039893938970622
MSFT,-2.659671429824254,-1.8325548266974312,-1.2007560759276659,-0.7987081908336651,1911,-1.9028817837790182,-0.9039893938970622
MSTR,-2.2621576760658533,-1.687042198488689,-1.024446818711347,-0.758375358187305,1471,-1.9028817837790182,-0.9039893938970622
MU,-1.975454148753819,-1.5144158052576921,-1.059040691884843,-0.7214979280476888,1911,-1.9028817837790182,-0.9039893938970622
NFLX,-2.1719784317998605,-1.442187458232069,-0.9784176150247885,-0.7195405799306247,1266,-1.9028817837790182,-0.9039893938970622
NKE,-2.8243557276430002,-1.6569892972115845,-1.1208789686335339,-0.7792845429771914,1911,-1.9028817837790182,-0.9039893938970622
NVDA,-2.449022555746882,-1.8194558812953823,-1.2536550785030238,-0.8371274675380792,1438,-1.9028817837790182,-0.9039893938970622
ORCL,-2.5264938912371657,-1.7075843170286025,-1.0504464657815928,-0.7674132613239303,1911,-1.9028817837790182,-0.9039893938970622
PFE,-2.812045934981298,-1.8820828665455935,-1.3390812576648767,-1.014926238318026,1911,-1.9028817837790182,-0.9039893938970622
PLTR,-4.099175261244576,-1.908140312838506,-1.1911563032134322,-0.7745086890733646,308,-1.9028817837790182,-0.9039893938970622
QQQ,-2.939520648576636,-2.008785216727938,-1.351849705238231,-0.929247470332907,1432,-1.9028817837790182,-0.9039893938970622
RIVN,-2.2821291361627116,-1.4658315980968404,-1.1895260560379084,-0.7772779783798608,250,-1.9028817837790182,-0.9039893938970622
SCHW,-1.9850462874896737,-1.595483504916767,-1.10704855726495,-0.8652872682007249,1911,-1.9028817837790182,-0.9039893938970622
SMCI,-2.1168414412064394,-1.802356720401076,-1.0645391261125792,-0.7418707361677404,1013,-1.9028817837790182,-0.9039893938970622
SOFI,-2.537580042917113,-1.5275273960679947,-1.166308083676615,-0.8873335700397931,294,-1.9028817837790182,-0.9039893938970622
SOXS,-2.1339590027963826,-1.5904195279421585,-1.1393394014814373,-0.9446938050454043,858,-1.9028817837790182,-0.9039893938970622
SPY,-3.1294402795491636,-2.150052813047261,-1.445623861183701,-1.0327644512890541,1750,-1.9028817837790182,-0.9039893938970622
SQQQ,-2.427311243580891,-1.675014086961387,-1.2557996330110146,-1.0546600081770545,863,-1.9028817837790182,-0.9039893938970622
TLT,-2.130928960181968,-1.7790910856324942,-1.3404609527351294,-1.1603144210694334,1256,-1.9028817837790182,-0.9039893938970622
TQQQ,-3.199324520798765,-2.552681997022542,-1.698869126594893,-1.150833710458771,863,-1.9028817837790182,-0.9039893938970622
TSLA,-2.2765207057849066,-1.804101548056421,-1.1845549140483076,-0.9415610735506119,843,-1.9028817837790182,-0.9039893938970622
UBER,-2.098050607927274,-1.9202160640472765,-1.272928068684101,-0.9447147509305518,380,-1.9028817837790182,-0.9039893938970622
UNH,-2.1250248136548024,-1.6117492312756587,-1.0596069581832133,-0.7318318480327267,1911,-1.9028817837790182,-0.9039893938970622
V,-3.022970850222346,-2.267577728949772,-1.397202910822413,-0.9765823911246977,962,-1.9028817837790182,-0.9039893938970622
XOM,-1.7418646850339876,-1.576605546087718,-1.2352936461731114,-0.9364977900218123,1911,-1.9028817837790182,-0.9039893938970622
