year,ticker,n_hist,v3_xi,v3_beta,v3_u,v4_n
2005,AAL,0,,,,17065
2005,AAPL,782,0.41673688330832026,0.007990352509106388,0.012252181526877482,17065
2005,AIG,782,0.2275336853010887,0.004150380351580718,0.0065769560497798574,17065
2005,AMD,782,0.26925501942630525,0.010969532821065827,0.015032763922654601,17065
2005,AMZN,398,-0.15285312406120988,0.020088166404874756,0.02213791462671962,17065
2005,BA,782,0.2840877478885915,0.006264821812312633,0.0063675158804184055,17065
2005,BAC,782,0.20779390111791046,0.005647813342433777,0.009476516713297712,17065
2005,C,782,0.3496592977034393,0.005613152720377488,0.01121109923637435,17065
2005,DIS,782,0.05455153812365797,0.007291084298994632,0.006786443549699517,17065
2005,EEM,90,,,,17065
2005,GLD,7,,,,17065
2005,GME,151,0.2537962363534027,0.0069523438231754164,0.006802586012014,17065
2005,GOOGL,20,,,,17065
2005,INTC,782,0.29804776644551845,0.008688915451249429,0.01196133064882545,17065
2005,IWM,240,-0.25885258111088655,0.004298962135358552,0.006877066366415184,17065
2005,JPM,782,-0.17930412272194207,0.01112128725877855,0.011068244178427066,17065
2005,LLY,782,0.18729311863656267,0.006065729905070632,0.009558152053398081,17065
2005,MSFT,782,0.645845441418509,0.00493064016828863,0.009677893564912252,17065
2005,MSTR,342,0.4523009687801319,0.019471392007462805,0.01795933133732538,17065
2005,MU,782,0.12270648920829064,0.009886534410481304,0.015084294659797767,17065
2005,NFLX,137,,,,17065
2005,NKE,782,0.24043342380932403,0.008724573116966804,0.007867430938207685,17065
2005,NVDA,310,0.08942263380361998,0.013139472651503916,0.025797912536710824,17065
2005,ORCL,782,0.36476251009121324,0.007667782011475944,0.012340720432799945,17065
2005,PFE,782,0.3430437441813179,0.006855508530533483,0.010946249474333874,17065
2005,QQQ,303,-0.01240379756749236,0.008035087696773762,0.011421924401999763,17065
2005,SCHW,782,0.17236885412045905,0.008346860690240604,0.016000453841231395,17065
2005,SPY,622,0.03879984887885664,0.004666841960706002,0.0051667573651285595,17065
2005,TLT,127,,,,17065
2005,UNH,782,0.46883563889709495,0.004825854348820607,0.010227527897575493,17065
2005,WAL,0,,,,17065
2005,XLF,314,0.27047046982573814,0.00405544362293222,0.010537655463632722,17065
2005,XOM,782,0.10865959616550726,0.004154144527455186,0.006005512646513766,17065
2006,AAL,14,,,,18718
2006,AAPL,834,0.4126333951672548,0.007832788930031547,0.011921758762230929,18718
2006,AIG,834,0.22266146511508733,0.004319053191115527,0.00685240919324533,18718
2006,AMD,834,0.25445178644786515,0.011159940090794084,0.01449275362318836,18718
2006,AMZN,450,-0.0797824658094277,0.017606386122739338,0.021292675725381575,18718
2006,BA,834,0.28284657648254347,0.006076706343872954,0.006310866449463465,18718
2006,BAC,834,0.17812864963495378,0.005923819593323039,0.00902157468871715,18718
2006,C,834,0.26472829071713344,0.006337590158481085,0.010573350805147432,18718
2006,DIS,834,0.05860537981118383,0.007100307209688824,0.006706229611886058,18718
2006,EEM,142,,,,18718
2006,GLD,59,,,,18718
2006,GME,203,0.25584896107486227,0.005938951271941013,0.006796447076547141,18718
2006,GOOGL,72,,,,18718
2006,INTC,834,0.3460382022963917,0.007885229068552116,0.011693220124863705,18718
2006,IWM,292,-0.3355612902395576,0.005221792723942175,0.005610669599392865,18718
2006,JPM,834,-0.12133244064842497,0.010136640757981758,0.010885146097524771,18718
2006,KRE,0,,,,18718
2006,LLY,834,0.22284218242539347,0.00563511634929131,0.009345740141748094,18718
2006,MA,0,,,,18718
2006,MSFT,834,0.627605073555966,0.004879666565995966,0.009324886002954825,18718
2006,MSTR,394,0.5251368844184434,0.015854729329966927,0.01739335604568769,18718
2006,MU,834,0.12475325544713967,0.009664918379367941,0.014762926797959555,18718
2006,NFLX,189,-0.26021143437621286,0.016514148098373337,0.021177196146714868,18718
2006,NKE,834,0.252632842161051,0.008331740660583183,0.007564541555918171,18718
2006,NVDA,362,-0.004376286560811932,0.015450854092369466,0.02232987154995435,18718
2006,ORCL,834,0.39450908345023517,0.007058686315219742,0.012136857940873977,18718
2006,PFE,834,0.3356416017797563,0.006818161482129572,0.010463507604998161,18718
2006,QQQ,355,-0.018377753847222456,0.00811892149655418,0.010212396686159433,18718
2006,SCHW,834,0.1289501160929653,0.008956602634491247,0.015151811944688532,18718
2006,SPY,674,0.042748279402760395,0.004619815020185637,0.00482473763342758,18718
2006,TLT,179,-0.4717161120813357,0.00291838616500617,0.004567206147613884,18718
2006,UNH,834,0.3913980530751371,0.005320053877385621,0.00970540532736428,18718
2006,WAL,27,,,,18718
2006,XLF,366,0.16618142680556805,0.004772827451524644,0.009503555414882237,18718
2006,XOM,834,0.12910033244705166,0.0039391482140008795,0.005951331098411528,18718
2007,AAL,66,,,,20494
2007,AAPL,886,0.3851205131488573,0.008038865460403735,0.011450647613391485,20494
2007,AIG,886,0.16309260572244036,0.0048092960961999,0.006374081389170616,20494
2007,AMD,886,0.24999633434366855,0.011110998479841821,0.014457915273132615,20494
2007,AMZN,502,-0.057986869154723286,0.016922524093472294,0.019735003073384317,20494
2007,BA,886,0.2855814148684235,0.005854855875807009,0.00628559736485812,20494
2007,BAC,886,0.1491096194292406,0.006209982792579647,0.008729611393795633,20494
2007,C,886,0.25431278712879113,0.006329887738288095,0.010236713167155242,20494
2007,DIS,886,0.05097715240664663,0.007265051999896692,0.006622475195277755,20494
2007,EEM,194,0.5672548193089706,0.004420092695873189,0.005969006810734713,20494
2007,GLD,111,,,,20494
2007,GME,255,0.07409478615882772,0.00839725077183352,0.007319963806461692,20494
2007,GOOGL,124,,,,20494
2007,HYG,0,,,,20494
2007,INTC,886,0.37063537520256223,0.007418922964061835,0.011384840167681765,20494
2007,IWM,344,-0.30241270382259733,0.004969274865272407,0.005333705363475847,20494
2007,JPM,886,-0.09514381865427682,0.009752546408397969,0.010498487340571239,20494
2007,KRE,28,,,,20494
2007,LLY,886,0.18792679536053758,0.00589939358431767,0.008977147775828254,20494
2007,MA,32,,,,20494
2007,MSFT,886,0.6118858953896862,0.004807619958801367,0.009045318814891234,20494
2007,MSTR,446,0.4329131273782518,0.017471958103294858,0.014828206838693347,20494
2007,MU,886,0.11519083744495981,0.009745972320084687,0.014276161603178739,20494
2007,NFLX,241,-0.1746033183345352,0.014567180304953794,0.01902970320840225,20494
2007,NKE,886,0.28149321741288047,0.007721814204903683,0.007394469838667761,20494
2007,NVDA,414,-0.04199803661981099,0.016715048207197936,0.019718181808020572,20494
2007,ORCL,886,0.39680529725864333,0.006870321216605388,0.011747360615661506,20494
2007,PFE,886,0.4241473562240178,0.006675856772547331,0.010097593121300041,20494
2007,QQQ,407,0.05320919278956049,0.00718128341980287,0.009599617451602302,20494
2007,SCHW,886,0.12720429609422385,0.00888198268515239,0.014706222480019293,20494
2007,SMCI,0,,,,20494
2007,SPY,726,0.08161891914576708,0.004265169916790363,0.004697092527297886,20494
2007,TLT,231,-0.2653528452937242,0.0023431988496900964,0.0043026581850693635,20494
2007,UNH,886,0.40464073002804035,0.005178475573580718,0.009656318687387755,20494
2007,WAL,79,,,,20494
2007,XLF,418,0.1719263728829652,0.004624657925042633,0.008923133558864961,20494
2007,XOM,886,0.13482174218882587,0.0037931824975852386,0.006004567089870294,20494
2008,AAL,118,,,,22392
2008,AAPL,938,0.3932305169582599,0.007694205990927449,0.011210063591242464,22392
2008,AIG,938,0.16507454642156716,0.004663191438735029,0.0063695105408949956,22392
2008,AMD,938,0.2565613912303985,0.010886066849294208,0.014144869215291737,22392
2008,AMZN,554,-0.010845943608212533,0.015600924355280446,0.018807453322032652,22392
2008,BA,938,0.2999206890889188,0.00556961820340312,0.00619988955593217,22392
2008,BAC,938,0.13675655186476704,0.0064170370372754314,0.008410963927410312,22392
2008,C,938,0.23803886433460916,0.006775636659941121,0.010228632540703234,22392
2008,DIS,938,0.013279091620271452,0.0077102888462801155,0.006388305802193486,22392
2008,EEM,246,0.48945447039029044,0.004988163682599809,0.007680319058918084,22392
2008,GLD,163,-0.22517581120807934,0.00939212194032386,0.009457996757010293,22392
2008,GME,307,0.08024608808341957,0.008287032917833125,0.006945911693437624,22392
2008,GOOGL,176,0.668201928740836,0.0026759767662322374,0.006941038691705981,22392
2008,HYG,38,,,,22392
2008,INTC,938,0.40827418074597915,0.0068182133090749115,0.011221810406807278,22392
2008,IWM,396,-0.3200221571548248,0.005140942727310204,0.005143210704884271,22392
2008,JPM,938,-0.051515629447386684,0.009087068765321095,0.010297398888226063,22392
2008,KRE,80,,,,22392
2008,LLY,938,0.13488143444483908,0.006459313886603668,0.008347294639564207,22392
2008,MA,84,,,,22392
2008,MSFT,938,0.6314399423885149,0.0044745211989005145,0.008936728225617354,22392
2008,MSTR,498,0.35611705533472027,0.019705432913497266,0.011285012285012266,22392
2008,MU,938,0.10259499301185643,0.009836614351273188,0.013898741169971742,22392
2008,NFLX,293,0.032381570431709715,0.013382370221256639,0.018981026984676744,22392
2008,NKE,938,0.26904754012925175,0.00772208717085999,0.007410765052783054,22392
2008,NVDA,466,-0.0753430557388649,0.01773593329403047,0.017980361056179617,22392
2008,ORCL,938,0.4005146437178476,0.006663508579829829,0.011425911773001698,22392
2008,PFE,938,0.4290369823969825,0.006431995758652406,0.009847547836136778,22392
2008,QQQ,459,0.04445891812224408,0.0072193571762918,0.008784417576783499,22392
2008,SCHW,938,0.10053623346029938,0.00929126147607906,0.013984667118741191,22392
2008,SMCI,40,,,,22392
2008,SPY,778,0.08024137876391306,0.004211002067051762,0.004553110325314532,22392
2008,TLT,283,-0.10277215113932706,0.0018418436349241412,0.004181184852220498,22392
2008,UNH,938,0.3495054176494195,0.005547998508957359,0.009323368911701983,22392
2008,V,0,,,,22392
2008,WAL,131,,,,22392
2008,XLF,470,0.21397399631143055,0.004373534055834263,0.00889609682183543,22392
2008,XOM,938,0.09443663905375496,0.003937191850397051,0.00602743316319091,22392
2009,AAL,170,-0.09825637866036639,0.01635150298931318,0.016440126367514362,24357
2009,AAPL,990,0.42214214270105643,0.008370344348576853,0.011760478905941089,24357
2009,AIG,990,0.5680197653965195,0.004457562103933523,0.006730286238130662,24357
2009,AMD,990,0.2510908892095336,0.01183827482169258,0.014430043190920373,24357
2009,AMZN,606,-0.05964254305803602,0.017464653331044466,0.01880222406840265,24357
2009,AVGO,0,,,,24357
2009,BA,990,0.3444915964896099,0.005941074855613033,0.006803449926832017,24357
2009,BAC,990,0.403932822439705,0.0062928832417076894,0.009071698515325168,24357
2009,C,990,0.43994926351114294,0.006806797361265722,0.01095345138950782,24357
2009,DIS,990,0.04761060314532982,0.008292935846815896,0.007145952146300817,24357
2009,EEM,298,0.17991740864447767,0.01360635485680378,0.008703556010982329,24357
2009,GLD,215,0.05232694139602091,0.007933846487700206,0.011509019541542573,24357
2009,GME,359,0.25164914567751046,0.00976930872622703,0.008505545573741523,24357
2009,GOOGL,228,0.5025673639048582,0.006611211548856541,0.008643873488594002,24357
2009,HYG,90,,,,24357
2009,INTC,990,0.30772012091620515,0.008057122589367024,0.011260295838546343,24357
2009,IWM,448,0.49715778354682294,0.0034386239334507247,0.006237187024225177,24357
2009,JPM,990,0.06108300492678166,0.009804156364262524,0.010670226481910607,24357
2009,KRE,132,,,,24357
2009,LLY,990,0.1420655358780726,0.007109257689007227,0.00865623864468191,24357
2009,MA,136,,,,24357
2009,MSFT,990,0.5449955253725929,0.0053637430700681004,0.009066543391419492,24357
2009,MSTR,550,0.392985972669703,0.017792295569957328,0.013219170878180878,24357
2009,MU,990,0.1577590729968663,0.010118381260975114,0.01459845406830701,24357
2009,NFLX,345,0.14109368683557716,0.013400560315774043,0.01893235076095124,24357
2009,NKE,990,0.26027123325754675,0.008340320630004845,0.0076953944187422105,24357
2009,NVDA,518,-0.07618547274740496,0.01947646692123761,0.01826568143432625,24357
2009,ORCL,990,0.3733502288151082,0.007321183532943374,0.011733733562134852,24357
2009,PFE,990,0.3863547776575092,0.006913366614774399,0.010090141400401797,24357
2009,QQQ,511,0.06999991471666905,0.008020339027763923,0.009444777092984524,24357
2009,SCHW,990,0.0717821781483392,0.010391716740742105,0.014366831103019203,24357
2009,SMCI,92,,,,24357
2009,SPY,830,0.2299654887247553,0.004611664282491657,0.004734630825776888,24357
2009,TLT,335,-0.15492439585621356,0.00209324352737247,0.004740364797354896,24357
2009,UNH,990,0.3657836366841079,0.005865104840337256,0.009623716270769047,24357
2009,V,41,,,,24357
2009,WAL,183,-0.23626531490998998,0.01455375685569104,0.009053185665655964,24357
2009,XLF,522,0.5279389487073429,0.005102768366591187,0.0093190723935488,24357
2009,XOM,990,0.2572036308946657,0.004479294078484524,0.006172349567257041,24357
2010,AAL,223,0.0920376260564139,0.017000716687420182,0.02252443338539074,26393
2010,AAPL,1043,0.44826181090168943,0.0076708868686393,0.011987551703274172,26393
2010,AIG,1043,0.6491322880001162,0.005959880152342689,0.0074707675471837225,26393
2010,AMD,1043,0.15737922099885723,0.013704819882795687,0.015095430884904532,26393
2010,AMZN,659,-0.05714925742754677,0.01717780331406064,0.018122618905642256,26393
2010,AVGO,22,,,,26393
2010,BA,1043,0.2564098575076818,0.006996563669539539,0.007328195419132836,26393
2010,BAC,1043,0.5982982064279122,0.007204104230330156,0.010123797176986958,26393
2010,C,1043,0.45175188842833375,0.008361435099428306,0.011544640868058112,26393
2010,DIS,1043,-0.01620627463722576,0.00892541955023603,0.008284138029321247,26393
2010,EEM,351,-0.13506747108351974,0.01874144635583063,0.013270402675913728,26393
2010,GLD,268,0.13037343402493728,0.0064680557996275815,0.01306062398044961,26393
2010,GME,412,0.0005391890166424042,0.013107825290764766,0.009882690266213474,26393
2010,GOOGL,281,0.06959779414411117,0.010598670845826354,0.009482517441271265,26393
2010,HYG,143,,,,26393
2010,INTC,1043,0.29589482184647614,0.007806559178160002,0.011700267917365208,26393
2010,IWM,501,0.12165078327264159,0.006823988600173008,0.007405280182940732,26393
2010,JPM,1043,0.05047000509335618,0.012731720964851725,0.011160864365627785,26393
2010,KRE,185,-0.07025441302966526,0.016422460686489664,0.014223626406729693,26393
2010,LLY,1043,0.2223943334602252,0.006566901393706868,0.008979252649326086,26393
2010,MA,189,-0.07997549137078885,0.014415632278794933,0.01639261006990728,26393
2010,MSFT,1043,0.5342231291333912,0.005248056453760247,0.009413054620250801,26393
2010,MSTR,603,0.513664842950204,0.013128162280549896,0.014314148765166259,26393
2010,MU,1043,0.12181201521123478,0.011137393986620843,0.014910744235019618,26393
2010,NFLX,398,0.10800387505350745,0.013860278707552198,0.017053950773618605,26393
2010,NKE,1043,0.2647602283429059,0.007700719895322839,0.0085675658817856,26393
2010,NVDA,571,-0.0921789123897176,0.019520109294647734,0.018245070793360352,26393
2010,ORCL,1043,0.40131246743736104,0.007152088310868603,0.011916205921530322,26393
2010,PFE,1043,0.40380019213296015,0.006745163022146986,0.010509989016247424,26393
2010,QQQ,564,0.05415715152140914,0.007964373167414156,0.009711419896233763,26393
2010,SCHW,1043,0.12720829417298785,0.009276581182578583,0.015565221974519148,26393
2010,SMCI,145,,,,26393
2010,SOXS,0,,,,26393
2010,SPY,883,0.06466221724313984,0.006197936498284391,0.005513898428883947,26393
2010,SQQQ,0,,,,26393
2010,TLT,388,0.215847352052735,0.0022490419290535366,0.005172513478949349,26393
2010,TQQQ,0,,,,26393
2010,TSLA,0,,,,26393
2010,UNH,1043,0.41364109634717894,0.005667443224141578,0.010220095860863743,26393
2010,V,94,,,,26393
2010,WAL,236,0.2769707428959103,0.012603096015675054,0.01350848049088993,26393
2010,XLF,575,0.4519165401629651,0.008151892050306725,0.010808176209400068,26393
2010,XOM,1043,0.1666204891016362,0.005327573869153246,0.007024932496993675,26393
2011,AAL,275,0.13181526812551742,0.01558444825450864,0.019596812025278208,28585
2011,AAPL,1095,0.4165137205650422,0.007944619165114387,0.011435661240725392,28585
2011,AIG,1095,0.6311072353385608,0.005997187127058813,0.007432725851913348,28585
2011,AMD,1095,0.1753296363875819,0.013058150612596457,0.014863921329041465,28585
2011,AMZN,711,0.0006718527280858951,0.01552043755321663,0.017673107181450542,28585
2011,AVGO,74,,,,28585
2011,BA,1095,0.26778725176862395,0.006713534123014688,0.007331848826057952,28585
2011,BAC,1095,0.5917114691516643,0.007019360769246063,0.00996540845066052,28585
2011,C,1095,0.4423201674234317,0.008233799364516549,0.011513423028704995,28585
2011,DIS,1095,0.01324753044735627,0.008409515982525297,0.008207024399487195,28585
2011,EEM,403,-0.0014402796113747222,0.015403062424727986,0.011836653979493385,28585
2011,GLD,320,0.018293710226560414,0.007677401067727941,0.011371081945581491,28585
2011,GME,464,0.07294789722871586,0.01174449508510706,0.008915873914898996,28585
2011,GOOGL,333,0.23109154020262357,0.007834671804449123,0.009321254670385762,28585
2011,HYG,195,-0.12030761355473374,0.004859448938059162,0.0048894446068901126,28585
2011,INTC,1095,0.2888750751559348,0.007793351007083994,0.011298618691558262,28585
2011,IWM,553,0.21147040404163886,0.005842893045651757,0.007038747743233609,28585
2011,JPM,1095,0.09932650489974004,0.011677454176064722,0.011008912954929052,28585
2011,KRE,237,0.03804718787270239,0.013643820675600007,0.011985239480630043,28585
2011,LLY,1095,0.2052393027963915,0.006661822603676192,0.00870153642351206,28585
2011,MA,241,0.22394315411008545,0.00902841963977832,0.015395763846306032,28585
2011,MSFT,1095,0.5167583476050261,0.005252001514402126,0.009226244913685849,28585
2011,MSTR,655,0.4619628251614789,0.013775282030361668,0.01297410192147036,28585
2011,MU,1095,0.1370886239701647,0.01072683790160123,0.014598501889239501,28585
2011,NFLX,450,0.17566607281786234,0.01193217010039202,0.01657565439965906,28585
2011,NKE,1095,0.2837647034010526,0.007279072633771435,0.008453801200503631,28585
2011,NVDA,623,-0.04583700439976358,0.017729563071287528,0.017439945728276594,28585
2011,ORCL,1095,0.423527376794007,0.006762339594186361,0.011690710677426086,28585
2011,PFE,1095,0.3803823339040091,0.006917707338586018,0.010052890120611216,28585
2011,QQQ,616,0.061234322083555226,0.007818617894178908,0.0091027959763465,28585
2011,SCHW,1095,0.1009635445060156,0.009653591628750416,0.014940306083896232,28585
2011,SMCI,197,0.420559003159087,0.006927738050618925,0.013179018295358325,28585
2011,SOXS,43,,,,28585
2011,SPY,935,0.09606634649742953,0.005801683247501525,0.005430472171971613,28585
2011,SQQQ,47,,,,28585
2011,TLT,440,0.18467851355901588,0.002903071344179212,0.005236111381411191,28585
2011,TQQQ,47,,,,28585
2011,TSLA,27,,,,28585
2011,UNH,1095,0.3430521911279516,0.006225393801471446,0.009697406328284286,28585
2011,V,146,,,,28585
2011,WAL,288,0.43264097733046686,0.008997875300487146,0.012717681437949213,28585
2011,XLF,627,0.5710654602576496,0.006660727079276264,0.01052474732508135,28585
2011,XOM,1095,0.20491122697136982,0.0049195251187551395,0.006985165659239835,28585
2012,AAL,327,0.05544098025488295,0.01748717663939197,0.019796934446399645,30821
2012,AAPL,1147,0.3971663232495206,0.008269248998664458,0.011475269610171071,30821
2012,AIG,1147,0.5266325981614283,0.00735771720435573,0.007968817419734079,30821
2012,AMD,1147,0.14983332550211256,0.013788522180896563,0.015209889803275404,30821
2012,AMZN,763,0.029889376484913462,0.01453022768051317,0.01732055840562373,30821
2012,AVGO,126,,,,30821
2012,BA,1147,0.24480711121490223,0.006889158395070899,0.0078974008605786,30821
2012,BAC,1147,0.5504386699114306,0.007896996954989279,0.0105133453822997,30821
2012,C,1147,0.3855524594953168,0.00920441804064229,0.012263949597206936,30821
2012,DIS,1147,-0.0257831507652723,0.008887074065541106,0.008526823549934882,30821
2012,EEM,455,-0.15136085455225923,0.017952746080506794,0.013302208796991023,30821
2012,GLD,372,0.05221771282557651,0.007071449227456677,0.010959328183475538,30821
2012,GME,516,0.04859363946658475,0.011499723813509756,0.009809457235233188,30821
2012,GOOGL,385,0.09907662617562908,0.008886187885798712,0.009977028072202448,30821
2012,HYG,247,0.16779891386787413,0.004301405741666799,0.004841941738528878,30821
2012,INTC,1147,0.2624983492038234,0.008047148931563728,0.011283289550353499,30821
2012,IWM,605,-0.028381427857463525,0.008576570745303564,0.007665072303603316,30821
2012,JPM,1147,0.029510996797224638,0.012821105798648088,0.01129579196717716,30821
2012,KRE,289,-0.02830314838831899,0.014240797665670659,0.012146457954948616,30821
2012,LLY,1147,0.19140471887898658,0.006718317295754254,0.00864833202193545,30821
2012,MA,293,0.317314924080801,0.007408705595295892,0.015302026535941286,30821
2012,META,0,,,,30821
2012,MSFT,1147,0.5587514092206987,0.0047672183929402,0.009594171625310356,30821
2012,MSTR,707,0.4877108339871261,0.012233262354919045,0.014042402457697752,30821
2012,MU,1147,0.12638091261809034,0.010812386641895313,0.015183709715886336,30821
2012,NFLX,502,0.15920249856178448,0.012099275849737976,0.016209717322548372,30821
2012,NKE,1147,0.26189872069426934,0.007505170729195716,0.008707218942555597,30821
2012,NVDA,675,-0.051725274122092275,0.017412744127239258,0.017880512422253372,30821
2012,ORCL,1147,0.39711841895518196,0.006973979322354993,0.011766917970943647,30821
2012,PFE,1147,0.36570247651877896,0.006860699787589037,0.010298769983454175,30821
2012,QQQ,668,0.08726223647212444,0.007294233228045198,0.009667699201409804,30821
2012,SCHW,1147,0.07853376811256767,0.009911003814758432,0.015151639754527869,30821
2012,SMCI,249,0.3235858087182828,0.007350599452910344,0.015750778924163412,30821
2012,SOXS,95,,,,30821
2012,SPY,987,0.06361800710149429,0.006166385510477374,0.006026501761685997,30821
2012,SQQQ,99,,,,30821
2012,TLT,492,0.02758296369855042,0.003975428221932246,0.005597963248813421,30821
2012,TQQQ,99,,,,30821
2012,TSLA,79,,,,30821
2012,UNH,1147,0.3209750168959551,0.006582420418900647,0.009884325384157485,30821
2012,V,198,-0.13750770695866496,0.013497279136144744,0.014757440627775039,30821
2012,WAL,340,0.20163924718432777,0.01267216158117978,0.013426813991549292,30821
2012,XLF,679,0.3978712853282228,0.00816234610731998,0.011038515920541508,30821
2012,XOM,1147,0.13775090682632138,0.005621319200375171,0.007296441309816417,30821
2013,AAL,379,0.11491941568095262,0.015227431538612023,0.018993886148466435,33090
2013,AAPL,1199,0.39812137011168325,0.008000792633066722,0.011467926724144808,33090
2013,AIG,1199,0.527191136015434,0.007384289227722199,0.008451472226709144,33090
2013,AMC,0,,,,33090
2013,AMD,1199,0.17060006938523772,0.012983278716393706,0.015259620616604604,33090
2013,AMZN,815,0.03987587765660261,0.014199334637954556,0.01664139221392381,33090
2013,AVGO,178,0.5254934878693589,0.005015860178603384,0.013771410027128153,33090
2013,BA,1199,0.23444398598736785,0.006822984169359712,0.008006140336085512,33090
2013,BAC,1199,0.49800256844436847,0.008365480295327014,0.010941672946401169,33090
2013,C,1199,0.2990200865306646,0.010383895230172734,0.012318971358384117,33090
2013,DIS,1199,-0.024016177999215467,0.008752236981735256,0.008525912813001213,33090
2013,EEM,507,-0.05509107845466697,0.014878051029902582,0.013913942424317455,33090
2013,GLD,424,-0.050391184971448386,0.008447799606942955,0.009483608749634375,33090
2013,GME,568,0.08001108832854892,0.010886771846077248,0.009001416438830403,33090
2013,GOOGL,437,0.07812555168750507,0.008961078859530194,0.009422786112650086,33090
2013,HYG,299,0.24310183044523714,0.0035696248960820605,0.0044590937637914545,33090
2013,INTC,1199,0.28600436031795706,0.007595965459134554,0.011219692610911249,33090
2013,IWM,657,-0.020587917837504216,0.00816269071551869,0.00797859298018575,33090
2013,JPM,1199,0.003272063269232405,0.013109718585370932,0.011430917680174046,33090
2013,KRE,341,0.025002672525188716,0.012435252442562597,0.011737285921987084,33090
2013,LLY,1199,0.21342682143697186,0.006403909146279347,0.008501954516352965,33090
2013,MA,345,0.19376724908743875,0.00840857178922256,0.013919986995869237,33090
2013,META,33,,,,33090
2013,MSFT,1199,0.5378244740032642,0.004777567688408062,0.00953260776456262,33090
2013,MSTR,759,0.5527255388501755,0.011334349889416243,0.01452690457423202,33090
2013,MU,1199,0.11968842638676477,0.010743506275067248,0.01514282153456664,33090
2013,NFLX,554,0.08715258312468682,0.013178505651556146,0.016457318491018877,33090
2013,NKE,1199,0.27344908636709664,0.007109880735966042,0.008804174003417176,33090
2013,NVDA,727,-0.027844318561301932,0.016480403101993456,0.017372214063619638,33090
2013,ORCL,1199,0.4009415005477508,0.006736587400214383,0.011737140325516517,33090
2013,PFE,1199,0.3464017245515745,0.007036673681211946,0.010124466360799004,33090
2013,QQQ,720,0.09453289042244886,0.007084807780465161,0.00945062159779634,33090
2013,SCHW,1199,0.1052275709383961,0.009375834100582969,0.015051925690467628,33090
2013,SMCI,301,0.4132943770650165,0.006230632876925259,0.015761827764491754,33090
2013,SOXS,147,,,,33090
2013,SPY,1039,0.04961076448793187,0.006137354101052909,0.006142647181166961,33090
2013,SQQQ,151,0.2785482665920096,0.014774266780671078,0.02913331704639488,33090
2013,TLT,544,0.05712333406871179,0.003651771331093452,0.005589820268260614,33090
2013,TQQQ,151,0.19635657565946207,0.012475926819724047,0.025625978789389325,33090
2013,TSLA,131,,,,33090
2013,UNH,1199,0.28128481148637385,0.006881041849497955,0.009699851099508638,33090
2013,V,250,-0.053706983406899944,0.011396243803802367,0.013542620756077138,33090
2013,WAL,392,0.19371997249890405,0.011677596223560238,0.013457558826274231,33090
2013,XLF,731,0.40251572114194595,0.007708917023992772,0.011142413705759857,33090
2013,XOM,1199,0.13636133376540377,0.00549161991755216,0.007343250518204971,33090
2014,AAL,431,0.06226443785293721,0.016465761815275246,0.016984114410523943,35380
2014,AAPL,1251,0.4171619799914398,0.007648197939029497,0.011427581874761339,35380
2014,AIG,1251,0.5082380439182566,0.007386120348523978,0.008325711921589263,35380
2014,AMC,2,,,,35380
2014,AMD,1251,0.19426331809123182,0.01228072551801937,0.015081219972949755,35380
2014,AMZN,867,0.06319752144203465,0.013610789134446896,0.01603743604285512,35380
2014,AVGO,230,0.4657042260247648,0.004687993989869528,0.012865084264162135,35380
2014,BA,1251,0.1675677077241517,0.007393112542093941,0.008147212751876465,35380
2014,BAC,1251,0.48406147951668055,0.008340064794826844,0.010839994918063756,35380
2014,C,1251,0.28594405829096214,0.010365457733322432,0.012293012307903362,35380
2014,DIS,1251,0.0019667129033657145,0.008345052827528263,0.00836795454318029,35380
2014,EEM,559,-0.02301895093824942,0.013985107136329515,0.013281004716272825,35380
2014,GLD,476,0.11068584635409495,0.007477912582659974,0.009330952710068063,35380
2014,GME,620,0.19135423303858567,0.00906234111798216,0.00887491784383795,35380
2014,GOOGL,489,0.15736587582036526,0.007650551476464975,0.009179257179548636,35380
2014,HYG,351,0.20944984320482535,0.00360810680053897,0.0039929206041592336,35380
2014,INTC,1251,0.2567210923130153,0.007893979143300464,0.01075208911491976,35380
2014,IWM,709,0.010183060430096383,0.007638602006967651,0.007839073208366283,35380
2014,JPM,1251,0.015274416372626972,0.012697868836610064,0.01130656157037846,35380
2014,KRE,393,0.0924805972153259,0.010924004878707223,0.010447344610325593,35380
2014,LLY,1251,0.20837811754668753,0.006362199440938661,0.008381176297911574,35380
2014,MA,397,0.04126476772449724,0.010660285056659898,0.011807370851404219,35380
2014,META,85,,,,35380
2014,MSFT,1251,0.5531580848380242,0.004715965339902576,0.009459759332696938,35380
2014,MSTR,811,0.49011391716898767,0.012179863053907647,0.013375263656373093,35380
2014,MU,1251,0.10466726898335191,0.01096584243049505,0.014925546418755209,35380
2014,NFLX,606,0.13478820822471793,0.011861039871988052,0.016096381846759877,35380
2014,NKE,1251,0.26367049490499184,0.0071436614846844965,0.008571574047173569,35380
2014,NVDA,779,-0.012870679636584129,0.015844877223703323,0.01708398866264003,35380
2014,ORCL,1251,0.4253780259932167,0.0063576469912749525,0.01157953058794492,35380
2014,PFE,1251,0.36669224644940857,0.006666090151179169,0.009981508580630183,35380
2014,QQQ,772,0.1222976334897242,0.0066832807323575225,0.009067233420523998,35380
2014,SCHW,1251,0.08550429036507372,0.009628803645177618,0.014633669544187433,35380
2014,SMCI,353,0.18470725584114756,0.008560760611656608,0.013479170162066456,35380
2014,SOXS,199,0.1523184068311555,0.018999284791136266,0.03420567612937262,35380
2014,SPY,1091,0.054493877401064615,0.005983505562787144,0.006091751329498463,35380
2014,SQQQ,203,0.24974308973284864,0.013939306614749056,0.0247491747989973,35380
2014,TLT,596,0.06814600705715876,0.0034788600038019434,0.005581677287707809,35380
2014,TQQQ,203,0.7522425005464779,0.004819506897312005,0.025344092161063595,35380
2014,TSLA,183,-0.02046283720241676,0.012935375871701715,0.013973686706726489,35380
2014,UNH,1251,0.32213053799803704,0.006604946049144936,0.009621310392652571,35380
2014,V,302,-0.011741628787977592,0.01057128049297541,0.01162190198934448,35380
2014,WAL,444,0.2360315812001263,0.010375916325915275,0.012720456130613955,35380
2014,XLF,783,0.46401726079864686,0.00678320862776597,0.010885067036813828,35380
2014,XOM,1251,0.16388411499885341,0.005164727801149332,0.0073125962840162595,35380
2015,AAL,483,0.16439631549159686,0.013402030370374265,0.016476495647057977,37720
2015,AAPL,1303,0.40585979018674856,0.0076323545981621,0.011109852839058586,37720
2015,AIG,1303,0.5313643501324535,0.006895469500157618,0.008205206583952492,37720
2015,AMC,54,,,,37720
2015,AMD,1303,0.211382718481102,0.011740728911554706,0.01480091707844475,37720
2015,AMZN,919,0.09352697210491402,0.012898033308092121,0.015542973930562564,37720
2015,AVGO,282,0.4176621594012575,0.004589145675736942,0.011659933160755032,37720
2015,BA,1303,0.18327939496305487,0.0070473689081524135,0.008131765698407897,37720
2015,BAC,1303,0.4990050210487364,0.008011925753284604,0.010703787903507296,37720
2015,C,1303,0.3490934687592945,0.009231446596873024,0.012267880818056942,37720
2015,DIS,1303,0.03781546359280377,0.007820851956711533,0.008216135102393671,37720
2015,EEM,611,0.014001970372432962,0.012913274951091923,0.0130605762029391,37720
2015,GLD,528,0.09823685775305038,0.007364741319649837,0.009409319936991224,37720
2015,GME,672,0.2887398311898098,0.007669338135626813,0.008589298055659689,37720
2015,GOOGL,541,0.21277782188161215,0.006856395469840166,0.008766239968920564,37720
2015,HYG,403,0.22386235752678357,0.003367354246425805,0.0035585825814931546,37720
2015,INTC,1303,0.28022055383367794,0.007482308056987007,0.01052887057903118,37720
2015,IWM,761,0.04780631615444536,0.00711340060797043,0.007642018529491534,37720
2015,JPM,1303,0.04403196448943274,0.011983568119313164,0.011223408385931808,37720
2015,KRE,445,0.14438216557048902,0.009800819769626313,0.009763500956207483,37720
2015,LLY,1303,0.2376707788328038,0.005983363832704347,0.00834737669047938,37720
2015,MA,449,0.0957850980985024,0.009506715075316322,0.011246324878979985,37720
2015,META,137,,,,37720
2015,MSFT,1303,0.555104075293966,0.004559748347619169,0.00931523558029077,37720
2015,MSTR,863,0.4711085756181105,0.012125434112286641,0.012491098793198568,37720
2015,MU,1303,0.11158157391249693,0.01068281833634633,0.014693325811041342,37720
2015,NFLX,658,0.1732433909421918,0.01095606217956337,0.01552954265056719,37720
2015,NKE,1303,0.2931990703639872,0.0066087486176442355,0.008542688891776071,37720
2015,NVDA,831,0.019840660688699746,0.014758200861702389,0.01678464225094156,37720
2015,ORCL,1303,0.40933766242824027,0.006530687320537858,0.011265681945402842,37720
2015,PFE,1303,0.3487710527059268,0.0066724082787149135,0.009990609869232324,37720
2015,QQQ,824,0.14671026234867443,0.006347877986761249,0.008801931282244659,37720
2015,SCHW,1303,0.1011867652370598,0.009309258621754057,0.014336562106767859,37720
2015,SMCI,405,0.21005252351125217,0.007922916578142591,0.012661617369414008,37720
2015,SOXS,251,0.17821882445096637,0.01728136163369682,0.03094869667747102,37720
2015,SPY,1143,0.08311133728987655,0.005627801323607931,0.005999346555965056,37720
2015,SQQQ,255,0.3681380854964924,0.010729187688145937,0.023188138937023848,37720
2015,TLT,648,0.05777952840334634,0.0035064864439960626,0.005432662064644728,37720
2015,TQQQ,255,0.4888212317251419,0.005965611243562621,0.024167873575779895,37720
2015,TSLA,235,0.0030133322391802247,0.011581472317556157,0.014035396998349523,37720
2015,UNH,1303,0.34889180224393357,0.006210738293212928,0.009466283754752468,37720
2015,V,354,0.05917146447040086,0.009237606460049244,0.01076756474835736,37720
2015,WAL,496,0.2687564626276134,0.009474220769312987,0.011995192708139368,37720
2015,XLF,835,0.4347243828625568,0.006879154065372528,0.010383500712416501,37720
2015,XOM,1303,0.20803469968236477,0.0047283729157111725,0.007280468015516628,37720
2016,AAL,536,0.2029164021096769,0.013344705101289517,0.016499515742759596,40105
2016,AAPL,1356,0.4570913651281009,0.007318954651414665,0.01110266463045717,40105
2016,AIG,1356,0.5496260230830923,0.006854661483966988,0.008258611535192362,40105
2016,AMC,107,,,,40105
2016,AMD,1356,0.21146914147701681,0.012063515025893925,0.014942976183538459,40105
2016,AMZN,972,0.10270556242133028,0.012880481050340106,0.015163924989617028,40105
2016,AVGO,335,0.5741269115071956,0.004408906071886622,0.011639747727166251,40105
2016,BA,1356,0.19983823997943045,0.007146514241599109,0.008185692558264068,40105
2016,BAC,1356,0.4905282496595922,0.00815466133823501,0.010671069695713686,40105
2016,C,1356,0.3749354602101752,0.009058106831610981,0.012264932402419437,40105
2016,DIS,1356,0.07657046713437674,0.007743184793215723,0.008113574914832,40105
2016,EEM,664,0.07917517756179927,0.012052679791698311,0.013261979784130419,40105
2016,GLD,581,0.08293041760340766,0.007212893468732428,0.009507557439268677,40105
2016,GME,725,0.49487129964760856,0.007174258659090205,0.008585092418099882,40105
2016,GOOGL,594,0.3215884172280291,0.006362804451724909,0.008735180799606184,40105
2016,HYG,456,0.25327242811511425,0.003252807433776394,0.003596422015482992,40105
2016,INTC,1356,0.30577434110552093,0.007276398777555922,0.010476694237780582,40105
2016,IWM,814,0.13693625610393592,0.006657818003197813,0.007494508705724671,40105
2016,JPM,1356,0.05517878259523837,0.01210067410359433,0.011060301564486563,40105
2016,KRE,498,0.17641111122869024,0.009511572732607273,0.009796059789251733,40105
2016,LLY,1356,0.3318484229409275,0.0056616253010604335,0.008347327459930276,40105
2016,MA,502,0.1554182984730282,0.009144524067495514,0.010832950755821592,40105
2016,META,190,0.34582963907087894,0.010773628159174944,0.011644353547081631,40105
2016,MSFT,1356,0.5680257310178476,0.004576366065712954,0.009312724233933534,40105
2016,MSTR,916,0.4610189753848173,0.012087282529442174,0.012069697861612716,40105
2016,MU,1356,0.09411853570765505,0.01105347084961636,0.014817067842730014,40105
2016,NFLX,711,0.32722692486161264,0.010003399771483193,0.015578696977022188,40105
2016,NKE,1356,0.3204092581016903,0.006532634553563791,0.00848969068037514,40105
2016,NVDA,884,0.019138892876019088,0.014785475652535032,0.016370331622388913,40105
2016,ORCL,1356,0.401818439373081,0.006672878650503985,0.011052033517933435,40105
2016,PFE,1356,0.34674328194221504,0.006769085335134713,0.009941118272755622,40105
2016,QQQ,877,0.25380302527876974,0.006097457321642914,0.008649523178398932,40105
2016,SCHW,1356,0.13599312002029124,0.009320928001448158,0.014140741319617456,40105
2016,SMCI,458,0.1756888370745528,0.00830662293808775,0.012391959421662947,40105
2016,SOXS,304,0.16159688039406994,0.017035023217052955,0.028437687127412,40105
2016,SPY,1196,0.16470439427334593,0.005321823977587032,0.006031721821321445,40105
2016,SQQQ,308,0.3800372986775933,0.010040710012097324,0.02271115016835406,40105
2016,TLT,701,0.051279391507512914,0.0033508231833362812,0.005777085609070753,40105
2016,TQQQ,308,0.358464717251106,0.011993017865816899,0.021006968566368592,40105
2016,TSLA,288,0.24424492331493197,0.010966633547589857,0.014238917356804616,40105
2016,UNH,1356,0.3567134919659114,0.006210319845263091,0.009400133165607782,40105
2016,V,407,0.267413171787217,0.008639656966599463,0.0105026291679173,40105
2016,WAL,549,0.3042395885980982,0.008775877438730342,0.01170470955787648,40105
2016,XLF,888,0.4239306692477033,0.007154046231017091,0.010145460314457627,40105
2016,XOM,1356,0.23398085760688486,0.004821891211153834,0.0073377707671182235,40105
2017,AAL,588,0.25177120140280246,0.01201570948380784,0.016150449904553155,42445
2017,AAPL,1408,0.42132918475694486,0.007650260298434302,0.010655708047836642,42445
2017,AIG,1408,0.5452176473893019,0.006710356406177847,0.008232733568482874,42445
2017,AMC,159,0.4205718875189956,0.007447713227284074,0.0073198750790359896,42445
2017,AMD,1408,0.19760737401695894,0.01233236827383684,0.014526921907195739,42445
2017,AMZN,1024,0.11344959336932561,0.012544503084972018,0.0148326790274308,42445
2017,AVGO,387,0.48286030897887455,0.004736051912274573,0.011089229766011881,42445
2017,BA,1408,0.20136877095536126,0.007019583590425599,0.008103130373003416,42445
2017,BAC,1408,0.4880180931218757,0.007974333472545857,0.010645884838807192,42445
2017,C,1408,0.36879490680015947,0.008896471547285604,0.012272069803929963,42445
2017,DIS,1408,0.0822898008412295,0.0076097816519428915,0.007958038891872753,42445
2017,EEM,716,0.16169123877076383,0.010408494783506247,0.013182386374646138,42445
2017,GLD,633,0.06705526486366832,0.007148647647733958,0.00950750938406233,42445
2017,GME,777,0.5565813101657522,0.006530484816207394,0.008511204296280049,42445
2017,GOOGL,646,0.3624491610101221,0.005864939728183756,0.008550261578497587,42445
2017,HYG,508,0.24164535844350432,0.003198697107427391,0.0033996339399153365,42445
2017,INTC,1408,0.3366104870714798,0.006822948280080036,0.010407506734580286,42445
2017,IWM,866,0.1520519725612843,0.006376613486411157,0.007338848354218608,42445
2017,JPM,1408,0.07839677590617794,0.01150466133625189,0.01102918629451034,42445
2017,KRE,550,0.20114810516792442,0.008768691812522598,0.009734127880083099,42445
2017,LLY,1408,0.35499708491650905,0.005353269920009471,0.008320819116315159,42445
2017,MA,554,0.19628594538942618,0.008289415239244901,0.010536019616494674,42445
2017,META,242,0.3402786286205119,0.009804063561175694,0.010486720124276006,42445
2017,MSFT,1408,0.5287997159023896,0.00486953441769108,0.009155131331025893,42445
2017,MSTR,968,0.48740258192409025,0.011200540323687823,0.011778154570541429,42445
2017,MU,1408,0.08561608164898463,0.011166704842162893,0.014598473196680006,42445
2017,NFLX,763,0.3654477074546926,0.00910220325501437,0.015251888395736372,42445
2017,NKE,1408,0.30615065709969624,0.006620899083373456,0.00838666136677011,42445
2017,NVDA,936,0.04538674086896956,0.013935556951425634,0.016154931882712498,42445
2017,ORCL,1408,0.4287168410199931,0.0062533137226458094,0.011033123883339668,42445
2017,PFE,1408,0.34917985999126944,0.006637263775021729,0.009751005809822343,42445
2017,QQQ,929,0.28487975489654027,0.005697508416079022,0.008568246325895035,42445
2017,SCHW,1408,0.13027886587232815,0.009328492187453713,0.013996912480772571,42445
2017,SMCI,510,0.12611270212712183,0.008949397896771558,0.011201522178339448,42445
2017,SOXS,356,0.23317107982734822,0.01405260514470846,0.029652287794270094,42445
2017,SPY,1248,0.16022076083372946,0.005294261010072262,0.005902186434042118,42445
2017,SQQQ,360,0.21402033337571236,0.012452756188523512,0.022614245146179702,42445
2017,TLT,753,0.04478032594411057,0.003265691084952215,0.005874117050050033,42445
2017,TQQQ,360,0.2843920311912263,0.013652568630190784,0.018877940941467667,42445
2017,TSLA,340,0.17428025222464016,0.012162997727547593,0.013022078392368405,42445
2017,UNH,1408,0.2856149657014012,0.006891606446261238,0.00888917797381236,42445
2017,V,459,0.26755199181021594,0.00822062953601661,0.010142390340540429,42445
2017,WAL,601,0.31983724838485716,0.008716850494361973,0.011574125406606295,42445
2017,XLF,940,0.40897151894990025,0.007090714936314859,0.009893060789930888,42445
2017,XOM,1408,0.2546633996704323,0.004534580830582514,0.007491553913055459,42445
2018,AAL,640,0.26431435366133116,0.01146407302349117,0.015580506333306699,44785
2018,AAPL,1460,0.37358867063960477,0.008190038536159855,0.010313886335048568,44785
2018,AIG,1460,0.5426130048988465,0.0065605934724870755,0.008139384781247951,44785
2018,AMC,211,0.3563841572849924,0.007466137352508716,0.0071608692985242195,44785
2018,AMD,1460,0.17928626532552613,0.012705074679162308,0.01462051572618814,44785
2018,AMZN,1076,0.10996510321198966,0.012545016056968603,0.014216533058314718,44785
2018,AVGO,439,0.45505235135197303,0.0046980728207791506,0.010678788368142266,44785
2018,BA,1460,0.22719128403241834,0.006629200438446085,0.008055741322000157,44785
2018,BAC,1460,0.4979041873570531,0.007750640686481451,0.010585486325797882,44785
2018,C,1460,0.36871985707791327,0.008759567270268123,0.012062658557627835,44785
2018,DIS,1460,0.08773383676022982,0.007514506319502833,0.007727942486429458,44785
2018,EEM,768,0.1191366132909168,0.011025752894556758,0.012204723245646162,44785
2018,GLD,685,0.10760154877324364,0.006450913118200966,0.00947570594510019,44785
2018,GME,829,0.5480532850385649,0.0063682271377844685,0.008358048831503267,44785
2018,GOOGL,698,0.40090240513185604,0.005343557974033916,0.008363098982508949,44785
2018,HYG,560,0.24190165485392912,0.0031187435310236176,0.0031192881547269635,44785
2018,INTC,1460,0.35296032612418426,0.006554807975182346,0.010317594561298628,44785
2018,IWM,918,0.142952761145843,0.006388038666764167,0.0070435986576030014,44785
2018,JPM,1460,0.09492783104981983,0.011067745244973386,0.010988795642187266,44785
2018,KRE,602,0.23297559862572262,0.008182084277069984,0.009364523134053237,44785
2018,LLY,1460,0.35953946349513377,0.005473446914104456,0.008119934656404256,44785
2018,MA,606,0.24209696804579053,0.007514970307574195,0.01015120788194629,44785
2018,META,294,0.4280942459913453,0.008014881675831403,0.009183781447152128,44785
2018,MRNA,0,,,,44785
2018,MSFT,1460,0.5275876662897631,0.0047832376987790685,0.00904034071632033,44785
2018,MSTR,1020,0.4516913713875432,0.011634619526071652,0.010959319470690232,44785
2018,MU,1460,0.08348101492040622,0.011085915440501741,0.01455520115420312,44785
2018,NFLX,815,0.3562354355988776,0.008999734515394745,0.014704180861001497,44785
2018,NKE,1460,0.32129224291871905,0.00631181541096469,0.0083760057925094,44785
2018,NVDA,988,0.03173238179673111,0.01419257273625757,0.015450472697161748,44785
2018,ORCL,1460,0.3974121983267161,0.006496433780572953,0.010673541067250792,44785
2018,PFE,1460,0.3748704433484491,0.0062475556104870465,0.009669688699002114,44785
2018,QQQ,981,0.2824900082294925,0.005633526035210116,0.00826799164621228,44785
2018,SCHW,1460,0.13452087347936514,0.009294908633553416,0.013810245111164281,44785
2018,SMCI,562,0.17982554791294975,0.007802829533811438,0.011037055426164604,44785
2018,SOXS,408,0.2242447645834138,0.01331472618072444,0.02955592018042726,44785
2018,SPY,1300,0.15367347234327797,0.005308809690348963,0.005705481750653482,44785
2018,SQQQ,412,0.3048934464136954,0.010096777087234459,0.02221758972293087,44785
2018,TLT,805,0.05665325344012111,0.0031485352016365643,0.005805098882023319,44785
2018,TQQQ,412,0.30352504775569245,0.012337114125464437,0.017691234710298594,44785
2018,TSLA,392,0.1857827646265833,0.011152007794299104,0.012744381060223737,44785
2018,UNH,1460,0.26725177352981844,0.007044345256146231,0.008556538151894158,44785
2018,V,511,0.29752538001408624,0.007571600973524764,0.009521067933292104,44785
2018,WAL,653,0.3304728312457047,0.008291132678228452,0.011248841426316504,44785
2018,XLF,992,0.43424897622373015,0.006649161988886003,0.009684355087823027,44785
2018,XOM,1460,0.2461591243384076,0.004557137661983986,0.00731653638648723,44785
2019,AAL,692,0.2743810175939567,0.011004035965271587,0.014660721549756733,47129
2019,AAPL,1512,0.3583809759985461,0.008222512948481864,0.010305207061149816,47129
2019,AIG,1512,0.5368116318518765,0.006424020633605634,0.008030640038621386,47129
2019,AMC,263,0.4959107128765138,0.005038509868509972,0.0069509707640518685,47129
2019,AMD,1512,0.17519896899378112,0.012562799178997506,0.014595258475210525,47129
2019,AMZN,1128,0.11304500598987259,0.012275014557265925,0.014041921223975346,47129
2019,AVGO,491,0.4272842102566639,0.004926816780983608,0.01032709173330526,47129
2019,BA,1512,0.21011444762013004,0.006680803164866229,0.008146813459545788,47129
2019,BAC,1512,0.48517115548188805,0.007758459501084617,0.01046247850767103,47129
2019,C,1512,0.34452901206118913,0.00890225972473074,0.011808941800416575,47129
2019,DIS,1512,0.08039208331827241,0.007508783270489941,0.0076463071741290686,47129
2019,EEM,820,0.14543727229626585,0.010291769541305775,0.01215019852071509,47129
2019,GLD,737,0.08393020429878441,0.0066856377050799835,0.00896055878845301,47129
2019,GME,881,0.6257708690014923,0.005493731313424212,0.008283568252244078,47129
2019,GOOGL,750,0.3619089978436483,0.005396335402489506,0.008417534767171964,47129
2019,HYG,612,0.3245800213615357,0.0026332637741919955,0.0029929554531456935,47129
2019,INTC,1512,0.37256900332328824,0.00624104678252498,0.010328926086060432,47129
2019,IWM,970,0.17091362498588863,0.006044496425916252,0.006841951339902675,47129
2019,JPM,1512,0.12943092889453056,0.010345909673351602,0.010903563491377737,47129
2019,KRE,654,0.20114866526129385,0.008375181083726532,0.00877316164641914,47129
2019,LLY,1512,0.3559395183831977,0.005426488443185865,0.008111695447921943,47129
2019,MA,658,0.23269097028473457,0.007419049293947587,0.009774667427866002,47129
2019,META,346,0.39553611568518166,0.0078217981127904,0.0099340885352322,47129
2019,MRNA,4,,,,47129
2019,MSFT,1512,0.5468829184940056,0.004501056234213311,0.009032716856392854,47129
2019,MSTR,1072,0.46534100554183566,0.011047370199544852,0.010447431698899378,47129
2019,MU,1512,0.08999841721395778,0.010722200333474147,0.01470517401917334,47129
2019,NFLX,867,0.4123520593689493,0.007909543300330358,0.014858833525082167,47129
2019,NKE,1512,0.32835112097676555,0.006157281037527048,0.008477341406236535,47129
2019,NVDA,1040,0.045264192052308166,0.013631096322983125,0.015373133579215745,47129
2019,ORCL,1512,0.4033285908201635,0.006318424363569911,0.010465269176895366,47129
2019,PFE,1512,0.3699192779697838,0.006211904284061024,0.009390139754937517,47129
2019,QQQ,1033,0.3370510133063186,0.00502348376063454,0.008229223131469633,47129
2019,SCHW,1512,0.15929066066446687,0.008841763657744858,0.013633210184019797,47129
2019,SMCI,614,0.15583432185597332,0.008034496683195978,0.010243817886997042,47129
2019,SOXS,460,0.16793107583220143,0.014898976749865029,0.03066690282680095,47129
2019,SPY,1352,0.18240791828493524,0.00496095775640539,0.005677011570168713,47129
2019,SQQQ,464,0.21997713094675866,0.011837835539992046,0.02287558318351913,47129
2019,TLT,857,0.08461096129872123,0.0029750863663111633,0.005704916437378603,47129
2019,TQQQ,464,0.3301413163279703,0.010395188064647941,0.018976979819479652,47129
2019,TSLA,444,0.23739518768635076,0.009640145977665618,0.01481624675114433,47129
2019,UBER,0,,,,47129
2019,UNH,1512,0.26831736307730714,0.006933140686093052,0.008356460649328745,47129
2019,V,563,0.3129277305799947,0.007041269029051979,0.009235161679771299,47129
2019,WAL,705,0.324318134047185,0.00809191814374367,0.010870934665564548,47129
2019,XLF,1044,0.4363170244137073,0.006449354526945719,0.009631924463047394,47129
2019,XOM,1512,0.2470814665695687,0.004492289785440541,0.0073142142253358805,47129
2019,ZM,0,,,,47129
2020,AAL,744,0.2654836772087952,0.010965881310784277,0.014770576764791415,49592
2020,AAPL,1564,0.36113988828876553,0.008286432829301835,0.010515573836834801,49592
2020,AIG,1564,0.5608032595414358,0.005989725659638255,0.008244361242064503,49592
2020,AMC,315,0.3826922940721855,0.006002310761588308,0.007230229054720574,49592
2020,AMD,1564,0.17536837181399945,0.012815716199776785,0.014793968210259715,49592
2020,AMZN,1180,0.10894474653307556,0.012134055502818803,0.014023721123218692,49592
2020,AVGO,543,0.4673043915374374,0.005163982953848769,0.010640436895999696,49592
2020,BA,1564,0.25652868549157054,0.007150733047355741,0.008673418207495854,49592
2020,BAC,1564,0.48056097797367175,0.007654410732385069,0.010606188341526625,49592
2020,C,1564,0.31471898894192085,0.009175868899905052,0.011859325720359718,49592
2020,DIS,1564,0.07244351581938063,0.007486162325104221,0.0077575855023624095,49592
2020,EEM,872,0.17861467889828936,0.009587540238890269,0.01239228106315855,49592
2020,GLD,789,0.12357675799375153,0.006069244360616571,0.008932800787605857,49592
2020,GME,933,0.5492978220336195,0.0058549648368702795,0.008472258126350177,49592
2020,GOOGL,802,0.3256260453338098,0.005683239638553952,0.008577261888767661,49592
2020,HYG,664,0.2817636203388506,0.00271979636332228,0.0028898433416465587,49592
2020,INTC,1564,0.3296611089750835,0.006565212906556775,0.010352837018427121,49592
2020,IWM,1022,0.15226473143650293,0.006112754979327853,0.006838485484441881,49592
2020,JPM,1564,0.14017531304716413,0.010004454409868555,0.010964794936076253,49592
2020,KRE,706,0.1926000903806969,0.008181827944053855,0.008903196772374389,49592
2020,LLY,1564,0.3918991255023798,0.0051325572678262875,0.00831285194504019,49592
2020,MA,710,0.2636226401896153,0.007107159110287635,0.010016252617315992,49592
2020,META,398,0.41307142246109974,0.006929387861154546,0.011037767888082618,49592
2020,MRNA,56,,,,49592
2020,MSFT,1564,0.5256900555979918,0.004656578521862978,0.009036482059313334,49592
2020,MSTR,1124,0.4839600503045983,0.010386556095417426,0.010297541566492641,49592
2020,MU,1564,0.057134467351918315,0.011620884812685531,0.014903343143151818,49592
2020,NFLX,919,0.3472870496890632,0.00851050764740996,0.01446937168658838,49592
2020,NKE,1564,0.32742905021130714,0.006127236994389449,0.00855530313612969,49592
2020,NVDA,1092,0.16611062525344159,0.012550728308585633,0.01578617968515761,49592
2020,ORCL,1564,0.39536452210216594,0.006259174201197046,0.010447970762664861,49592
2020,PFE,1564,0.35756402192397757,0.006240935991601722,0.009307613039887265,49592
2020,PLTR,0,,,,49592
2020,QQQ,1085,0.29149335408371746,0.005408050269503343,0.00825458568738089,49592
2020,SCHW,1564,0.16151925371968984,0.00868972795180619,0.013600848294839363,49592
2020,SMCI,666,0.14231862738110793,0.00813176595902236,0.010366718420310006,49592
2020,SOXS,512,0.2000518461973717,0.015268242766895857,0.031353470991784156,49592
2020,SPY,1404,0.20152016134978734,0.004770068836824164,0.005865837676244723,49592
2020,SQQQ,516,0.18282033156393784,0.012335968376572044,0.022787071598254383,49592
2020,TLT,909,0.03047846378364847,0.0033492073602313624,0.00581167285496369,49592
2020,TQQQ,516,0.3552262322580809,0.01114074585252946,0.019886732475628388,49592
2020,TSLA,496,0.22281105351440073,0.009538586120207991,0.015011705635717243,49592
2020,UBER,34,,,,49592
2020,UNH,1564,0.2650156063380741,0.006854930383764138,0.008342233600760076,49592
2020,V,615,0.2558759229013035,0.0077106920183471345,0.008999807739525245,49592
2020,WAL,757,0.29286288870271,0.008210832325977196,0.010867243816612325,49592
2020,XLF,1096,0.4164011349009761,0.0064900904641520644,0.009628558658205055,49592
2020,XOM,1564,0.2460104055537597,0.004412624671937398,0.007338551915753622,49592
2020,ZM,37,,,,49592
2021,AAL,797,0.33205611394353424,0.013735357019536435,0.016152964403156632,52150
2021,AAPL,1617,0.42956808895573084,0.008300677450520268,0.011117699878278865,52150
2021,AIG,1617,0.556741309291177,0.006785209845478739,0.00856460891503388,52150
2021,AMC,368,0.3892382564116714,0.019721645978425774,0.01075271302274371,52150
2021,AMD,1617,0.23711774748184114,0.013011450567984065,0.01500861361111559,52150
2021,AMZN,1233,0.13759839438336155,0.012387890662806534,0.014283079947329348,52150
2021,AVGO,596,0.46720645120882814,0.006818982287058094,0.010919510667845689,52150
2021,BA,1617,0.3341695840129981,0.007967086838802345,0.009209347875804652,52150
2021,BAC,1617,0.5067982506419639,0.008243002264146369,0.011105301297414183,52150
2021,C,1617,0.40041886006870614,0.009303570610315937,0.012280306674108022,52150
2021,COIN,0,,,,52150
2021,DIS,1617,0.17855637670000535,0.007687264907532311,0.008109437519232213,52150
2021,EEM,925,0.27215500999004216,0.009726425183515859,0.013097698308769392,52150
2021,GLD,842,0.14888559497808312,0.00625609201884246,0.008916613782961422,52150
2021,GME,986,0.4788802870857185,0.008232145289173614,0.008722570105040739,52150
2021,GOOGL,855,0.42850660049079664,0.006218663743360491,0.008856672854716209,52150
2021,HOOD,0,,,,52150
2021,HYG,717,0.46826037497804673,0.0027852116230578476,0.0030700789632231535,52150
2021,INTC,1617,0.36117745974539983,0.007061083551032342,0.010407578317791622,52150
2021,IWM,1075,0.26510332443361634,0.006585113882896714,0.007263753300228393,52150
2021,JPM,1617,0.23536405035910304,0.010221123834925776,0.01105500906157133,52150
2021,KRE,759,0.35112681369785653,0.008531454214815451,0.009661131916527715,52150
2021,LLY,1617,0.3683525281475628,0.005730454002757164,0.00834731104974724,52150
2021,MA,763,0.3735317682658408,0.00821628953778196,0.01045636747708119,52150
2021,META,451,0.42683900573937916,0.009082893671465283,0.011680017342619697,52150
2021,MRNA,109,,,,52150
2021,MSFT,1617,0.5629825167626088,0.0050814428402794045,0.009103588600590795,52150
2021,MSTR,1177,0.4759644930895345,0.010562756173091969,0.01052582129739445,52150
2021,MU,1617,0.16216962242254374,0.011402850604258021,0.015516373720631431,52150
2021,NFLX,972,0.37952336405185105,0.009134942823654707,0.014578509237621537,52150
2021,NKE,1617,0.38980882907231695,0.006538873281599503,0.008807753972388912,52150
2021,NVDA,1145,0.24940699636941058,0.012969826982041823,0.01607821369691283,52150
2021,ORCL,1617,0.4214314202494,0.006489046504471403,0.010652386854578148,52150
2021,PFE,1617,0.4057000768051894,0.006338520863491501,0.009484465102430466,52150
2021,PLTR,14,,,,52150
2021,QQQ,1138,0.41831469902583523,0.005537761684706,0.008449737035320249,52150
2021,RIVN,0,,,,52150
2021,SCHW,1617,0.26626408086861564,0.008563245631037424,0.01380133866156621,52150
2021,SMCI,719,0.29291654473034046,0.008478275426868881,0.010427518699298284,52150
2021,SOFI,0,,,,52150
2021,SOXS,565,0.1750674583895359,0.016785039984380537,0.03445687076077626,52150
2021,SPY,1457,0.3252077371542338,0.004898650941094826,0.006086508630912936,52150
2021,SQQQ,569,0.11806693397440915,0.014656614123062343,0.024564876213867267,52150
2021,TLT,962,-0.00583874786429932,0.0036236250281164615,0.0059882634496245535,52150
2021,TQQQ,569,0.5887020316536398,0.012813712543839109,0.021078157932748465,52150
2021,TSLA,549,0.5909557529159186,0.00908635958066541,0.016733386645867473,52150
2021,UBER,87,,,,52150
2021,UNH,1617,0.3378679601722784,0.006895475272652732,0.008790172989536528,52150
2021,V,668,0.37718740273155144,0.00864786344851826,0.00977896497489346,52150
2021,WAL,810,0.414819804655433,0.008700926830719168,0.01178003894778902,52150
2021,XLF,1149,0.4511914577476491,0.007305315802384959,0.009875996668895692,52150
2021,XOM,1617,0.44850441406807207,0.004361225735394693,0.007741423105612703,52150
2021,ZM,90,,,,52150
2022,AAL,849,0.28545760427962075,0.01425965029025677,0.01617518804316194,54819
2022,AAPL,1669,0.4179274489663594,0.008266381736724792,0.011116172428202531,54819
2022,AIG,1669,0.5145600684855086,0.007189394343294417,0.008613080848256184,54819
2022,AMC,420,0.18555519690181177,0.025478092420759296,0.010752662139749824,54819
2022,AMD,1669,0.24287092215506267,0.012724454465481403,0.014831183652890382,54819
2022,AMZN,1285,0.13689254625186217,0.012261881589850608,0.01396175643196735,54819
2022,AVGO,648,0.4890765759822015,0.006218611330625409,0.010770388828149107,54819
2022,BA,1669,0.36872759210629846,0.0074252510508867435,0.009750117732908526,54819
2022,BAC,1669,0.4911432815961964,0.008296388408807647,0.011152702983255216,54819
2022,C,1669,0.393277313263229,0.009234853554292835,0.012271328678780625,54819
2022,COIN,38,,,,54819
2022,DIS,1669,0.16259008882617884,0.007831325244128724,0.008101162728032631,54819
2022,EEM,977,0.26493542742045495,0.009529243796305962,0.013193067126148227,54819
2022,GLD,894,0.13433594028261858,0.006242025292890917,0.00889697325333885,54819
2022,GME,1038,0.46358285480306327,0.009003264826139742,0.008858193851768172,54819
2022,GOOGL,907,0.41453134274090914,0.006110792781019703,0.0089018151802706,54819
2022,HOOD,23,,,,54819
2022,HYG,769,0.48823105517433957,0.0025734780063545585,0.0030062488859605506,54819
2022,INTC,1669,0.35936018838619366,0.006946418339789854,0.010407250137507961,54819
2022,IWM,1127,0.24420462335429508,0.006733047727119423,0.007260618815891572,54819
2022,JPM,1669,0.22650543809691337,0.0101966945152389,0.01106361613305198,54819
2022,KRE,811,0.3441436975082463,0.008354713576087329,0.00974256721660871,54819
2022,LLY,1669,0.43126550672249775,0.005381742341801162,0.008320247125487179,54819
2022,MA,815,0.35731200962077214,0.008191381654921323,0.010314220848765366,54819
2022,META,503,0.5037772621071025,0.007436376319143645,0.012018692440426304,54819
2022,MRNA,161,0.37429894034568245,0.013913767159740404,0.02548325772383342,54819
2022,MSFT,1669,0.5630898916654574,0.00495150779516996,0.009093259905747298,54819
2022,MSTR,1229,0.49469307875864055,0.012136506617914638,0.01117178899214503,54819
2022,MU,1669,0.17360290120784388,0.011050254256907574,0.015394469419048519,54819
2022,NFLX,1024,0.3114302160177853,0.010028249889740644,0.013717555295644562,54819
2022,NKE,1669,0.3872734620932613,0.006435274627848224,0.008782109711480392,54819
2022,NVDA,1197,0.2526738529711522,0.01262505867347099,0.016070540176169983,54819
2022,ORCL,1669,0.3995535107604278,0.006634055354468545,0.010473449409768866,54819
2022,PFE,1669,0.4036876303597722,0.006272033231380885,0.009310923968703144,54819
2022,PLTR,66,,,,54819
2022,QQQ,1190,0.40748769868828816,0.005467103846631863,0.008445873901184934,54819
2022,RIVN,8,,,,54819
2022,SCHW,1669,0.2612454974712739,0.00848596443349562,0.013799502780994023,54819
2022,SMCI,771,0.30394692078648733,0.007935118154577476,0.010547477178846298,54819
2022,SOFI,52,,,,54819
2022,SOXS,617,0.16083777708119318,0.016353901421608197,0.03460465620545434,54819
2022,SPY,1509,0.3089036830296724,0.004945910509163969,0.006084761064717759,54819
2022,SQQQ,621,0.0994346271199894,0.014690776944500014,0.02432042024587222,54819
2022,TLT,1014,-0.048865987750116135,0.00391914766637988,0.006088601840254649,54819
2022,TQQQ,621,0.5891577153683334,0.011980403310399202,0.021840827848818578,54819
2022,TSLA,601,0.46207029956177403,0.01075507597117836,0.017060669527772188,54819
2022,UBER,139,,,,54819
2022,UNH,1669,0.31562643681787184,0.0070805497670555564,0.008500540615451094,54819
2022,V,720,0.35537652089001565,0.008610190180589589,0.00954466941884709,54819
2022,WAL,862,0.4154051380319383,0.008264931837031819,0.011762337377327103,54819
2022,XLF,1201,0.437639364632294,0.007266118100271155,0.009875670893961797,54819
2022,XOM,1669,0.4294259886009112,0.004543972105856778,0.007864324218450824,54819
2022,ZM,142,,,,54819
2023,AAL,901,0.22783379579088092,0.014882204611519149,0.01651214461573447,57575
2023,AAPL,1721,0.4056583938636805,0.008206811746550746,0.011393555243771836,57575
2023,AIG,1721,0.5186465196944713,0.006962464056056293,0.009008950931828186,57575
2023,AMC,472,0.38243023853753516,0.022856977124173936,0.015131783628454812,57575
2023,AMD,1721,0.23491839894820338,0.012456593429538624,0.015454983458908611,57575
2023,AMZN,1337,0.1554575903271234,0.011752192778882991,0.014365705208332654,57575
2023,AVGO,700,0.5527313675610084,0.005440600119769381,0.011501404857579991,57575
2023,BA,1721,0.3731215515956281,0.007346257366197337,0.01032306518421533,57575
2023,BAC,1721,0.48239669059326384,0.008195498262942183,0.01161188145238845,57575
2023,C,1721,0.34166867123083233,0.0098835606439393,0.012296017418851779,57575
2023,COIN,90,,,,57575
2023,DIS,1721,0.13556788887785107,0.008036844194177634,0.008333533652132408,57575
2023,EEM,1029,0.2655096758907767,0.009147552103922893,0.013869192065905691,57575
2023,GLD,946,0.1058328693380538,0.006409157158469365,0.008959114342219188,57575
2023,GME,1090,0.3880050799486485,0.011052459090577404,0.010381397594518327,57575
2023,GOOGL,959,0.40233735286962685,0.006287363122208286,0.00948337914908366,57575
2023,HOOD,75,,,,57575
2023,HYG,821,0.4279633453906663,0.002799956754812058,0.0031657441619884485,57575
2023,INTC,1721,0.3732415818761785,0.00666829116719198,0.010407291984946276,57575
2023,IWM,1179,0.23315222990058576,0.006671378681850828,0.007624714148575618,57575
2023,JPM,1721,0.21187340119745943,0.010256539325198408,0.011200649875984459,57575
2023,KRE,863,0.31694550638668484,0.00836193696877209,0.00982706480032685,57575
2023,LLY,1721,0.40261857446575516,0.005571934772166219,0.008324823052111019,57575
2023,MA,867,0.33772597292987505,0.00819135910988367,0.01098819818564307,57575
2023,META,555,0.3650189690566676,0.00830387028140154,0.013292703784709859,57575
2023,MRNA,213,0.2933142983835335,0.013079340162426753,0.024446608165895264,57575
2023,MSFT,1721,0.5576481067271395,0.004926310106172392,0.009434242182600583,57575
2023,MSTR,1281,0.43513600331338304,0.015351749298532124,0.012698412698412653,57575
2023,MU,1721,0.17589500842559386,0.010787646678032723,0.015699673733250985,57575
2023,NFLX,1076,0.30167207370903826,0.010002221162527962,0.01396359683984455,57575
2023,NKE,1721,0.4147388186200166,0.0061487567314898696,0.00928134595310337,57575
2023,NVDA,1249,0.2167571425978495,0.013488129766386808,0.016804929108346613,57575
2023,ORCL,1721,0.4037513097368542,0.0064616595431337236,0.01050097642849579,57575
2023,PFE,1721,0.37444713527950213,0.006534203704764447,0.00946723210568734,57575
2023,PLTR,118,,,,57575
2023,QQQ,1242,0.3688395593646683,0.005692213884698101,0.008646523231359294,57575
2023,RIVN,60,,,,57575
2023,SCHW,1721,0.2673580801847766,0.008619837590574358,0.013979418270202881,57575
2023,SMCI,823,0.33616281695185257,0.0076916506851767074,0.011038044127544815,57575
2023,SOFI,104,,,,57575
2023,SOXS,669,0.11133752061730187,0.017494702749340674,0.03481940589683045,57575
2023,SPY,1561,0.3177194074461236,0.004768652871104827,0.006496147453445844,57575
2023,SQQQ,673,0.094364435203209,0.014840298707420428,0.02430059204688853,57575
2023,TLT,1066,-0.09888618276575617,0.004370738403876636,0.006737362902614785,57575
2023,TQQQ,673,0.7844411373339872,0.00903804563935831,0.024637437375319395,57575
2023,TSLA,653,0.3681885310882623,0.011962892030488375,0.019200573375318344,57575
2023,UBER,191,0.504571706208864,0.01079891449740552,0.02470269443961648,57575
2023,UNH,1721,0.3185370779780864,0.006913832626397126,0.008709864656452737,57575
2023,V,772,0.35441501974828976,0.008090891520120944,0.01014725205798671,57575
2023,WAL,914,0.3631782270364487,0.008742300105127858,0.012095599127233026,57575
2023,XLF,1253,0.39765119658026815,0.007522597264290741,0.009887364405625054,57575
2023,XOM,1721,0.374771986950786,0.005353323885423331,0.008243889536806881,57575
2023,ZM,194,0.34554050962459715,0.01709509452118709,0.021181767164754468,57575
2024,AAL,953,0.2629952228307433,0.013679545346307765,0.01640772522081758,60331
2024,AAPL,1773,0.41351051602084554,0.00793327424394841,0.01142112305010745,60331
2024,AIG,1773,0.5168807740780276,0.0069272268452182,0.008865749361180673,60331
2024,AMC,524,0.46646248662701395,0.022123609141355353,0.016204933566397794,60331
2024,AMD,1773,0.2688523503725269,0.01158109458467822,0.015479378530236464,60331
2024,AMZN,1389,0.14008135865292778,0.011952942281745833,0.013888379385392892,60331
2024,AVGO,752,0.5126855967432058,0.0055193629482722,0.011167193598726729,60331
2024,BA,1773,0.3827833042924893,0.007075695240873753,0.01027853498320045,60331
2024,BAC,1773,0.49953432356811556,0.00787610853528379,0.011592807895796482,60331
2024,C,1773,0.3708056878487462,0.00928172419649654,0.01227577542967666,60331
2024,COIN,142,,,,60331
2024,DIS,1773,0.13837133915618655,0.007882045283847668,0.008299974656915588,60331
2024,EEM,1081,0.27151269275957457,0.00888176793332629,0.013620057551161024,60331
2024,GLD,998,0.10607870390668082,0.0063126979049633455,0.008786666631319887,60331
2024,GME,1142,0.3361842104245398,0.011429923559808597,0.010790275927200053,60331
2024,GOOGL,1011,0.4011388091849016,0.006155240047960996,0.010115057983843379,60331
2024,HOOD,127,,,,60331
2024,HYG,873,0.5201134471004873,0.0022645200485080248,0.003351576708728812,60331
2024,INTC,1773,0.3572156400040081,0.006675778074249275,0.010455763825188267,60331
2024,IWM,1231,0.23701401861307025,0.006529461100067465,0.007574679483118185,60331
2024,JPM,1773,0.22342453036216164,0.009909146083360942,0.011068576407197139,60331
2024,KRE,915,0.4159435777681336,0.007705580851183499,0.009738816400375105,60331
2024,LLY,1773,0.3919993499518219,0.005619012513382303,0.008158337991180284,60331
2024,MA,919,0.3763353645328516,0.007497175193130382,0.01082131021217212,60331
2024,META,607,0.34168404452226186,0.008275441065939217,0.012840449472802199,60331
2024,MRNA,265,0.27650517122466445,0.012425689425226937,0.0223504335613974,60331
2024,MSFT,1773,0.5360428314629145,0.0049618979165122964,0.009413054620250789,60331
2024,MSTR,1333,0.4601875838011221,0.014024224350743242,0.01443881341493218,60331
2024,MU,1773,0.187658545345265,0.010413724766586883,0.01571739492341131,60331
2024,NFLX,1128,0.29258573399047305,0.009983602419465172,0.013545250560840986,60331
2024,NKE,1773,0.4025813549096082,0.006138296415790438,0.009283940912052336,60331
2024,NVDA,1301,0.240930346596387,0.012721556950649634,0.01678464225094156,60331
2024,ORCL,1773,0.4103709446302132,0.006297230929566277,0.010316866913035369,60331
2024,PFE,1773,0.3697486663514673,0.006590646917340778,0.009398800646679483,60331
2024,PLTR,170,0.9,0.005244723258896761,0.022264451185718924,60331
2024,QQQ,1294,0.39077020662757234,0.0053587928725562575,0.008651288168379002,60331
2024,RIVN,112,,,,60331
2024,SCHW,1773,0.3073734397972168,0.008447526471607656,0.01383403676633481,60331
2024,SMCI,875,0.3547948296027862,0.007916108481237569,0.011642464147322935,60331
2024,SOFI,156,0.005593310853169237,0.014388373243919346,0.02112385172387521,60331
2024,SOXS,721,0.10192574823781184,0.017495808693760648,0.034557044210230425,60331
2024,SPY,1613,0.3314711598135568,0.00455393792984709,0.0064871685062428,60331
2024,SQQQ,725,0.10350151796872846,0.014291822276947079,0.023924452092032318,60331
2024,TLT,1118,-0.11510948631947643,0.004448176413531912,0.0071077161118781726,60331
2024,TQQQ,725,0.7594942721115581,0.008719021025921467,0.024740065584891325,60331
2024,TSLA,705,0.3471607895528779,0.01174054400810172,0.019496690861897543,60331
2024,UBER,243,0.39962619611524053,0.011087353342776584,0.02151623095892774,60331
2024,UNH,1773,0.31529476064174305,0.006869494838600254,0.008475090032133622,60331
2024,V,824,0.3602217551450112,0.007791482262478682,0.00980814122296219,60331
2024,WAL,966,0.5353717898673322,0.007852864663917491,0.012546973435825115,60331
2024,XLF,1305,0.41807408189981304,0.007237343598229048,0.009793846690250407,60331
2024,XOM,1773,0.3638236955096264,0.005401403068349913,0.008239184406788834,60331
2024,ZM,246,0.6259299944014818,0.010143233239237569,0.02058589864488075,60331
2025,AAL,1005,0.27575619867138057,0.013349461580887022,0.01606208687704645,63087
2025,AAPL,1825,0.4196191954922977,0.008041729005357658,0.011414664225453569,63087
2025,AIG,1825,0.5159572668687493,0.006784855983761717,0.008859526648953512,63087
2025,AMC,576,0.5090086517219485,0.020190201905370367,0.016150850172319486,63087
2025,AMD,1825,0.265187668876238,0.011760215850172347,0.01550362295654231,63087
2025,AMZN,1441,0.16859742592316912,0.011751424831809661,0.013728276711646115,63087
2025,AVGO,804,0.5254733004487224,0.005885004166329472,0.011136008065640798,63087
2025,BA,1825,0.3792687299842546,0.007615477606060796,0.010472344677403968,63087
2025,BAC,1825,0.48690151834703144,0.008055752319995599,0.011353257936598552,63087
2025,C,1825,0.3943856243302988,0.009027069953816792,0.012216718419888053,63087
2025,COIN,194,0.6139752270770684,0.013791613932133375,0.030091276846075272,63087
2025,CRCL,0,,,,63087
2025,DIS,1825,0.14226237526072683,0.007798235259877752,0.008274894647690188,63087
2025,EEM,1133,0.2749898440043867,0.008886118563678339,0.013312810837350123,63087
2025,GLD,1050,0.07967263739753161,0.006612240030876919,0.008838051664471117,63087
2025,GME,1194,0.35877180360452654,0.011932789344088804,0.01129837426643614,63087
2025,GOOGL,1063,0.438510095264609,0.005991880452105976,0.01019086996433143,63087
2025,HOOD,179,0.43519288998283046,0.012888024502821147,0.01842496516149037,63087
2025,HYG,925,0.47116115845917955,0.002462881192617767,0.003162984620629428,63087
2025,INTC,1825,0.3571645662087982,0.006881663757207055,0.010407721484214294,63087
2025,IWM,1283,0.2891627780690655,0.0061188283115863485,0.007620118162430423,63087
2025,JPM,1825,0.22179194445177736,0.009823273017523615,0.01105732694382653,63087
2025,KRE,967,0.4252783737096949,0.007513830590184535,0.009703400783246696,63087
2025,LLY,1825,0.3801239199387687,0.005829509286045706,0.008147365609815712,63087
2025,MA,971,0.357770205344187,0.007629310815166629,0.010559102264529274,63087
2025,META,659,0.34403423029258345,0.00865024582548528,0.012416682359429816,63087
2025,MRNA,317,0.09364047286123026,0.016851386452790634,0.019826503454527508,63087
2025,MSFT,1825,0.5365768634190342,0.0050012636299167305,0.009295234779747768,63087
2025,MSTR,1385,0.5275419177924583,0.013219150358844495,0.015679995340112062,63087
2025,MU,1825,0.18970873632423346,0.010420017617113508,0.015812176726778236,63087
2025,NFLX,1180,0.2652653489050002,0.01043069039155862,0.013069136128656072,63087
2025,NKE,1825,0.4049248487151415,0.006100250803892003,0.009283292172315095,63087
2025,NVDA,1353,0.2820458913944902,0.012395676144682632,0.016814884569167264,63087
2025,ORCL,1825,0.4113601536378183,0.006293670535241701,0.010229888114710265,63087
2025,PFE,1825,0.3728528004333576,0.006584039575720017,0.009312582156838611,63087
2025,PLTR,222,0.9,0.004999754060653967,0.02163230924346109,63087
2025,QQQ,1346,0.41830195029425765,0.005258938108745821,0.008574741631267424,63087
2025,RIVN,164,0.49997598978225744,0.012697391253626983,0.02886390324222703,63087
2025,SCHW,1825,0.3024256024602064,0.00842603736019279,0.013737764946841468,63087
2025,SMCI,927,0.5205241327674139,0.007839627193262188,0.012721957512106828,63087
2025,SNDK,0,,,,63087
2025,SOFI,208,0.31114258408381257,0.012221608453917475,0.02088668699714436,63087
2025,SOXS,773,0.09736297641143987,0.017052581123767764,0.034652268200678266,63087
2025,SPY,1665,0.3368301831403317,0.004610268266300916,0.006395555821387589,63087
2025,SQQQ,777,0.1202845704620287,0.013505402516960058,0.023863956984982886,63087
2025,TLT,1170,-0.14517556057499942,0.0045743189259703386,0.007219223053911963,63087
2025,TQQQ,777,0.6924959887574922,0.009966906604988368,0.024009368975520615,63087
2025,TSLA,757,0.36846258878115845,0.011868067654905716,0.01930914443496794,63087
2025,UBER,295,0.15416921424407254,0.01678336564705883,0.017211953385570536,63087
2025,UNH,1825,0.311322543299798,0.006827037258779717,0.008355296458233652,63087
2025,V,876,0.34064163252456825,0.007811095327316558,0.009558546856012762,63087
2025,WAL,1018,0.5376639543906939,0.0077145305753351595,0.012597574218813357,63087
2025,XLF,1357,0.43040934820571664,0.006975450539767638,0.0096923524959766,63087
2025,XOM,1825,0.34757797625271275,0.005506258743415837,0.008234479276770793,63087
2025,ZM,298,0.3693711788260922,0.01350989813193345,0.017484144856959465,63087
2026,AAL,1057,0.24371972815228024,0.01365502429221737,0.016241802013813353,65919
2026,AAPL,1877,0.39989866664268336,0.00832011664723529,0.011475269610171071,65919
2026,AIG,1877,0.4944110638911644,0.006925114287943982,0.008663190369107213,65919
2026,AMC,628,0.535200980321118,0.018006082215674325,0.016429161436003044,65919
2026,AMD,1877,0.2760125844409652,0.011496839311760328,0.01579329781854347,65919
2026,AMZN,1493,0.16880025663760703,0.011622328877583282,0.013994108667138922,65919
2026,AVGO,856,0.5401092232134745,0.006604579281751019,0.011928062993263877,65919
2026,BA,1877,0.3592730553088179,0.007777005896310685,0.010496064451420484,65919
2026,BAC,1877,0.4811275754131289,0.008000437510240151,0.011273722726712345,65919
2026,C,1877,0.37930238688936324,0.009170728728171105,0.01219855811346966,65919
2026,COIN,246,0.5098681952791073,0.0154900999258963,0.03218358368090418,65919
2026,CRCL,30,,,,65919
2026,DIS,1877,0.12718888984369495,0.007998050941604743,0.008347302008551563,65919
2026,EEM,1185,0.2832561481840661,0.008708183801803692,0.013259172153535984,65919
2026,GLD,1102,0.06067264661311446,0.006951375384679104,0.00882229357561126,65919
2026,GME,1246,0.2982831966789266,0.012891534327372535,0.011588406681891705,65919
2026,GOOGL,1115,0.35451994284463856,0.006952615200459251,0.010240563680489667,65919
2026,HOOD,231,0.2518183834324392,0.019921429467432035,0.024293887345203546,65919
2026,HYG,977,0.4873979198743905,0.0023501046181972846,0.003158374029970168,65919
2026,INTC,1877,0.29649592309817396,0.007564667251889447,0.010547001798789939,65919
2026,IWM,1335,0.2557464067945993,0.006454127846236329,0.0077925889976150145,65919
2026,JPM,1877,0.21320537491249736,0.009834639279714641,0.01105500906157133,65919
2026,KRE,1019,0.39747512426393694,0.0077591245643087075,0.009749545129808303,65919
2026,LLY,1877,0.413989000510393,0.00562552779584575,0.008333791994872655,65919
2026,MA,1023,0.3641546039184391,0.007322998728104711,0.01046589320049276,65919
2026,META,711,0.332739567854778,0.008524230357738775,0.013277342101897793,65919
2026,MRNA,369,0.3248266021038037,0.015594119662752285,0.02170360190775427,65919
2026,MSFT,1877,0.5151157340260217,0.005233619652738211,0.009311887118481122,65919
2026,MSTR,1437,0.515928015399512,0.013878648131371548,0.01676987682740482,65919
2026,MU,1877,0.17898900126303247,0.010807974223694977,0.016042343917853866,65919
2026,NFLX,1232,0.30020042027272287,0.009657287271944705,0.013293512768153829,65919
2026,NKE,1877,0.38943665634683444,0.0062409999122151425,0.009361668807766855,65919
2026,NVDA,1405,0.26404850701102006,0.013472392620692516,0.017105059044314662,65919
2026,ORCL,1877,0.430117632619924,0.00657411650981001,0.010442801388909875,65919
2026,PFE,1877,0.3689578147854259,0.0066272307709576836,0.009216983792872285,65919
2026,PLTR,274,0.6960384165648907,0.012130267521293562,0.022930437168541387,65919
2026,QQQ,1398,0.36820624834201354,0.005750183755946718,0.008737510491262954,65919
2026,RIVN,216,0.25176591947047844,0.016687303164431358,0.02649575467369375,65919
2026,SCHW,1877,0.2845556835663886,0.008583975758408538,0.013640948759384932,65919
2026,SMCI,979,0.4938707793995879,0.009569832316444428,0.013871263778400934,65919
2026,SNDK,46,,,,65919
2026,SOFI,260,-0.011906188616115119,0.0229996734634188,0.02297046823847583,65919
2026,SOXS,825,0.17040667729137898,0.01883995828378602,0.03654016476039319,65919
2026,SPY,1717,0.31351560071943396,0.004841147216156562,0.0065238821786904435,65919
2026,SQQQ,829,0.13141911936494402,0.014310916277689316,0.024796903966171558,65919
2026,TLT,1222,-0.127797131924258,0.0043791489946350065,0.007314966099241654,65919
2026,TQQQ,829,0.6738740254563769,0.011032994065516557,0.025120164119170025,65919
2026,TSLA,809,0.2572614409345757,0.014905082450406205,0.019844183184178077,65919
2026,UBER,347,0.2392042056993836,0.013583097542560187,0.017201202227814117,65919
2026,UNH,1877,0.2992002364669377,0.006901211188389831,0.008354520330836923,65919
2026,V,928,0.3584493519573571,0.007492034928595647,0.009513831749763736,65919
2026,WAL,1070,0.5320916460876234,0.007620657435934746,0.012869289594626344,65919
2026,XLF,1409,0.4318687948893245,0.006866356531799927,0.009676630207132565,65919
2026,XOM,1877,0.34735245069432985,0.005528834208964942,0.008210788580908403,65919
2026,ZM,350,0.47205707672827335,0.010923667574177728,0.016991640159818338,65919
