dec,pred_bp,real_bp,n,barrier,version
0,0.07284253031922307,0.3053246954949992,4613,0.03,v1a
1,0.8745026232247443,1.0678819497102645,4612,0.03,v1a
2,2.8464585826451243,1.3886403136819463,4612,0.03,v1a
3,6.302346498243399,1.5464373731986594,4613,0.03,v1a
4,11.794655620167998,2.0450971094395674,4612,0.03,v1a
5,20.073362977268463,3.6647176881823307,4612,0.03,v1a
6,33.10592671563883,5.706092208076986,4613,0.03,v1a
7,53.11802712487332,6.7916005434344795,4612,0.03,v1a
8,90.28145738849757,13.527208972421057,4612,0.03,v1a
9,218.9920075015862,30.443270690421873,4613,0.03,v1a
0,0.0012050645746924352,0.31128010245294957,4613,0.03,v1b
1,0.049240069309122426,1.1142781167777975,4612,0.03,v1b
2,0.312694582715323,1.3444756776967748,4612,0.03,v1b
3,1.051208994634904,1.4866224871650533,4613,0.03,v1b
4,2.6526769001508823,2.363917247418411,4612,0.03,v1b
5,5.746401915387412,3.2136609002053906,4612,0.03,v1b
6,11.605368120711475,5.807694888809038,4613,0.03,v1b
7,21.866077038831797,7.460015480391717,4612,0.03,v1b
8,43.32200452032575,12.727316213027743,4612,0.03,v1b
9,127.10300390944114,30.6569537461933,4613,0.03,v1b
0,0.40425737959501984,2.092027785009119,4447,0.03,v2
1,1.0262344493224385,3.2093418659363624,4447,0.03,v2
2,1.7414252127948326,6.306466551356274,4446,0.03,v2
3,2.5596274081790935,4.422545686826331,4447,0.03,v2
4,3.1516706408346558,3.472403352465623,4446,0.03,v2
5,3.811019035573315,4.227948989972999,4447,0.03,v2
6,4.899876225782283,5.881086655687671,4446,0.03,v2
7,6.250851184204578,7.116510938024874,4447,0.03,v2
8,9.325035765328703,10.853702115452093,4446,0.03,v2
9,22.61197392362583,21.314657307327604,4447,0.03,v2
0,0.26216507696679164,1.6110697112848686,4571,0.03,v3
1,0.8630462584464509,2.6660799434936635,4570,0.03,v3
2,1.7183009448408693,4.580586636671363,4570,0.03,v3
3,2.509752506539367,5.445986112072709,4570,0.03,v3
4,3.1793494824090103,4.37636461882412,4570,0.03,v3
5,3.9491439143843983,4.373266033098043,4570,0.03,v3
6,5.024202811940072,5.624003413588808,4570,0.03,v3
7,6.486549506030912,6.580854180684339,4570,0.03,v3
8,9.523795516188114,10.203132000186331,4570,0.03,v3
9,24.498289451852568,21.606284966240587,4571,0.03,v3
0,0.0783366893090958,0.20845063308380962,4596,0.03,v4
1,0.24620743827893718,0.20592777474515078,4596,0.03,v4
2,0.4665049331553144,1.5636190792745486,4596,0.03,v4
3,0.7830131635951876,1.0637400776001313,4596,0.03,v4
4,1.2456965119068966,2.453291789449092,4596,0.03,v4
5,2.001773155873599,2.209939294041105,4596,0.03,v4
6,3.262120549076922,3.8792898311232538,4596,0.03,v4
7,5.668397905231416,5.931501899475794,4596,0.03,v4
8,11.188550240253514,12.71228194188088,4596,0.03,v4
9,42.53265537428016,36.497955391724375,4596,0.03,v4
0,6.570587036987003e-05,0.04014975003834267,4613,0.05,v1a
1,0.00807972576691298,0.41116154263221105,4612,0.05,v1a
2,0.08887732133604474,0.44865862984898025,4612,0.05,v1a
3,0.43893666846578594,0.4316338529504947,4613,0.05,v1a
4,1.4632992992464542,0.8326901471155957,4612,0.05,v1a
5,3.8806844929036104,1.7487924413608886,4612,0.05,v1a
6,9.237937516243075,2.759869752158047,4613,0.05,v1a
7,20.005691612587018,3.209987567402292,4612,0.05,v1a
8,44.997121993900095,7.0833077506845346,4612,0.05,v1a
9,154.37063014678685,16.173750056694544,4613,0.05,v1a
0,4.67503177763391e-09,0.04015845553488177,4612,0.05,v1b
1,1.3970246106738033e-05,0.42014927351089426,4612,0.05,v1b
2,0.0007551538835483502,0.4466664731305301,4612,0.05,v1b
3,0.01065685160644697,0.43908644512707373,4612,0.05,v1b
4,0.07574248466021614,0.9472294652556031,4612,0.05,v1b
5,0.3666316141040605,1.5291785255542805,4612,0.05,v1b
6,1.4281762774966078,2.7162831642458842,4612,0.05,v1b
7,4.549549149772148,3.659719070355943,4612,0.05,v1b
8,14.580806081899025,6.387212159262104,4612,0.05,v1b
9,76.87363805625364,16.558526048547037,4612,0.05,v1b
0,0.09141361486055782,1.3660213996321167,4097,0.05,v2
1,0.4040531057292061,2.4808062691370263,4096,0.05,v2
2,0.688059677571654,3.031808498891262,4096,0.05,v2
3,1.0427577461534874,1.7358169439099105,4096,0.05,v2
4,1.4253780966852387,2.5909911450909178,4096,0.05,v2
5,1.7184825071227432,2.551703611179946,4096,0.05,v2
6,2.1603187740197707,3.8361032636998713,4096,0.05,v2
7,2.8097408334605545,2.519546465457726,4096,0.05,v2
8,4.489588990189892,4.7647352498839295,4096,0.05,v2
9,13.424677502269885,11.941344172895228,4097,0.05,v2
0,0.04220255520356748,0.4574325190326053,4549,0.05,v3
1,0.23455266896149995,1.7094862128858186,4548,0.05,v3
2,0.5958536739284249,2.270868709678418,4548,0.05,v3
3,0.9136868230058885,1.9810822220562272,4549,0.05,v3
4,1.321728699598807,3.3930121749425997,4548,0.05,v3
5,1.7321692481122908,1.6463818617593797,4548,0.05,v3
6,2.266261460856232,3.7345840478669725,4549,0.05,v3
7,3.0081522666252916,2.1433411705180245,4548,0.05,v3
8,4.603429818122043,4.562515103065816,4548,0.05,v3
9,14.642053669819326,11.707982697167674,4549,0.05,v3
0,0.029988574492243462,0.04679333544485988,4562,0.05,v4
1,0.08887339770437497,0.004971022971862682,4561,0.05,v4
2,0.16623586179291108,0.7786454455850876,4561,0.05,v4
3,0.28946934658881146,0.27262904569678975,4561,0.05,v4
4,0.48261741910255757,0.6149114424177364,4562,0.05,v4
5,0.8068429018822204,0.9413331674399245,4561,0.05,v4
6,1.3688502351631229,1.2354650295376461,4561,0.05,v4
7,2.4889908267849914,2.7226127163456755,4561,0.05,v4
8,5.285681001709091,6.480003997323356,4561,0.05,v4
9,26.062244483926857,20.41283381955242,4562,0.05,v4
0,4.095308726040593e-09,0.0,4612,0.07,v1a
1,1.4667532581067933e-05,0.197088867559092,4612,0.07,v1a
2,0.0008414232581982178,0.0987247838756345,4612,0.07,v1a
3,0.01281916695141394,0.09257178717976416,4612,0.07,v1a
4,0.09619312696914543,0.301478458890202,4612,0.07,v1a
5,0.4760442686730153,0.8440496218355398,4611,0.07,v1a
6,1.878406093407091,1.3519219798778457,4612,0.07,v1a
7,6.103063836446662,1.7884857919678687,4612,0.07,v1a
8,19.87865559384218,4.46435991301413,4612,0.07,v1a
9,106.69202742115091,9.597344590593266,4612,0.07,v1a
0,1.0142403457007291e-16,0.0,4607,0.07,v1b
1,1.733054190667227e-10,0.19734560511995924,4606,0.07,v1b
2,1.8951154963576153e-07,0.0988319303743057,4607,0.07,v1b
3,2.0312051298374594e-05,0.18554474742438637,4606,0.07,v1b
4,0.0006287397330387483,0.37739203008894334,4607,0.07,v1b
5,0.009607219726417768,0.6521835601264149,4606,0.07,v1b
6,0.09429808416394196,1.235811166936027,4606,0.07,v1b
7,0.6273823053993851,2.0192484946818614,4607,0.07,v1b
8,3.8924803273154813,4.031170268860642,4606,0.07,v1b
9,45.82066254523489,9.960017013256037,4607,0.07,v1b
0,0.08464312018688921,1.0287550270088002,3330,0.07,v2
1,0.2856826216465565,1.2420634587985027,3330,0.07,v2
2,0.4467240137860605,1.3712388452746986,3329,0.07,v2
3,0.6337051219273584,1.2386947395778014,3330,0.07,v2
4,0.8759865603005411,1.8833374635206492,3330,0.07,v2
5,1.0791274485707427,1.7489751876886277,3329,0.07,v2
6,1.3524462175001855,1.064580968033862,3330,0.07,v2
7,1.7486444871337314,1.693801851423605,3329,0.07,v2
8,2.9854416319074697,3.507758986431382,3330,0.07,v2
9,10.158475796137731,7.771117246252999,3330,0.07,v2
0,0.009025316369101085,0.10047578452385054,4535,0.07,v3
1,0.07920628546990804,1.115247756309697,4535,0.07,v3
2,0.22550407089839739,1.086742976645645,4534,0.07,v3
3,0.4255550103335535,1.3482368546041081,4535,0.07,v3
4,0.6329664396652704,1.8812014191750717,4535,0.07,v3
5,0.9084576609674068,0.6721955275938036,4534,0.07,v3
6,1.262940364341062,2.056779950955044,4535,0.07,v3
7,1.7966961306851166,0.8969670919387045,4534,0.07,v3
8,2.8723219839394023,3.348331272057038,4535,0.07,v3
9,10.349022212526545,6.548366641072725,4535,0.07,v3
0,0.014858496378691138,0.0,4511,0.07,v4
1,0.04611543335060745,0.11380555781898763,4511,0.07,v4
2,0.08997864739069196,0.30030324236215944,4511,0.07,v4
3,0.14644427392979287,0.0950996127836343,4511,0.07,v4
4,0.2407987919402566,0.155042316856395,4511,0.07,v4
5,0.41325692823390103,0.46152708523191516,4510,0.07,v4
6,0.7224265526158222,0.2698379009379168,4511,0.07,v4
7,1.366655212349837,1.1863437048947798,4511,0.07,v4
8,3.0257721422761317,3.761117147433432,4511,0.07,v4
9,17.849737386573715,12.812358688397758,4511,0.07,v4
0,1.008032975496723e-17,0.0,4604,0.1,v1a
1,4.451710721085748e-11,0.11101804075633241,4604,0.1,v1a
2,7.606794845441043e-08,0.0,4603,0.1,v1a
3,1.1610478827222917e-05,0.0,4604,0.1,v1a
4,0.00045568854789725094,0.03126537836987217,4603,0.1,v1a
5,0.008212251725548885,0.2890180774060583,4604,0.1,v1a
6,0.0906468631979856,0.29352352506040785,4603,0.1,v1a
7,0.6702583362699904,0.6426535208219772,4604,0.1,v1a
8,4.590161669009147,2.341054156668379,4603,0.1,v1a
9,60.42613410065368,5.331265740160094,4604,0.1,v1a
0,2.1732832700916786e-32,0.0,4585,0.1,v1b
1,1.5745496587341784e-20,0.11147809370603148,4585,0.1,v1b
2,9.217907505612001e-15,0.0,4585,0.1,v1b
3,6.696514280141797e-11,0.08121492626982649,4585,0.1,v1b
4,4.367608409345793e-08,0.0313881214038215,4585,0.1,v1b
5,7.323540577856468e-06,0.20900082692046626,4585,0.1,v1b
6,0.0004707390749769844,0.24249794691821058,4585,0.1,v1b
7,0.014352261617166504,0.6974945494214712,4585,0.1,v1b
8,0.3443456090908762,2.0135464854913008,4585,0.1,v1b
9,21.99647639085655,5.690056513601746,4585,0.1,v1b
0,0.03248008668713153,0.4783883256909674,2600,0.1,v2
1,0.09902013415455094,0.352907068865946,2600,0.1,v2
2,0.19893586727212376,0.18613261426720654,2599,0.1,v2
3,0.3521946745140489,1.0759583687811978,2600,0.1,v2
4,0.46811855137652497,0.9242831168481623,2600,0.1,v2
5,0.5650317677724419,0.21882310348755055,2599,0.1,v2
6,0.6921072139760346,0.09595145152461043,2600,0.1,v2
7,0.9566942639163025,0.301923477589712,2599,0.1,v2
8,1.9867381243903957,3.9297841045773048,2600,0.1,v2
9,7.638881751328119,4.402263747140632,2600,0.1,v2
0,0.0013687805402082158,0.010137389857073737,4503,0.1,v3
1,0.01872279860157687,0.3499218833633148,4502,0.1,v3
2,0.06606384753814405,0.5802637821339812,4502,0.1,v3
3,0.15631051911390215,0.2655408891041955,4503,0.1,v3
4,0.2931890490453731,0.88584532818423,4502,0.1,v3
5,0.4557416433650245,0.5671045964848658,4502,0.1,v3
6,0.6800656664971688,0.6679141684001217,4503,0.1,v3
7,1.0242028430087518,0.5732570437870418,4502,0.1,v3
8,1.710410421595203,1.7941021808479571,4502,0.1,v3
9,7.350980580088909,3.548932206198318,4503,0.1,v3
0,0.007102827749980644,0.0,4334,0.1,v4
1,0.024069846219957954,0.04924460450529729,4333,0.1,v4
2,0.045856267388774005,0.11796147233836934,4333,0.1,v4
3,0.08058587047222121,0.0,4333,0.1,v4
4,0.13239203960570242,0.08593824993010721,4333,0.1,v4
5,0.21133818612363978,0.08264017158973148,4333,0.1,v4
6,0.3626763343553154,0.0,4333,0.1,v4
7,0.7038664993823257,0.5829845580515343,4333,0.1,v4
8,1.609847817191702,1.5616451714240565,4333,0.1,v4
9,11.694784757003873,7.124147547193267,4333,0.1,v4
