barrier,version,year,premium_bp,payout_bp,loss_ratio
0.03,v1a,2005,23.453368891521734,0.26616918407681855,0.011348867845294383
0.03,v1a,2006,27.01084474589591,1.3216371045038553,0.04892986935200048
0.03,v1a,2007,26.03464598090087,0.6804902366329414,0.026137871708804956
0.03,v1a,2008,119.1076754316583,12.842908012058038,0.10782603191199926
0.03,v1a,2009,118.71789284638638,7.4316340055418975,0.06259910639719636
0.03,v1a,2010,46.291169113619304,1.9254149571893966,0.04159356944439152
0.03,v1a,2011,60.0235976766609,5.621364859909502,0.09365258127630141
0.03,v1a,2012,41.98245040937633,1.5346782676612167,0.03655523326286031
0.03,v1a,2013,28.675677928780946,0.7826700532192897,0.027293863990352135
0.03,v1a,2014,24.413940166312134,0.13392371978745082,0.0054855430493864765
0.03,v1a,2015,32.913219706214576,8.601981179839639,0.2613533788739434
0.03,v1a,2016,37.14291793043321,1.062039522674261,0.02859332496879774
0.03,v1a,2017,19.000799262179736,0.630330968016458,0.03317391859778785
0.03,v1a,2018,39.272792013450555,1.4658588540844955,0.03732504818049231
0.03,v1a,2019,44.70587839762551,4.111405440206259,0.09196565614119845
0.03,v1a,2020,128.82881155151188,36.668438166024224,0.28462917358639483
0.03,v1a,2021,100.98684481371626,4.417301849910327,0.043741359164737065
0.03,v1a,2022,122.38610859690975,12.05527339379052,0.0985019748727832
0.03,v1a,2023,75.40048984409833,3.299749276280253,0.04376296869029595
0.03,v1a,2024,83.19123827819817,11.09897430242531,0.13341518328299729
0.03,v1a,2025,95.27336734639628,13.741879962261821,0.14423632065295744
0.03,v1a,2026,111.49008010364652,8.398805964392894,0.075332316171851
0.03,v1b,2005,9.018296579699006,0.26616918407681855,0.029514352486032583
0.03,v1b,2006,10.285452043626757,1.3216371045038553,0.12849577236839
0.03,v1b,2007,10.038346557961257,0.6804902366329414,0.06778907589051658
0.03,v1b,2008,63.121568681496825,12.842908012058038,0.20346306785976234
0.03,v1b,2009,61.96588434959127,7.4316340055418975,0.11993105696055344
0.03,v1b,2010,19.929772513152074,1.9254149571893966,0.09660998167032639
0.03,v1b,2011,27.54076185529409,5.621364859909502,0.20411072465771027
0.03,v1b,2012,18.068177553242,1.5346782676612167,0.08493818832247678
0.03,v1b,2013,11.854173147264845,0.7826700532192897,0.06602485415862834
0.03,v1b,2014,9.390571876012606,0.13392371978745082,0.014261508410318148
0.03,v1b,2015,12.949253364336478,8.601981179839639,0.6642839504191295
0.03,v1b,2016,15.65823448514979,1.062039522674261,0.0678262625126412
0.03,v1b,2017,7.713105790992179,0.630330968016458,0.08172206956536184
0.03,v1b,2018,17.388220054048517,1.4658588540844955,0.08430183477826403
0.03,v1b,2019,19.864529472672647,4.111405440206259,0.20697220368910635
0.03,v1b,2020,68.92934375568143,36.668438166024224,0.5319713806647386
0.03,v1b,2021,56.268384463805084,4.417301849910327,0.07850415276720409
0.03,v1b,2022,62.75928714152114,12.05527339379052,0.19208748127756903
0.03,v1b,2023,36.55444461960599,3.299749276280253,0.09026944084688492
0.03,v1b,2024,43.171488470539416,11.09897430242531,0.2570903782944464
0.03,v1b,2025,48.18507952021186,13.741879962261821,0.28518952545253373
0.03,v1b,2026,57.580097197218386,8.398805964392894,0.14586300428820098
0.03,v2,2005,5.800769065978612,0.26616918407681855,0.0458851543733908
0.03,v2,2006,5.379195355090458,1.3216371045038553,0.24569420094645933
0.03,v2,2007,4.946628500090481,0.6804902366329414,0.13756647312821135
0.03,v2,2008,5.468345472080776,12.842908012058038,2.3485911922772402
0.03,v2,2009,6.159463833623275,7.4316340055418975,1.2065391089682354
0.03,v2,2010,7.205920910145547,1.9254149571893966,0.2671990133111947
0.03,v2,2011,7.370852633198469,5.621364859909502,0.7626478427462735
0.03,v2,2012,6.423182171731394,1.5346782676612167,0.23892803078439517
0.03,v2,2013,7.355183642188729,0.7826700532192897,0.10641067460640392
0.03,v2,2014,6.350368446559545,0.13392371978745082,0.02108912591678157
0.03,v2,2015,5.730564853385907,8.601981179839639,1.5010703830979515
0.03,v2,2016,6.402155511165457,1.062039522674261,0.16588780463424355
0.03,v2,2017,6.07582780386951,0.630330968016458,0.10374404745556143
0.03,v2,2018,5.691012836350141,1.4658588540844955,0.25757433628011384
0.03,v2,2019,5.873092433696603,4.111405440206259,0.7000409897547767
0.03,v2,2020,7.539721532388037,36.668438166024224,4.863367699789612
0.03,v2,2021,10.423211036299499,4.417301849910327,0.4237947245361139
0.03,v2,2022,13.367091515363516,12.05527339379052,0.9018621126319624
0.03,v2,2023,11.653911588360776,3.299749276280253,0.283145212769234
0.03,v2,2024,11.031010821401894,11.09897430242531,1.0061611290319428
0.03,v2,2025,12.730191471512256,13.741879962261821,1.0794715847765157
0.03,v2,2026,14.865694196253356,8.398805964392894,0.564979062095174
0.03,v3,2005,5.733408285613482,0.26616918407681855,0.046424250780238666
0.03,v3,2006,5.487353669205985,1.3216371045038553,0.24085145302746544
0.03,v3,2007,5.051155281465687,0.6804902366329414,0.13471972226430634
0.03,v3,2008,8.05764753316628,12.842908012058038,1.5938781088642842
0.03,v3,2009,6.2572781115166185,7.4316340055418975,1.1876783919614917
0.03,v3,2010,7.555032510526162,1.9254149571893966,0.25485197509167345
0.03,v3,2011,7.492739009930369,5.621364859909502,0.750241647608348
0.03,v3,2012,6.501545857389613,1.5346782676612167,0.2360482108907856
0.03,v3,2013,6.920049745865476,0.7826700532192897,0.11310179579083399
0.03,v3,2014,6.731453980497197,0.13392371978745082,0.01989521434380496
0.03,v3,2015,5.781335506661153,8.601981179839639,1.4878882517592322
0.03,v3,2016,6.638106379164653,1.062039522674261,0.15999133819363545
0.03,v3,2017,6.3104581842366265,0.630330968016458,0.09988671972995714
0.03,v3,2018,5.91569279693854,1.4658588540844955,0.24779157816360908
0.03,v3,2019,6.127924572883483,4.111405440206259,0.6709295115020721
0.03,v3,2020,7.757744424829366,36.668438166024224,4.726688088442764
0.03,v3,2021,11.534270070596607,4.417301849910327,0.3829719455911651
0.03,v3,2022,13.787105487435356,12.05527339379052,0.8743875503655852
0.03,v3,2023,12.51263055429925,3.299749276280253,0.263713474313879
0.03,v3,2024,12.816063474821078,11.09897430242531,0.8660205471228177
0.03,v3,2025,14.44619503970158,13.741879962261821,0.9512456341961234
0.03,v3,2026,15.94541800241371,8.398805964392894,0.5267222197073503
0.03,v4,2005,2.398631346996102,0.26616918407681855,0.11096710814279669
0.03,v4,2006,2.70361021257813,1.3216371045038553,0.48884158609667266
0.03,v4,2007,2.9395513104622446,0.6804902366329414,0.23149459382150886
0.03,v4,2008,16.505194764009467,12.842908012058038,0.7781130847400083
0.03,v4,2009,12.302888443854378,7.4316340055418975,0.6040560344391481
0.03,v4,2010,5.140558733199667,1.9254149571893966,0.3745536345600607
0.03,v4,2011,7.213187178986797,5.621364859909502,0.7793177579372214
0.03,v4,2012,4.47344232701782,1.5346782676612167,0.34306427924472566
0.03,v4,2013,3.587986869658268,0.7826700532192897,0.2181362646106433
0.03,v4,2014,3.1356906972350567,0.13392371978745082,0.042709480212936864
0.03,v4,2015,4.033290549316255,8.601981179839639,2.1327452298961926
0.03,v4,2016,5.302838365372703,1.062039522674261,0.2002775588276142
0.03,v4,2017,2.860883960579502,0.630330968016458,0.22032734521982425
0.03,v4,2018,6.293845115539941,1.4658588540844955,0.23290354738237645
0.03,v4,2019,5.497891684666012,4.111405440206259,0.7478149217950665
0.03,v4,2020,22.08359689905306,36.668438166024224,1.660437759919289
0.03,v4,2021,19.631597877021118,4.417301849910327,0.2250097968378214
0.03,v4,2022,22.134113714534646,12.05527339379052,0.5446467633295962
0.03,v4,2023,12.353702907820114,3.299749276280253,0.26710608963984817
0.03,v4,2024,15.971948798429155,11.09897430242531,0.6949042000132692
0.03,v4,2025,16.527062943001656,13.741879962261821,0.8314774385294385
0.03,v4,2026,22.609107107736996,8.398805964392894,0.37147888788225353
0.05,v1a,2005,8.474144312220806,0.0931476947282868,0.01099198825230718
0.05,v1a,2006,9.365013575897098,0.635130062589293,0.06781944921296629
0.05,v1a,2007,8.72218737520405,0.1855816325081076,0.021276960070324796
0.05,v1a,2008,69.62717862315289,4.889870804491723,0.07022934005350767
0.05,v1a,2009,71.58633479011796,2.661801985120353,0.0371831019554838
0.05,v1a,2010,19.947736003848842,1.1172346991519102,0.05600809530145896
0.05,v1a,2011,28.67249543407494,1.5846147182483248,0.055266020423361484
0.05,v1a,2012,17.97899798544071,0.495659304418656,0.027568794702576754
0.05,v1a,2013,11.264395827314805,0.04639043874769751,0.004118324627336538
0.05,v1a,2014,8.409960217453536,0.0,0.0
0.05,v1a,2015,12.213846773819268,4.681928378076628,0.3833295492221563
0.05,v1a,2016,15.880659089468864,0.13464960623817765,0.008478842438439441
0.05,v1a,2017,7.264375095599318,0.0156207904762872,0.0021503281797425507
0.05,v1a,2018,17.073399319134886,0.4120067032305837,0.024131498100019848
0.05,v1a,2019,20.014358685292024,1.6764194875179486,0.08376083959911745
0.05,v1a,2020,79.88842341416982,22.80450680309674,0.2854544604650678
0.05,v1a,2021,67.97881440251113,1.6055743996797172,0.023618746719719308
0.05,v1a,2022,71.88466532714105,6.408447251413696,0.08914901700174012
0.05,v1a,2023,40.11214194537667,1.9611605329491208,0.048891942385419385
0.05,v1a,2024,47.73320075389693,6.73362580066909,0.14106797143955108
0.05,v1a,2025,53.13445874011566,6.410756386463852,0.12065157975579101
0.05,v1a,2026,66.66882977190281,3.1397313102366544,0.047094441600051544
0.05,v1b,2005,2.663192233059195,0.0931476947282868,0.034975956137153694
0.05,v1b,2006,2.714754937986262,0.635130062589293,0.2339548420014724
0.05,v1b,2007,2.6752236969579175,0.1855816325081076,0.06937051010692617
0.05,v1b,2008,31.64229486599115,4.889870804491723,0.15453590914315488
0.05,v1b,2009,32.36373029940554,2.661801985120353,0.08224645183034557
0.05,v1b,2010,6.915971463942189,1.1172346991519102,0.1615441453130393
0.05,v1b,2011,10.585153735593508,1.5846147182483248,0.1497016252980737
0.05,v1b,2012,6.028420147746093,0.495659304418656,0.0822204312690404
0.05,v1b,2013,3.970261210261659,0.04639043874769751,0.011684480262355372
0.05,v1b,2014,2.5814471872442475,0.0,0.0
0.05,v1b,2015,3.8710823214493373,4.681928378076628,1.2094623646039406
0.05,v1b,2016,5.556873861483328,0.13464960623817765,0.024231179183584143
0.05,v1b,2017,2.6086207939847372,0.0156207904762872,0.005988141516125089
0.05,v1b,2018,6.40167517705305,0.4120067032305837,0.06435920158952006
0.05,v1b,2019,7.258822935470318,1.6764194875179486,0.23094921896029538
0.05,v1b,2020,36.890462589822334,22.80450680309674,0.6181680901282123
0.05,v1b,2021,36.709734656793074,1.6055743996797172,0.043737020021816155
0.05,v1b,2022,30.75439281102601,6.408447251413696,0.20837502111620787
0.05,v1b,2023,16.080147340478582,1.9611605329491208,0.12196160218086359
0.05,v1b,2024,21.63510817786993,6.73362580066909,0.31123605878508
0.05,v1b,2025,22.04903694526308,6.410756386463852,0.29074994986758873
0.05,v1b,2026,29.795891109074507,3.1397313102366544,0.10537464037383434
0.05,v2,2005,2.872404416395334,0.0931476947282868,0.0324284749726087
0.05,v2,2006,2.678328087893979,0.635130062589293,0.23713676657466862
0.05,v2,2007,2.5199801378172464,0.1855816325081076,0.0736440854128535
0.05,v2,2008,2.7759010318520048,4.889870804491723,1.761543638761983
0.05,v2,2009,2.7686716544165546,2.661801985120353,0.961400381614149
0.05,v2,2010,3.295209552436416,1.1172346991519102,0.33904814894878166
0.05,v2,2011,3.4418335489214376,1.5846147182483248,0.46039841721715247
0.05,v2,2012,2.8250326306908207,0.495659304418656,0.17545259443514807
0.05,v2,2013,3.22650585973901,0.04639043874769751,0.01437791864151457
0.05,v2,2014,2.753861955043502,0.0,0.0
0.05,v2,2015,2.4774304556975064,4.681928378076628,1.8898324137855396
0.05,v2,2016,2.920108041446221,0.13464960623817765,0.046111172712462616
0.05,v2,2017,2.725371921755434,0.0156207904762872,0.005731617894641594
0.05,v2,2018,2.546270055679195,0.4120067032305837,0.1618079364015788
0.05,v2,2019,2.6120784648420265,1.6764194875179486,0.6417952255577953
0.05,v2,2020,3.639054111907571,22.80450680309674,6.266602831894344
0.05,v2,2021,5.319797957451946,1.6055743996797172,0.30181116134883224
0.05,v2,2022,7.041735611496369,6.408447251413696,0.9100664388693088
0.05,v2,2023,6.027000586786472,1.9611605329491208,0.325395776009836
0.05,v2,2024,5.623096386517442,6.73362580066909,1.1974942874559962
0.05,v2,2025,6.892777593364488,6.410756386463852,0.9300686551435133
0.05,v2,2026,7.991793911243797,3.1397313102366544,0.3928694039293619
0.05,v3,2005,2.9839576487600783,0.0931476947282868,0.03121615843542297
0.05,v3,2006,2.750088672073417,0.635130062589293,0.2309489395883514
0.05,v3,2007,2.5785292887448943,0.1855816325081076,0.07197189239546702
0.05,v3,2008,4.426853764345468,4.889870804491723,1.104592802200846
0.05,v3,2009,2.988546358616358,2.661801985120353,0.8906677915321743
0.05,v3,2010,3.5751743554573943,1.1172346991519102,0.31249796179771927
0.05,v3,2011,3.645385424739407,1.5846147182483248,0.4346905837430351
0.05,v3,2012,2.9600365836895586,0.495659304418656,0.16745039813016027
0.05,v3,2013,3.1510888643077366,0.04639043874769751,0.01472203442853048
0.05,v3,2014,3.1520337994231915,0.0,0.0
0.05,v3,2015,2.6460609975420497,4.681928378076628,1.7693954834849666
0.05,v3,2016,3.174681472291672,0.13464960623817765,0.04241357988616717
0.05,v3,2017,2.991552721283983,0.0156207904762872,0.005221633021925387
0.05,v3,2018,2.790043070413933,0.4120067032305837,0.14767037383743975
0.05,v3,2019,2.8874964672880825,1.6764194875179486,0.5805788878046423
0.05,v3,2020,3.86463692726654,22.80450680309674,5.900814806742112
0.05,v3,2021,6.245760657212068,1.6055743996797172,0.25706627067525206
0.05,v3,2022,7.468171887719333,6.408447251413696,0.8581011990299461
0.05,v3,2023,6.796133550202626,1.9611605329491208,0.28857004037106493
0.05,v3,2024,7.403382470287304,6.73362580066909,0.9095336932400546
0.05,v3,2025,8.567070584918179,6.410756386463852,0.7483020389431143
0.05,v3,2026,9.01475025110794,3.1397313102366544,0.3482882190608411
0.05,v4,2005,1.48199257810311,0.0931476947282868,0.06285301026777884
0.05,v4,2006,1.5654522454743838,0.635130062589293,0.4057166639387505
0.05,v4,2007,1.6689197060046375,0.1855816325081076,0.11119865853366101
0.05,v4,2008,9.028550097476439,4.889870804491723,0.5416008940193494
0.05,v4,2009,6.897393454736569,2.661801985120353,0.38591418665444466
0.05,v4,2010,2.6575292982576717,1.1172346991519102,0.42040353040863604
0.05,v4,2011,3.7213207200062426,1.5846147182483248,0.42582051843294666
0.05,v4,2012,2.3100443561743114,0.495659304418656,0.21456700737968623
0.05,v4,2013,1.9764448563759505,0.04639043874769751,0.023471658517586955
0.05,v4,2014,1.7066038519118325,0.0,0.0
0.05,v4,2015,2.0500058487445543,4.681928378076628,2.283860985540061
0.05,v4,2016,2.8641811644418387,0.13464960623817765,0.04701155356714933
0.05,v4,2017,1.7054067749837596,0.0156207904762872,0.009159568676180469
0.05,v4,2018,3.289074690004417,0.4120067032305837,0.1252652317330107
0.05,v4,2019,2.8436390247673624,1.6764194875179486,0.5895331555506051
0.05,v4,2020,12.861569864787922,22.80450680309674,1.7730733528517646
0.05,v4,2021,13.391804901018919,1.6055743996797172,0.11989230813522057
0.05,v4,2022,12.269858655771856,6.408447251413696,0.522291856100486
0.05,v4,2023,6.603556157716376,1.9611605329491208,0.29698551600223294
0.05,v4,2024,9.271415180884787,6.73362580066909,0.7262780998689445
0.05,v4,2025,9.046964314517043,6.410756386463852,0.7086085634467411
0.05,v4,2026,13.489725012819417,3.1397313102366544,0.2327498379138891
0.07,v1a,2005,3.464197560525378,0.0,0.0
0.07,v1a,2006,3.487414229277778,0.5095019218857754,0.14609733412462736
0.07,v1a,2007,3.2573069662899017,0.06509409247885159,0.019984021509951294
0.07,v1a,2008,41.95217048725487,1.7201273436121307,0.041002106056341185
0.07,v1a,2009,45.14527758657826,0.9853196874022847,0.021825531707334575
0.07,v1a,2010,9.306849354759796,0.6784247474466024,0.07289521099851434
0.07,v1a,2011,14.338199068403076,0.47783868773666843,0.03332626960032073
0.07,v1a,2012,8.09664079856312,0.3262350494648979,0.040292642045179225
0.07,v1a,2013,5.094435216691536,0.0,0.0
0.07,v1a,2014,3.225400631866229,0.0,0.0
0.07,v1a,2015,5.056211329515969,2.4560312703405365,0.4857453753966514
0.07,v1a,2016,7.541429903093994,0.0,0.0
0.07,v1a,2017,3.2601307374569553,0.0,0.0
0.07,v1a,2018,8.234422280657089,0.09493499768826104,0.011529041680466917
0.07,v1a,2019,9.675681710263467,0.9067761240396534,0.09371702699539938
0.07,v1a,2020,51.02293509048369,14.054631208505425,0.2754571289084222
0.07,v1a,2021,50.64829565824601,0.6262661070705307,0.012364998642724686
0.07,v1a,2022,43.107853341280325,4.3496552011991945,0.10090168876569736
0.07,v1a,2023,22.23261086358364,1.468579067952881,0.06605517799793681
0.07,v1a,2024,29.05630056249042,4.480756405840229,0.15420945953541523
0.07,v1a,2025,30.218515711019712,3.4055338660569032,0.11269692722912315
0.07,v1a,2026,41.701431770287606,1.0160280162860167,0.024364343696466065
0.07,v1b,2005,1.3153002895211903,0.0,0.0
0.07,v1b,2006,1.2150503748701167,0.5095019218857754,0.4193257600041799
0.07,v1b,2007,1.251257304440524,0.06509409247885159,0.05202294703722603
0.07,v1b,2008,16.93368552365897,1.7201273436121307,0.10158021071129777
0.07,v1b,2009,18.338058144053623,0.9853196874022847,0.05373086286793069
0.07,v1b,2010,2.97187576990796,0.6784247474466024,0.22828166450161325
0.07,v1b,2011,4.588492662570144,0.47783868773666843,0.10413848792536098
0.07,v1b,2012,2.4288424443007317,0.3262350494648979,0.13431709011443166
0.07,v1b,2013,1.914861642692749,0.0,0.0
0.07,v1b,2014,1.2483935656213372,0.0,0.0
0.07,v1b,2015,1.6928091622631538,2.4560312703405365,1.4508612814081263
0.07,v1b,2016,2.548452397435125,0.0,0.0
0.07,v1b,2017,1.3907782265514435,0.0,0.0
0.07,v1b,2018,2.9309247154633202,0.09493499768826104,0.032390800482657134
0.07,v1b,2019,3.1057564703704728,0.9067761240396534,0.29196626737816567
0.07,v1b,2020,20.756764181939737,14.054631208505425,0.6771108967328456
0.07,v1b,2021,27.267207452067236,0.6262661070705307,0.022967739111951154
0.07,v1b,2022,15.48831711829979,4.3496552011991945,0.2808345908710754
0.07,v1b,2023,7.6102218174807525,1.468579067952881,0.19297454176428092
0.07,v1b,2024,12.061249408808244,4.480756405840229,0.3715001865866371
0.07,v1b,2025,10.542071217957751,3.4055338660569032,0.3230421987906694
0.07,v1b,2026,16.74763623415992,1.0160280162860167,0.060666950373189886
0.07,v2,2005,2.1005988737063133,0.0,0.0
0.07,v2,2006,1.9695413880330292,0.5095019218857754,0.25869063985226143
0.07,v2,2007,1.8807278493754571,0.06509409247885159,0.03461111744608223
0.07,v2,2008,1.9884311865320068,1.7201273436121307,0.8650675745094197
0.07,v2,2009,1.8621363111545057,0.9853196874022847,0.5291340282126803
0.07,v2,2010,2.071007243687368,0.6784247474466024,0.3275820253717157
0.07,v2,2011,2.201215356273053,0.47783868773666843,0.21707948128515336
0.07,v2,2012,1.801841292527979,0.3262350494648979,0.18105648417413658
0.07,v2,2013,1.956275285436163,0.0,0.0
0.07,v2,2014,1.7411318777261644,0.0,0.0
0.07,v2,2015,1.6186048233361203,2.4560312703405365,1.517375479753229
0.07,v2,2016,1.8420172340370624,0.0,0.0
0.07,v2,2017,1.7242961065613323,0.0,0.0
0.07,v2,2018,1.645717617388564,0.09493499768826104,0.05768607972909991
0.07,v2,2019,1.6717609781845253,0.9067761240396534,0.542407757970509
0.07,v2,2020,2.355714100210212,14.054631208505425,5.966187156264532
0.07,v2,2021,3.149495350726607,0.6262661070705307,0.19884649359017073
0.07,v2,2022,4.225469416364927,4.3496552011991945,1.0293898198276632
0.07,v2,2023,3.699481062581589,1.468579067952881,0.3969689378347758
0.07,v2,2024,3.4998745409133036,4.480756405840229,1.2802620075264075
0.07,v2,2025,4.394300377897822,3.4055338660569032,0.7749888658467331
0.07,v2,2026,5.014378917322772,1.0160280162860167,0.20262290366131414
0.07,v3,2005,2.1098275927909973,0.0,0.0
0.07,v3,2006,1.9948950003573895,0.5095019218857754,0.2554028767401277
0.07,v3,2007,1.8551002606255036,0.06509409247885159,0.03508925844089048
0.07,v3,2008,3.0452682849296098,1.7201273436121307,0.564852480198437
0.07,v3,2009,1.9326568723900124,0.9853196874022847,0.5098264991983771
0.07,v3,2010,2.3453744110169223,0.6784247474466024,0.2892607441523363
0.07,v3,2011,2.369914448713498,0.47783868773666843,0.20162697771477023
0.07,v3,2012,1.9261470033509989,0.3262350494648979,0.1693718334568094
0.07,v3,2013,2.0510371870881126,0.0,0.0
0.07,v3,2014,2.1430999453379633,0.0,0.0
0.07,v3,2015,1.7738742388845132,2.4560312703405365,1.3845577192016678
0.07,v3,2016,2.076805006317372,0.0,0.0
0.07,v3,2017,1.9540294353893823,0.0,0.0
0.07,v3,2018,1.8326551178457027,0.09493499768826104,0.05180188938105152
0.07,v3,2019,1.896816778161382,0.9067761240396534,0.47805150949719427
0.07,v3,2020,2.5144689581091737,14.054631208505425,5.589502770825297
0.07,v3,2021,4.069580131585655,0.6262661070705307,0.15388961190610956
0.07,v3,2022,4.781015506815929,4.3496552011991945,0.9097764261584641
0.07,v3,2023,4.486347422470158,1.468579067952881,0.32734403506010457
0.07,v3,2024,5.266564828066737,4.480756405840229,0.850792984064536
0.07,v3,2025,6.165400859358944,3.4055338660569032,0.5523621162259672
0.07,v3,2026,6.066001822601749,1.0160280162860167,0.1674955013202148
0.07,v4,2005,1.2159731514125358,0.0,0.0
0.07,v4,2006,1.2401687084031767,0.5095019218857754,0.41083275076485576
0.07,v4,2007,1.2932283976442096,0.06509409247885159,0.050334567812947255
0.07,v4,2008,5.804515985783001,1.7201273436121307,0.29634294191371646
0.07,v4,2009,4.561653442494209,0.9853196874022847,0.21600055765383488
0.07,v4,2010,1.803710394369264,0.6784247474466024,0.37612731487520173
0.07,v4,2011,2.423428991468089,0.47783868773666843,0.19717461886399182
0.07,v4,2012,1.5954054325253393,0.3262350494648979,0.20448410342222925
0.07,v4,2013,1.457403497506205,0.0,0.0
0.07,v4,2014,1.2888387697857602,0.0,0.0
0.07,v4,2015,1.4482148331985192,2.4560312703405365,1.695902578843333
0.07,v4,2016,1.9920516226235103,0.0,0.0
0.07,v4,2017,1.3276992213109449,0.0,0.0
0.07,v4,2018,2.1964938206586044,0.09493499768826104,0.04322115400251634
0.07,v4,2019,1.93244815126863,0.9067761240396534,0.46923697458292235
0.07,v4,2020,8.51255422957802,14.054631208505425,1.6510474799291976
0.07,v4,2021,10.362914625188019,0.6262661070705307,0.060433394437925135
0.07,v4,2022,7.792932471149041,4.3496552011991945,0.5581538422541794
0.07,v4,2023,4.196379643107275,1.468579067952881,0.34996334765971
0.07,v4,2024,6.23705958339924,4.480756405840229,0.7184084657081609
0.07,v4,2025,5.763156323207066,3.4055338660569032,0.5909147132350907
0.07,v4,2026,9.243312292684564,1.0160280162860167,0.10992033852303484
0.1,v1a,2005,1.4386183602211817,0.0,0.0
0.1,v1a,2006,1.2894278286808731,0.321059710830499,0.24899393644928045
0.1,v1a,2007,1.2866585899241731,0.0,0.0
0.1,v1a,2008,20.749941802518883,0.42007599059282,0.020244682832885153
0.1,v1a,2009,24.23737774137964,0.08608868671569951,0.0035518977190640254
0.1,v1a,2010,3.5423449627183556,0.3249440189183616,0.09173133117701876
0.1,v1a,2011,5.567050914801533,0.023170459293668417,0.004162070663313567
0.1,v1a,2012,2.8478329236219353,0.1806746418957567,0.06344285171967559
0.1,v1a,2013,2.1399960217955574,0.0,0.0
0.1,v1a,2014,1.3115050780792823,0.0,0.0
0.1,v1a,2015,1.8659874261223683,0.9887775775339038,0.5298950913022183
0.1,v1a,2016,3.0599735165397774,0.0,0.0
0.1,v1a,2017,1.4851871259650562,0.0,0.0
0.1,v1a,2018,3.3140276465352443,0.0,0.0
0.1,v1a,2019,3.6901813536865555,0.457570186931679,0.1239966665796949
0.1,v1a,2020,27.117261512442504,6.422933595801909,0.23685775176283216
0.1,v1a,2021,36.48900158193353,0.07776769330763082,0.002131263940807173
0.1,v1a,2022,20.320250159336823,3.032214041445465,0.14922129489888256
0.1,v1a,2023,9.678546415484085,1.1424217654622988,0.11803650222047926
0.1,v1a,2024,15.19583758517752,2.4108000435279724,0.15864871087326834
0.1,v1a,2025,13.414685670126158,1.400172285442843,0.10437607856596724
0.1,v1a,2026,22.143383124322845,0.5419517165925359,0.024474657442802524
0.1,v1b,2005,1.025941112790055,0.0,0.0
0.1,v1b,2006,1.0000040899022857,0.321059710830499,0.32105839773302425
0.1,v1b,2007,1.0018265272440845,0.0,0.0
0.1,v1b,2008,7.478154698598658,0.42007599059282,0.056173749744912155
0.1,v1b,2009,8.782754484076841,0.08608868671569951,0.00980201449007581
0.1,v1b,2010,1.4174912341802057,0.3249440189183616,0.22923882072984408
0.1,v1b,2011,1.80417409853992,0.023170459293668417,0.012842695897485603
0.1,v1b,2012,1.163799824893906,0.1806746418957567,0.15524546234763978
0.1,v1b,2013,1.1657460274712506,0.0,0.0
0.1,v1b,2014,1.0161677133674776,0.0,0.0
0.1,v1b,2015,1.064233421264769,0.9887775775339038,0.9290984080905944
0.1,v1b,2016,1.3463149480656065,0.0,0.0
0.1,v1b,2017,1.027011108876603,0.0,0.0
0.1,v1b,2018,1.4340878506656172,0.0,0.0
0.1,v1b,2019,1.3924281436404398,0.457570186931679,0.32861314174200945
0.1,v1b,2020,9.425364440097203,6.422933595801909,0.6814520156353413
0.1,v1b,2021,19.83391434732825,0.07776769330763082,0.0039209453033715765
0.1,v1b,2022,5.698123580199803,3.032214041445465,0.5321425551355174
0.1,v1b,2023,2.9420828266880212,1.1424217654622988,0.38830374015960406
0.1,v1b,2024,6.074315956312998,2.4108000435279724,0.3968842024133505
0.1,v1b,2025,4.012479136913778,1.400172285442843,0.3489544088993803
0.1,v1b,2026,8.229755497298315,0.5419517165925359,0.06585271175680119
0.1,v2,2005,1.7184515202354897,0.0,0.0
0.1,v2,2006,1.6122612241112488,0.321059710830499,0.19913628513114034
0.1,v2,2007,1.5316289519921276,0.0,0.0
0.1,v2,2008,1.574908194020766,0.42007599059282,0.26673046225022123
0.1,v2,2009,1.4409681092385291,0.08608868671569951,0.05974364468148608
0.1,v2,2010,1.4912646026910854,0.3249440189183616,0.21789829808337077
0.1,v2,2011,1.570909689413553,0.023170459293668417,0.014749708051210977
0.1,v2,2012,1.3400916176932602,0.1806746418957567,0.13482260429832202
0.1,v2,2013,1.372651076594222,0.0,0.0
0.1,v2,2014,1.2875606173807557,0.0,0.0
0.1,v2,2015,1.2442077661704802,0.9887775775339038,0.7947045537074894
0.1,v2,2016,1.2962784380191545,0.0,0.0
0.1,v2,2017,1.2538838119798288,0.0,0.0
0.1,v2,2018,1.2302584359598479,0.0,0.0
0.1,v2,2019,1.2410074909597988,0.457570186931679,0.36870864218377347
0.1,v2,2020,1.6480258856347207,6.422933595801909,3.8973499456461393
0.1,v2,2021,1.8799181855284526,0.07776769330763082,0.041367594561446314
0.1,v2,2022,2.41464065806812,3.032214041445465,1.255762024595182
0.1,v2,2023,2.2744638991371393,1.1424217654622988,0.5022817754529751
0.1,v2,2024,2.2653732840226364,2.4108000435279724,1.0641954950784538
0.1,v2,2025,2.779569854931917,1.400172285442843,0.5037370379299709
0.1,v2,2026,3.013949684623778,0.5419517165925359,0.17981445388999123
0.1,v3,2005,1.673658211550031,0.0,0.0
0.1,v3,2006,1.63451720100461,0.321059710830499,0.1964247978749741
0.1,v3,2007,1.4788135648054863,0.0,0.0
0.1,v3,2008,2.161413983115514,0.42007599059282,0.1943523979553942
0.1,v3,2009,1.4436708312748798,0.08608868671569951,0.059631797533566656
0.1,v3,2010,1.7272083350796295,0.3249440189183616,0.18813249815829583
0.1,v3,2011,1.7124879164193088,0.023170459293668417,0.013530290679140213
0.1,v3,2012,1.454378562027441,0.1806746418957567,0.12422807005893402
0.1,v3,2013,1.5149051961170723,0.0,0.0
0.1,v3,2014,1.6506819584408634,0.0,0.0
0.1,v3,2015,1.3672324578842168,0.9887775775339038,0.7231963897814646
0.1,v3,2016,1.5025024545656207,0.0,0.0
0.1,v3,2017,1.4262624981243495,0.0,0.0
0.1,v3,2018,1.3587593851172899,0.0,0.0
0.1,v3,2019,1.3926608360628623,0.457570186931679,0.32855823548916474
0.1,v3,2020,1.7428392444490055,6.422933595801909,3.685327614844079
0.1,v3,2021,2.6832982362416704,0.07776769330763082,0.028982128135169653
0.1,v3,2022,3.0197540034104815,3.032214041445465,1.004126176510044
0.1,v3,2023,3.042293730584797,1.1424217654622988,0.37551330234069796
0.1,v3,2024,3.950105196664089,2.4108000435279724,0.6103128710506044
0.1,v3,2025,4.60517937627673,1.400172285442843,0.30404294187881925
0.1,v3,2026,4.111871168820571,0.5419517165925359,0.1318017258668118
0.1,v4,2005,1.0809109351236252,0.0,0.0
0.1,v4,2006,1.0822220788361006,0.321059710830499,0.2966671232357315
0.1,v4,2007,1.1055795883048218,0.0,0.0
0.1,v4,2008,3.615744101179958,0.42007599059282,0.11617967943465161
0.1,v4,2009,2.94229995838198,0.08608868671569951,0.029258976968154233
0.1,v4,2010,1.3293379860442491,0.3249440189183616,0.24444048265355542
0.1,v4,2011,1.636413681151785,0.023170459293668417,0.014159292091324946
0.1,v4,2012,1.2159036891206152,0.1806746418957567,0.14859288898648462
0.1,v4,2013,1.1897505993141688,0.0,0.0
0.1,v4,2014,1.0937486274464272,0.0,0.0
0.1,v4,2015,1.154544784512576,0.9887775775339038,0.8564220208671632
0.1,v4,2016,1.4717590787320591,0.0,0.0
0.1,v4,2017,1.1270551415661982,0.0,0.0
0.1,v4,2018,1.553729178495872,0.0,0.0
0.1,v4,2019,1.4108246424750142,0.457570186931679,0.3243281788223958
0.1,v4,2020,5.31976121492837,6.422933595801909,1.2073725372819
0.1,v4,2021,7.89116954985745,0.07776769330763082,0.00985502754899439
0.1,v4,2022,4.625968463152602,3.032214041445465,0.6554765916797903
0.1,v4,2023,2.5866409768994454,1.1424217654622988,0.4416622854369597
0.1,v4,2024,4.024795900337173,2.4108000435279724,0.5989869059760298
0.1,v4,2025,3.4718893740863233,1.400172285442843,0.4032882775279434
0.1,v4,2026,6.079585914396233,0.5419517165925359,0.08914286667274732
