vol_quintile,version,mean_rv20,charged_bp,payout_bp,loss_ratio,share_below_0.5bp
calmest 20%,v1a,0.11960165841647571,1.255229915090567,0.025598269059524822,0.020393291102911507,0.9344173441734417
calmest 20%,v1b,0.11960165841647571,1.0222021717219665,0.025598269059524822,0.025042276144261032,0.990460704607046
calmest 20%,v2,0.11960165841647571,1.530636804135206,0.025598269059524822,0.016723934110540076,0.6295934959349594
calmest 20%,v3,0.11960165841647571,1.6305616336025777,0.025598269059524822,0.015699050273228727,0.6053116531165311
calmest 20%,v4,0.11960165841647571,1.0000000000000002,0.025598269059524822,0.02559826905952482,1.0
q2,v1a,0.19876702258826331,2.76458074836348,0.543516266156455,0.19659988823918226,0.650189701897019
q2,v1b,0.19876702258826331,1.2211173264909287,0.543516266156455,0.4450974974848108,0.9350677506775068
q2,v2,0.19876702258826331,2.1912989016543793,0.543516266156455,0.24803383315079153,0.3451490514905149
q2,v3,0.19876702258826331,2.429172449875471,0.543516266156455,0.22374544309701758,0.3053658536585366
q2,v4,0.19876702258826331,1.0000000000000002,0.543516266156455,0.5435162661564549,1.0
q3,v1a,0.2779074572585858,8.388079793493516,0.6300149479782001,0.07510836371238284,0.22712489158716392
q3,v1b,0.2779074572585858,2.241473431224576,0.6300149479782001,0.28107178929799154,0.7122723330442324
q3,v2,0.2779074572585858,2.852807877335977,0.6300149479782001,0.22084030017700448,0.21205550737207285
q3,v3,0.2779074572585858,3.166972099696219,0.6300149479782001,0.19893290125247146,0.17237640936686904
q3,v4,0.2779074572585858,1.1242286187952777,0.6300149479782001,0.5603975360930801,0.32924978317432785
q4,v1a,0.40278769170135664,27.7273409287202,1.9655554339996963,0.07088871013822168,0.010731707317073172
q4,v1b,0.40278769170135664,7.95139125251334,1.9655554339996963,0.24719641778140494,0.24899728997289972
q4,v2,0.40278769170135664,4.199989608265979,1.9655554339996963,0.46799054696023445,0.11848238482384824
q4,v3,0.40278769170135664,4.77230775342127,1.9655554339996963,0.41186686516404747,0.07013550135501355
q4,v4,0.40278769170135664,2.9138809455122874,1.9655554339996963,0.6745489849291469,0.0
wildest 20%,v1a,0.7967648987372811,137.3465135986577,13.405691483275039,0.09760489095812079,0.0
wildest 20%,v1b,0.7967648987372811,63.630912224535095,13.405691483275039,0.21067891398398045,0.0014092140921409214
wildest 20%,v2,0.7967648987372811,9.184596808760064,13.405691483275039,1.4595841017745046,0.05875338753387534
wildest 20%,v3,0.7967648987372811,10.633077015790025,13.405691483275039,1.2607537275774179,0.04010840108401084
wildest 20%,v4,0.7967648987372811,23.20466631017409,13.405691483275039,0.5777153312218635,0.0
