barrier,version,name,n,mean_fair_bp,mean_charged_bp,mean_payout_bp,loss_ratio,fair_loss_ratio,keeper_net_bp_per_weekend,keeper_sharpe_ann,worst_weekend_book_pct,worst_single_pct,share_weekends_book_negative,zero_premium_share
0.03,v1a,"v1a Black-Scholes, calendar clock",46124,43.74796884401469,65.72254108483008,6.648874457683243,0.10116581537986089,0.15198132926788208,59.07366662714685,6.766103377936588,-6.88765389482397,-31.13760154121149,0.01500441306266549,0.0
0.03,v1b,"v1b Black-Scholes, trading clock",46124,21.372164870641356,32.30467541795986,6.648874457683243,0.20581771436052831,0.3110997176901208,25.65580096027661,3.9721109450025645,-7.531477544296212,-32.217064975918866,0.03618711385701677,0.0
0.03,v2,v2 own-history empirical,46124,5.377749285205118,8.141625160869236,6.648874457683243,0.8166519983798148,1.2363675034042876,1.4927507031859932,0.29725565331828446,-8.189860257509464,-33.855241658542546,0.1209179170344219,0.03594657878761599
0.03,v3,v3 EVT / GPD tail,46124,5.748665808485695,8.692929458885468,6.648874457683243,0.7648600496679636,1.1565943610548268,2.044055001202225,0.39905107898732584,-8.187666635340232,-33.86157874854868,0.11209179170344219,0.009149249848235192
0.03,v4,v4 pooled vol-scaled,46124,6.723334584957441,10.26998341068594,6.648874457683243,0.647408490530284,0.9889251194725914,3.621108953002697,0.6694112189142045,-7.740298291526579,-33.19460714182206,0.10150044130626655,0.0035556326424421125
0.05,v1a,"v1a Black-Scholes, calendar clock",46124,23.450655539114635,35.49693672276058,3.3141334723653144,0.09336392878770008,0.14132370273562245,32.18280325039526,5.06492491381148,-5.698123684094881,-30.061271177050497,0.018534863195057368,0.0
0.05,v1b,"v1b Black-Scholes, trading clock",46124,9.787748070437962,15.213700521992916,3.3141334723653144,0.21783874788217406,0.3386002018559332,11.899567049627601,2.69036661258724,-6.141440057020717,-30.932593373733763,0.03795233892321271,8.67227473766369e-05
0.05,v2,v2 own-history empirical,46124,2.5094057038587967,3.9918906955927764,3.3141334723653144,0.8302164876468848,1.3206846016445493,0.677757223227462,0.20031580113765182,-6.445181209845395,-31.970755555822233,0.0820829655781112,0.1119157054895499
0.05,v3,v3 EVT / GPD tail,46124,2.8954027739572075,4.526447664202088,3.3141334723653144,0.7321709468940746,1.144619153567992,1.2123141918367741,0.3423230531431269,-6.4429115240375046,-31.969760922654917,0.07678729037952339,0.013875639580261903
0.05,v4,v4 pooled vol-scaled,46124,3.66624545808338,5.848657601540943,3.3141334723653144,0.5666485710314348,0.903958425658128,2.534524129175629,0.6821443052571696,-6.172032467518429,-31.557264235504995,0.0617828773168579,0.011078830977365364
0.07,v1a,"v1a Black-Scholes, calendar clock",46124,13.512624284833517,20.78521888158983,1.8734217959406183,0.09013240642849189,0.13864233597046985,18.911797085649212,4.144648718761499,-4.333243915030864,-28.714499800585138,0.019417475728155338,0.00010840343422079612
0.07,v1b,"v1b Black-Scholes, trading clock",46124,5.038515434033097,8.2666833254417,1.8734217959406183,0.22662314766248998,0.3718201959423257,6.393261529501083,2.111520544797185,-4.614343561392002,-29.345162976122456,0.03177405119152692,0.0012791605238053941
0.07,v2,v2 own-history empirical,46124,1.4186572278563092,2.5398118357810837,1.8734217959406183,0.7376222795514589,1.3205598640423453,0.6663900398404652,0.2938479425646102,-4.75499991246695,-30.03831302750054,0.05207413945278023,0.27809817015003035
0.07,v3,v3 EVT / GPD tail,46124,1.824957903090587,3.0452516241354086,1.8734217959406183,0.6151944164786415,1.0265561702919048,1.1718298281947905,0.4845534252076984,-4.75340261150529,-30.028228336525352,0.04942630185348632,0.016845893677911717
0.07,v4,v4 pooled vol-scaled,46124,2.3390178782903632,3.9816180515159743,1.8734217959406183,0.4705177070480996,0.8009437693182324,2.108196255575357,0.8287544946976582,-4.5752979011940305,-29.74961094987617,0.04148278905560459,0.02200589714682161
0.1,v1a,"v1a Black-Scholes, calendar clock",46124,6.566505788736161,10.557878908022893,0.9022757386873478,0.08545994385308889,0.13740576308256122,9.655603169335546,3.4344471347032033,-2.2756977971161674,-26.29505761117174,0.01676963812886143,0.0019079004422860116
0.1,v1b,"v1b Black-Scholes, trading clock",46124,2.2222848431820292,4.185694810407247,0.9022757386873478,0.21556175964954333,0.4060126412037278,3.283419071719899,1.908228115165435,-2.4131807270301913,-26.8354118222173,0.0264783759929391,0.005940508195299627
0.1,v2,v2 own-history empirical,46124,0.7322176235822782,1.7287095669215682,0.9022757386873478,0.5219359896839653,1.2322507812268746,0.8264338282342206,0.6863566292573717,-2.4583797410399026,-27.08655056069551,0.03089143865842895,0.43636718411239267
0.1,v3,v3 EVT / GPD tail,46124,1.1477420759283496,2.1888828098705355,0.9022757386873478,0.41220833505504756,0.78613109827619,1.2866070711831878,1.0072999817790438,-2.4574257830242767,-27.07331442539649,0.02912621359223301,0.023848755528575145
0.1,v4,v4 pooled vol-scaled,46124,1.3971606580771627,2.698290779651616,0.9022757386873478,0.3343878819479356,0.6457924029503531,1.796015040964269,1.2944608569575695,-2.3521763394141706,-26.898751482394267,0.02824360105913504,0.06055415835573671
