friday,payout,premium,n,worst_ticker,worst_payout,net
2020-03-13,0.06495664108792197,0.003236316412737677,43,TQQQ,0.23817732155627186,-0.06172032467518429
2020-03-06,0.03130272018522409,0.0010502768264772765,43,TQQQ,0.1492451415226454,-0.030252443358746814
2024-08-02,0.030066275930750383,0.0009960432094384282,48,MSTR,0.2237173333985279,-0.029070232721311956
2015-08-21,0.019712013867501866,0.00027073790092764326,41,TQQQ,0.13352886256482593,-0.019441275966574224
2008-01-18,0.010251986225679993,0.0003021156476941997,33,NVDA,0.04541053141974298,-0.009949870577985794
2022-06-10,0.010025270784116363,0.001759059247080137,48,MSTR,0.215784843087845,-0.008266211537036227
2025-01-24,0.00804414175701433,0.000652540139890948,48,AVGO,0.07791181862103196,-0.007391601617123381
2025-04-04,0.008482315359647594,0.0016288365626606707,49,MSTR,0.06399466085272525,-0.006853478796986923
2023-08-11,0.0066025030881401514,0.0006465218975813679,48,AMC,0.3169201482307273,-0.005955981190558783
2022-08-19,0.00689576115105679,0.001096548839312105,48,AMC,0.32125413445872414,-0.0057992123117446845
2008-09-12,0.006020752467412715,0.0002975778854419366,34,BAC,0.11330758365843423,-0.005723174581970778
2020-02-21,0.005265286441953588,0.0004512382667368652,43,TQQQ,0.0596725358857028,-0.0048140481752167235
2022-01-21,0.005298846094379292,0.0006577540915234113,48,MSTR,0.098687131808246,-0.004641092002855881
2020-09-04,0.0051765231628203255,0.0005930584919047193,43,TSLA,0.09897689295867744,-0.004583464670915607
2022-05-06,0.005686299124974578,0.0013983770888051352,48,PLTR,0.12932483275489165,-0.004287922036169443
2010-05-07,0.004328128772457972,0.0003908506379798683,38,SOXS,0.0913757902210756,-0.003937278134478104
2025-05-09,0.004350905479461045,0.0006101222281993784,49,SOXS,0.14687502538056013,-0.0037407832512616665
2011-08-05,0.003598582404012958,0.0003458389580407856,39,BAC,0.04424716061694016,-0.003252743445972172
2006-12-01,0.0032617001923940466,0.00014163194965178494,31,PFE,0.10111270596421544,-0.0031200682427422618
2025-01-10,0.003554023296649771,0.0008359744146381271,48,MRNA,0.16183433758436577,-0.002718048882011644
