scenario,ticker,start,end,years,invested,barrier,weekends,avg_notional,premiums_paid,payouts,net_cost,net_cost_pct_pa,avg_premium_bp,weekends_priced_out,breaches,weekend_pnl_unprotected,weekend_pnl_protected,worst_weekend_unprotected,worst_weekend_protected,worst_weekend_date,worst_gap,cvar95_unprot,cvar95_prot,cvar99_unprot,cvar99_prot,ce_unprot_bp,ce_prot_bp,ce_gain_bp_per_weekend,worth_it_to_risk_averse,peace_of_mind_index,why
H1,NVDA,2024-01-05,2026-09-18,2.702258726899384,100000,0.03,142,303945.74722887704,51581.71507918996,71034.10384594124,-19452.388766751275,-0.023683721273822483,13.421073984753034,0,7,7743.077931826992,27195.466698578257,-36305.775492870576,-13873.092508570062,2024-08-02,-0.1417917020566749,-0.066134864699025,-0.03231230678637537,-0.1333695397265368,-0.03419792705900402,-12.833214023435513,1.4802700855698347,14.313484109005348,True,62.75015704335072,AI winner through the yen unwind (Aug 2024) and DeepSeek Monday (Jan 2025)
H1,NVDA,2024-01-05,2026-09-18,2.702258726899384,100000,0.05,142,303945.74722887704,24264.541762861394,46184.283548263105,-21919.74178540171,-0.02668777912391658,6.418530171631087,0,3,7743.077931826992,29662.81971722869,-36305.775492870576,-14689.492890525984,2024-08-02,-0.1417917020566749,-0.066134864699025,-0.04369282420657564,-0.1333695397265368,-0.051498200383647164,-12.833214023435513,0.11186877446389687,12.94508279789941,True,47.66029315607259,AI winner through the yen unwind (Aug 2024) and DeepSeek Monday (Jan 2025)
H1,NVDA,2024-01-05,2026-09-18,2.702258726899384,100000,0.07,142,303945.74722887704,13766.622884381097,32159.407304544424,-18392.784420163327,-0.022393629125961767,3.6771824784052867,0,3,7743.077931826992,26135.86235199029,-36305.775492870576,-20424.300632861978,2024-08-02,-0.1417917020566749,-0.066134864699025,-0.05064665261135154,-0.1333695397265368,-0.07088171323157341,-12.833214023435513,-2.5461197033416205,10.287094320093892,True,35.136140121946056,AI winner through the yen unwind (Aug 2024) and DeepSeek Monday (Jan 2025)
H1,NVDA,2024-01-05,2026-09-18,2.702258726899384,100000,0.1,142,303945.74722887704,7842.513678451252,16380.995700210859,-8538.482021759606,-0.010395794096535108,2.0665573860385065,0,2,7743.077931826992,16281.559953586599,-36305.775492870576,-29094.046907260235,2024-08-02,-0.1417917020566749,-0.066134864699025,-0.05814070695581938,-0.1333695397265368,-0.10036699196661444,-12.833214023435513,-7.188983372637958,5.644230650797555,True,18.4164257756381,AI winner through the yen unwind (Aug 2024) and DeepSeek Monday (Jan 2025)
H2,AAPL,2015-01-02,2017-12-29,2.9897330595482545,100000,0.03,157,117772.48663010214,2982.318662504573,7148.31742249247,-4165.998759987897,-0.011831583629376202,1.705231563135726,0,1,6627.100430203026,10793.099190190927,-10087.223097338308,-4084.742903696695,2015-08-21,-0.10296917506072156,-0.027595978745570696,-0.018706023229456324,-0.06407245831356012,-0.027854938351824288,-0.06747055914080313,4.3887064062198,4.456176965360603,True,44.37027794629652,the backtest-v1 window: one breach (China Black Monday) in three years
H2,AAPL,2015-01-02,2017-12-29,2.9897330595482545,100000,0.05,157,117772.48663010214,2041.3762827202368,5189.046972595243,-3147.670689875006,-0.008939495940968694,1.126358717417177,0,1,6627.100430203026,9774.771120078036,-10087.223097338308,-4912.620576024288,2015-08-21,-0.10296917506072156,-0.027595978745570696,-0.021103998354945426,-0.06407245831356012,-0.037711594404570656,-0.06747055914080313,3.4619723716633466,3.5294429308041497,True,32.33368290521149,the backtest-v1 window: one breach (China Black Monday) in three years
H2,AAPL,2015-01-02,2017-12-29,2.9897330595482545,100000,0.07,157,117772.48663010214,1899.0667438368912,3229.7765226980164,-1330.7097788611252,-0.0037792627751693946,1.033202858799768,0,1,6627.100430203026,7957.810209064155,-10087.223097338308,-6867.242926889779,2015-08-21,-0.10296917506072156,-0.027595978745570696,-0.023580768454960353,-0.06407245831356012,-0.047687870783199346,-0.06747055914080313,1.9199092070532053,1.9873797661940085,True,20.0609748495281,the backtest-v1 window: one breach (China Black Monday) in three years
H2,AAPL,2015-01-02,2017-12-29,2.9897330595482545,100000,0.1,157,117772.48663010214,1849.0280400926035,290.87084785217746,1558.157192240426,0.004425221463042435,0.9999999999999999,0,1,6627.100430203026,5068.943237962601,-10087.223097338308,-9806.148601735618,2015-08-21,-0.10296917506072156,-0.027595978745570696,-0.0273248318629805,-0.06407245831356012,-0.06268787078319935,-0.06747055914080313,-0.7776006673876346,-0.7101301082468314,False,1.571765423054422,the backtest-v1 window: one breach (China Black Monday) in three years
H3,SPY,2019-01-04,2021-12-31,2.9897330595482545,100000,0.03,157,141289.14741796826,4851.224639366599,13577.779796747054,-8726.555157380455,-0.020658634870858606,2.573231414758485,0,3,-1640.489998902056,7086.065158478406,-11360.543940987605,-4052.387188817325,2020-03-13,-0.10448543124354426,-0.037609208088629165,-0.023088604281165492,-0.08949129748218476,-0.031520072916671284,-6.973421985750905,0.3454812365877302,7.318903222338635,True,51.69389430260022,index holder through COVID
H3,SPY,2019-01-04,2021-12-31,2.9897330595482545,100000,0.05,157,141289.14741796826,3367.2109985057414,8865.958992085294,-5498.747993579553,-0.013017350489116241,1.6994840902188137,0,2,-1640.489998902056,3858.2579946775004,-11360.543940987605,-6030.296383852124,2020-03-13,-0.10448543124354426,-0.037609208088629165,-0.027993548269537386,-0.08949129748218476,-0.05072191291943006,-6.973421985750905,-1.8618278364668228,5.111594149284082,True,34.44463126892292,index holder through COVID
H3,SPY,2019-01-04,2021-12-31,2.9897330595482545,100000,0.07,157,141289.14741796826,2849.736945698123,4289.6090210380335,-1439.8720753399107,-0.0034086522033880944,1.3866957354205154,0,2,-1640.489998902056,-200.61792356213482,-11360.543940987605,-8419.490414829817,2020-03-13,-0.10448543124354426,-0.037609208088629165,-0.03291427159041938,-0.08949129748218476,-0.07041155148934564,-6.973421985750905,-4.813192490839002,2.1602294949119027,True,16.90185055138488,index holder through COVID
H3,SPY,2019-01-04,2021-12-31,2.9897330595482545,100000,0.1,157,141289.14741796826,2528.5413887737336,487.69419937395895,2040.8471893997746,0.004831358554740851,1.1910640905656407,0,1,-1640.489998902056,-3681.3371883018262,-11360.543940987605,-10914.91287929375,2020-03-13,-0.10448543124354426,-0.037609208088629165,-0.0371843871788815,-0.08949129748218476,-0.08749201384319409,-6.973421985750905,-7.728397183153213,-0.7549751974023078,False,1.6818099574222978,index holder through COVID
H4,COIN,2021-04-16,2026-09-18,5.423682409308693,50000,0.03,284,26805.740851623872,28854.977356996496,19234.830521700682,9620.146835295815,0.06616977155094378,44.18546683226427,0,31,11426.91060116416,1806.763765868343,-6203.2175342939045,-1413.9242138393524,2022-06-10,-0.21342188681128338,-0.07873906887872119,-0.03885546469899683,-0.1729481331234963,-0.04246878558144481,-21.398298936227135,-24.100593127216463,-2.7022941909893294,False,63.04854229409895,crypto beta: weekends are when crypto crashes and the NYSE is shut
H4,COIN,2021-04-16,2026-09-18,5.423682409308693,50000,0.05,284,26805.740851623872,15825.648296464324,9604.31054321646,6221.337753247864,0.042791914190259295,24.883297089968345,0,9,11426.91060116416,5205.572847916292,-6203.2175342939045,-2185.536123172499,2022-06-10,-0.21342188681128338,-0.07873906887872119,-0.051496389667518044,-0.1729481331234963,-0.05548612097169178,-21.398298936227135,-19.917402453920594,1.4808964823065374,True,51.25808001197245,crypto beta: weekends are when crypto crashes and the NYSE is shut
H4,COIN,2021-04-16,2026-09-18,5.423682409308693,50000,0.07,284,26805.740851623872,9823.392461504864,6672.707987110514,3150.6844743943493,0.02167119436627277,15.719005159393015,0,5,11426.91060116416,8276.226126769809,-6203.2175342939045,-2715.430769587981,2022-06-10,-0.21342188681128338,-0.07873906887872119,-0.058491476700182087,-0.1729481331234963,-0.07271251082000249,-21.398298936227135,-16.17136196084168,5.226936975385454,True,41.835919833623294,crypto beta: weekends are when crypto crashes and the NYSE is shut
H4,COIN,2021-04-16,2026-09-18,5.423682409308693,50000,0.1,284,26805.740851623872,5467.950135059875,4187.8664563273815,1280.0836787324934,0.008804735108309416,8.944628042788482,0,2,11426.91060116416,10146.826922431672,-6203.2175342939045,-3008.9771239320953,2022-06-10,-0.21342188681128338,-0.07873906887872119,-0.06514802424626491,-0.1729481331234963,-0.10061966108262256,-21.398298936227135,-14.982606543131327,6.4156923930958065,True,29.540884462102348,crypto beta: weekends are when crypto crashes and the NYSE is shut
H5,TSLA,2020-01-03,2026-09-18,6.707734428473648,50000,0.03,351,428441.0116554429,319449.43631175417,220177.2311374045,99272.20517434966,0.03454305732142136,24.192239141139172,0,30,259502.1370648327,160229.931890483,-40800.443183757074,-22640.264321980572,2020-09-04,-0.14897689295867744,-0.06939502390241976,-0.03461138695611159,-0.13440042707679314,-0.037330097165163625,3.3789245497617415,9.001456165169675,5.622531615407933,True,61.174413330521475,"high-vol single name, six years"
H5,TSLA,2020-01-03,2026-09-18,6.707734428473648,50000,0.05,351,428441.0116554429,161495.5221694459,86674.40104900952,74821.12112043638,0.02603498402374616,12.507900835735922,0,9,259502.1370648327,184681.01594439638,-40800.443183757074,-35054.28491126968,2020-09-04,-0.14897689295867744,-0.06939502390241976,-0.048669074211899664,-0.13440042707679314,-0.05376726656510511,3.3789245497617415,8.097658963110987,4.718734413349246,True,44.93067138099789,"high-vol single name, six years"
H5,TSLA,2020-01-03,2026-09-18,6.707734428473648,50000,0.07,351,428441.0116554429,94713.82538717,45164.9171981828,49548.9081889872,0.017241188233705837,7.455845325471626,0,5,259502.1370648327,209953.22887584553,-40800.443183757074,-41121.97486849827,2020-09-04,-0.14897689295867744,-0.06939502390241976,-0.056032243268263865,-0.13440042707679314,-0.07162139612683996,3.3789245497617415,7.705920373652919,4.326995823891178,True,32.98327395444442,"high-vol single name, six years"
H5,TSLA,2020-01-03,2026-09-18,6.707734428473648,50000,0.1,351,428441.0116554429,50404.07670213494,20076.865490139004,30327.211211995935,0.010552748309105858,4.043544444449552,0,4,259502.1370648327,229174.92585283678,-40800.443183757074,-40948.58999959754,2020-09-04,-0.14897689295867744,-0.06939502390241976,-0.06245517502591665,-0.13440042707679314,-0.10083770962246087,3.3789245497617415,5.953441362851475,2.5745168130897333,True,17.486339976619497,"high-vol single name, six years"
H6,QQQ,2007-01-05,2009-12-31,2.9869952087611225,100000,0.03,157,96473.12379151418,3519.9767298224074,2714.2538985052774,805.7228313171299,0.0027960491609065573,2.748011310515271,0,2,629.9341399755776,-175.7886913415498,-5763.90302541198,-3129.5257760646764,2008-01-18,-0.05556713284725434,-0.02719874807022396,-0.0243374934433713,-0.04322885548620237,-0.03029625406806529,-2.52315118054236,-3.2576069661272022,-0.7344557855848421,False,20.218198604864163,Nasdaq holder through the GFC (Lehman weekend included)
H6,QQQ,2007-01-05,2009-12-31,2.9869952087611225,100000,0.05,157,96473.12379151418,2206.0303686610723,577.4711095741775,1628.5592590868948,0.005651486556999724,1.6251262405392124,0,1,629.9341399755776,-998.6251191113125,-5763.90302541198,-5196.804779669477,2008-01-18,-0.05556713284725434,-0.02719874807022396,-0.02671336672939089,-0.04322885548620237,-0.040587307556285396,-2.52315118054236,-3.7012312940565284,-1.1780801135141683,False,3.9475925268960266,Nasdaq holder through the GFC (Lehman weekend included)
H6,QQQ,2007-01-05,2009-12-31,2.9869952087611225,100000,0.07,157,96473.12379151418,1823.7533329792213,0.0,1823.7533329792213,0.006328856249538271,1.28189286071927,0,0,629.9341399755776,-1193.8191930036423,-5763.90302541198,-5774.275889243655,2008-01-18,-0.05556713284725434,-0.02719874807022396,-0.027338066381173653,-0.04322885548620237,-0.04332885548620237,-2.52315118054236,-3.800151292445708,-1.277000111903348,False,0.0,Nasdaq holder through the GFC (Lehman weekend included)
H6,QQQ,2007-01-05,2009-12-31,2.9869952087611225,100000,0.1,157,96473.12379151418,1645.3678252333561,0.0,1645.3678252333561,0.00570981626473933,1.1191671326130863,0,0,629.9341399755776,-1015.4336852577769,-5763.90302541198,-5774.275889243655,2008-01-18,-0.05556713284725434,-0.02719874807022396,-0.02731069526152175,-0.04322885548620237,-0.04332885548620237,-2.52315118054236,-3.6399475986537144,-1.1167964181113543,False,0.0,Nasdaq holder through the GFC (Lehman weekend included)
H7,ZM,2020-01-03,2021-12-31,1.9931553730321698,50000,0.03,105,215167.88799188103,62909.44909464085,64650.54083880708,-1741.0917441662314,-0.00405978509227845,27.002925423969682,0,7,-24315.54872448001,-22574.456980313782,-49873.652325491224,-12158.786012749104,2020-11-06,-0.13419045273488428,-0.07869110111918892,-0.03592141333868232,-0.12392049954083595,-0.041238998058624854,-25.45237367972519,-15.49638394726549,9.955989732459702,True,60.536386372937365,stay-at-home winner hit by Pfizer Monday
H7,ZM,2020-01-03,2021-12-31,1.9931553730321698,50000,0.05,105,215167.88799188103,34357.7486801816,41145.19136082186,-6787.442680640263,-0.01582659770910208,14.54520353317937,0,5,-24315.54872448001,-17528.106043839776,-49873.652325491224,-18944.468917714195,2020-11-06,-0.13419045273488428,-0.07869110111918892,-0.051541231777591956,-0.12392049954083595,-0.05702485921049076,-25.45237367972519,-15.44289060781745,10.009483071907743,True,44.242268184688385,stay-at-home winner hit by Pfizer Monday
H7,ZM,2020-01-03,2021-12-31,1.9931553730321698,50000,0.07,105,215167.88799188103,21329.528999309357,28995.15956411755,-7665.630564808194,-0.017874309492418725,8.959968334418587,0,3,-24315.54872448001,-16649.918159671826,-49873.652325491224,-26224.385811618606,2020-11-06,-0.13419045273488428,-0.07869110111918892,-0.060978707218051265,-0.12392049954083595,-0.07192331824118062,-25.45237367972519,-17.5758146927385,7.8765589869866925,True,32.23443814842458,stay-at-home winner hit by Pfizer Monday
H7,ZM,2020-01-03,2021-12-31,1.9931553730321698,50000,0.1,105,215167.88799188103,12255.030367274174,14007.867983349613,-1752.8376160754397,-0.004087173491443856,5.123831566285576,0,2,-24315.54872448001,-22562.71110840456,-49873.652325491224,-37276.50190753802,2020-11-06,-0.13419045273488428,-0.07869110111918892,-0.07200254579336984,-0.12392049954083595,-0.10103859191268835,-25.45237367972519,-23.316645122548607,2.135728557176586,True,13.482375285684517,stay-at-home winner hit by Pfizer Monday
H8,GLD,2012-01-06,2013-12-27,1.9739904175222451,100000,0.03,104,94868.00428542309,1227.6325896775652,2310.1126655814082,-1082.480075903843,-0.005780362925236754,1.2682366102222147,0,1,-2315.4484856185027,-1232.9684097146585,-5057.250065252684,-2756.294524336847,2013-04-12,-0.05522748952263368,-0.018032183722621626,-0.013981665383681991,-0.03406072235645374,-0.021546977595136907,-3.269517968468305,-1.646540579446354,1.6229773890219512,True,29.60111665984357,gold holder through the April 2013 gold crash
H8,GLD,2012-01-06,2013-12-27,1.9739904175222451,100000,0.05,104,94868.00428542309,1020.9974619935346,478.6877324672237,542.3097295263108,0.0028958935358986866,1.0373388011337796,0,1,-2315.4484856185027,-2857.7582151448105,-5057.250065252684,-4587.719457451031,2013-04-12,-0.05522748952263368,-0.018032183722621626,-0.017271947777340032,-0.03406072235645374,-0.03154697759513691,-3.269517968468305,-3.6829331405308086,-0.41341517206250344,False,5.798090592264832,gold holder through the April 2013 gold crash
H8,GLD,2012-01-06,2013-12-27,1.9739904175222451,100000,0.07,104,94868.00428542309,988.5624459176263,0.0,988.5624459176263,0.005278849781038565,1.0020683965150998,0,0,-2315.4484856185027,-3304.010931536127,-5057.250065252684,-5066.407189918255,2013-04-12,-0.05522748952263368,-0.018032183722621626,-0.01813218372262163,-0.03406072235645374,-0.034160722356453746,-3.269517968468305,-4.271683325737241,-1.002165357268936,False,0.0,gold holder through the April 2013 gold crash
H8,GLD,2012-01-06,2013-12-27,1.9739904175222451,100000,0.1,104,94868.00428542309,986.6272445683999,0.0,986.6272445683999,0.005268515950069347,1.0000000000000002,0,0,-2315.4484856185027,-3302.0757301869007,-5057.250065252684,-5066.407189918255,2013-04-12,-0.05522748952263368,-0.018032183722621626,-0.01813218372262163,-0.03406072235645374,-0.034160722356453746,-3.269517968468305,-4.269663345846109,-1.0001453773778035,False,0.0,gold holder through the April 2013 gold crash
H9,MSTR,2024-01-05,2026-09-18,2.702258726899384,50000,0.03,142,171371.80903628736,125334.5102511101,108517.66609540101,16816.844155709085,0.03631434290835541,52.75869627848504,0,23,83395.94245046852,66579.09829475946,-31401.719261307117,-11541.647425632205,2024-08-02,-0.2737173333985279,-0.09694044794839035,-0.04095410332586592,-0.19385599712562657,-0.046408089943767716,-9.841796602901853,12.921169978630243,22.762966581532098,True,66.90693617988099,levered bitcoin proxy
H9,MSTR,2024-01-05,2026-09-18,2.702258726899384,50000,0.05,142,171371.80903628736,72769.81705753156,58124.71831639762,14645.098741133937,0.03162466944975012,30.442390012445486,0,11,83395.94245046852,68750.84370933459,-31401.719261307117,-14447.265764861737,2024-08-02,-0.2737173333985279,-0.09694044794839035,-0.05414162182784665,-0.19385599712562657,-0.05635688080045432,-9.841796602901853,8.959873005596197,18.801669608498052,True,57.539044229890756,levered bitcoin proxy
H9,MSTR,2024-01-05,2026-09-18,2.702258726899384,50000,0.07,142,171371.80903628736,46768.73735034233,34678.680855138206,12090.056495204124,0.026107303682134875,19.49143365727915,0,3,83395.94245046852,71305.88595526443,-31401.719261307117,-19026.8696662076,2024-08-02,-0.2737173333985279,-0.09694044794839035,-0.06753347575639751,-0.19385599712562657,-0.07269883352077532,-9.841796602901853,7.755525547277209,17.59732215017906,True,46.416813921820335,levered bitcoin proxy
H9,MSTR,2024-01-05,2026-09-18,2.702258726899384,50000,0.1,142,171371.80903628736,27206.52110943872,23184.91065673141,4021.610452707311,0.008684277482220733,11.286865830968885,0,2,83395.94245046852,79374.33199776121,-31401.719261307117,-23713.10757161336,2024-08-02,-0.2737173333985279,-0.09694044794839035,-0.0746627977150334,-0.19385599712562657,-0.10157181046683886,-9.841796602901853,9.515306814722457,19.35710341762431,True,35.292631444968656,levered bitcoin proxy
H10,GME,2020-06-05,2021-12-31,1.571526351813826,25000,0.03,83,662892.1692083341,246569.87167805806,11868.899176465306,234700.97250159274,0.2252943666806963,60.47797592433245,15,4,705555.6440187054,470854.6715171127,-123490.32371830719,-123490.32371830719,2021-04-01,-0.10681638691156925,-0.05088003245915296,-0.048617037587009325,-0.10681638691156925,-0.10681638691156925,163.53625827212116,116.92456722825817,-46.611691043862976,False,2.223853605007414,meme stock: huge up-gaps AND down-gaps
H10,GME,2020-06-05,2021-12-31,1.571526351813826,25000,0.05,83,662892.1692083341,148474.14373175328,0.0,148474.14373175328,0.14252343236573947,37.59356963486651,14,1,705555.6440187054,557081.5002869521,-123490.32371830719,-123490.32371830719,2021-04-01,-0.10681638691156925,-0.05088003245915296,-0.05534503627598865,-0.10681638691156925,-0.10681638691156925,163.53625827212116,131.27733984950484,-32.258918422616304,False,0.0,meme stock: huge up-gaps AND down-gaps
H10,GME,2020-06-05,2021-12-31,1.571526351813826,25000,0.07,83,662892.1692083341,131787.96267807094,0.0,131787.96267807094,0.12650601857857124,30.4831836011017,11,1,705555.6440187054,573767.6813406344,-123490.32371830719,-123490.32371830719,2021-04-01,-0.10681638691156925,-0.05088003245915296,-0.053933282870642175,-0.10681638691156925,-0.10681638691156925,163.53625827212116,137.67494066980524,-25.861317602315914,False,0.0,meme stock: huge up-gaps AND down-gaps
H10,GME,2020-06-05,2021-12-31,1.571526351813826,25000,0.1,83,662892.1692083341,126629.97212796168,7880.418451110778,118749.5536768509,0.1139901773907644,24.793428569725958,8,1,705555.6440187054,586806.0903418545,-123490.32371830719,-135010.15330379343,2021-04-01,-0.10681638691156925,-0.05088003245915296,-0.05476057007542949,-0.10681638691156925,-0.11678078361171507,163.53625827212116,142.89215677461885,-20.644101497502287,False,0.0,meme stock: huge up-gaps AND down-gaps
H11,SPY,2005-01-07,2026-09-18,21.694729637234772,100000,0.03,1133,301581.24980908784,53216.08575732663,52057.51318707711,1158.5725702495256,0.00017707802242938517,1.69326230441797,0,9,49071.64326492708,47913.07069467757,-32094.999528377524,-19606.40063330764,2020-03-13,-0.10448543124354426,-0.021499806912717297,-0.01893334504268771,-0.04370139436882977,-0.030389092095898407,0.07957235562683351,0.24840372826462342,0.1688313726377899,True,21.19955072447347,"twenty-one years of buy-and-hold, every weekend insured"
H11,SPY,2005-01-07,2026-09-18,21.694729637234772,100000,0.05,1133,301581.24980908784,40796.08096266837,25515.39817037582,15280.682792292548,0.002335523177151628,1.2526837083222664,0,3,49071.64326492708,33790.960472634535,-32094.999528377524,-26051.73460882346,2020-03-13,-0.10448543124354426,-0.021499806912717297,-0.02027285299661065,-0.04370139436882977,-0.037247954515056754,0.07957235562683351,-0.20172813189112127,-0.2813004875179548,False,10.23696969292533,"twenty-one years of buy-and-hold, every weekend insured"
H11,SPY,2005-01-07,2026-09-18,21.694729637234772,100000,0.07,1133,301581.24980908784,37387.20049584874,12118.6978565721,25268.502639276638,0.003862077000624242,1.1242896682667223,0,2,49071.64326492708,23803.140625650434,-32094.999528377524,-26051.73460882346,2020-03-13,-0.10448543124354426,-0.021499806912717297,-0.02095944625965822,-0.04370139436882977,-0.04065148171677913,0.07957235562683351,-0.551189960859011,-0.6307623164858445,False,4.746155202275992,"twenty-one years of buy-and-hold, every weekend insured"
H11,SPY,2005-01-07,2026-09-18,21.694729637234772,100000,0.1,1133,301581.24980908784,35540.830809841325,1377.798913520944,34163.03189632038,0.005221530600443541,1.0555606442967118,0,1,49071.64326492708,14908.61136860671,-32094.999528377524,-30836.034395265127,2020-03-13,-0.10448543124354426,-0.021499806912717297,-0.021538996018339567,-0.04370139436882977,-0.04346703074240243,0.07957235562683351,-0.9149481262660242,-0.9945204818928577,False,0.17700377307880988,"twenty-one years of buy-and-hold, every weekend insured"
H12,SMCI,2023-01-06,2026-09-18,3.698836413415469,50000,0.03,194,235090.97072383825,264683.15431230364,137939.4925919316,126743.66172037204,0.14575557545113202,54.71007927705237,3,22,232426.77959026297,105683.1178698909,-52766.92681479221,-32054.111092216473,2024-08-02,-0.14257587485667778,-0.08238884175496547,-0.04117108403126382,-0.13905200369250698,-0.048695817338442304,0.05641268812972555,-12.033835758973321,-12.090248447103047,False,57.50423251110446,AI-server high flyer with accounting scares
H12,SMCI,2023-01-06,2026-09-18,3.698836413415469,50000,0.05,194,235090.97072383825,166267.369182573,75833.33210908016,90434.03707349283,0.10399940269279181,33.825362617318056,0,8,232426.77959026297,141992.74251677014,-52766.92681479221,-31573.51948157753,2024-08-02,-0.14257587485667778,-0.08238884175496547,-0.05355279404023229,-0.13905200369250698,-0.06142517678834236,0.05641268812972555,-8.842822700613207,-8.899235388742932,False,45.412847599467625,AI-server high flyer with accounting scares
H12,SMCI,2023-01-06,2026-09-18,3.698836413415469,50000,0.07,194,235090.97072383825,108818.67064510402,48799.69969260694,60018.97095249708,0.06902198919001146,22.003344646513003,0,5,232426.77959026297,172407.80863776588,-52766.92681479221,-29224.650679322167,2024-08-02,-0.14257587485667778,-0.08238884175496547,-0.06553221626488116,-0.13905200369250698,-0.07807095650198131,0.05641268812972555,-6.093097505996958,-6.149510194126684,False,32.15734501338407,AI-server high flyer with accounting scares
H12,SMCI,2023-01-06,2026-09-18,3.698836413415469,50000,0.1,194,235090.97072383825,64543.6114835114,23429.923133105363,41113.68835040604,0.047280859832288774,12.957029663511323,0,2,232426.77959026297,191313.0912398569,-52766.92681479221,-37121.20139721631,2024-08-02,-0.14257587485667778,-0.08238884175496547,-0.07623996280390555,-0.13905200369250698,-0.10341265413484456,0.05641268812972555,-5.90332621896672,-5.959738907096446,False,16.546736616561336,AI-server high flyer with accounting scares
