capital_ratio,ruin_1y,median_roc,p05_roc,p95_roc,p01_roc,book
0.02,0.0832,0.8425054181483285,-1.1843236501072942,1.7835299052303215,-3.977859278590991,diversified (all 50)
0.05,0.04325,0.3610021672593313,-0.44972946004291736,0.7374119620921287,-1.5671437114363962,diversified (all 50)
0.1,0.00365,0.20050108362966568,-0.20486473002145889,0.3887059810460643,-0.7635718557181983,diversified (all 50)
0.15,0.0007,0.14700072241977713,-0.12324315334763927,0.2724706540307096,-0.4957145704787987,diversified (all 50)
0.2,0.0,0.12025054181483286,-0.08243236501072947,0.21435299052303217,-0.36178592785909885,diversified (all 50)
0.3,0.0,0.09350036120988847,-0.041621576673819674,0.15623532701535503,-0.22785728523939938,diversified (all 50)
0.02,0.0666,0.6643806593670085,-0.8787913073023259,1.3836516270411703,-2.6896770323938752,ETFs only
0.05,0.0309,0.2897522637468034,-0.3275165229209304,0.5774606508164684,-1.0518708129575494,ETFs only
0.1,0.00055,0.16487613187340167,-0.14375826146046525,0.3087303254082344,-0.5059354064787749,ETFs only
0.15,0.0,0.12325075458226786,-0.08250550764031021,0.21915355027215602,-0.3239569376525165,ETFs only
0.2,0.0,0.1024380659367008,-0.05187913073023271,0.174365162704117,-0.23296770323938745,ETFs only
0.3,0.0,0.08162537729113395,-0.021252753820154995,0.12957677513607802,-0.14197846882625817,ETFs only
0.02,0.09255,0.899083316938445,-1.2597407200035518,1.9752504890885278,-4.320305125461708,single names only
0.05,0.0431,0.3836333267753782,-0.47989628800142053,0.8141001956354109,-1.7041220501846837,single names only
0.1,0.0087,0.211816663387689,-0.21994814400071033,0.4270500978177055,-0.8320610250923411,single names only
0.15,0.00075,0.15454444225845942,-0.13329876266714033,0.29803339854513705,-0.5413740167282282,single names only
0.2,0.0,0.12590833169384452,-0.08997407200035505,0.23352504890885284,-0.39603051254617094,single names only
0.3,0.0,0.09727222112922973,-0.0466493813335701,0.16901669927256865,-0.250687008364114,single names only
0.02,0.16105,1.5862166671020361,-2.3213603658213318,4.8609132605092595,-4.797449839619635,crypto/meme beta
0.05,0.0773,0.6584866668408145,-0.9045441463285324,1.9683653042037037,-1.8949799358478532,crypto/meme beta
0.1,0.02365,0.34924333342040714,-0.43227207316426614,1.004182652101852,-0.9274899679239268,crypto/meme beta
0.15,0.00255,0.2461622222802714,-0.27484804877617747,0.6827884347345682,-0.6049933119492842,crypto/meme beta
0.2,0.00035,0.19462166671020364,-0.19613603658213316,0.5220913260509258,-0.44374498396196327,crypto/meme beta
0.3,0.0,0.14308111114013577,-0.11742402438808876,0.3613942173672839,-0.28249665597464213,crypto/meme beta
0.02,0.24255,0.9710598629330195,-4.15175458357147,1.989269111085522,-7.519284676480709,NVDA only
0.05,0.1752,0.4124239451732078,-1.636701833428588,0.819707644434209,-2.9837138705922848,NVDA only
0.1,0.0464,0.22621197258660375,-0.7983509167142944,0.4298538222171045,-1.4718569352961426,NVDA only
0.15,0.0122,0.16414131505773588,-0.5189006111428626,0.29990254814473627,-0.9679046235307617,NVDA only
0.2,0.00265,0.13310598629330195,-0.37917545835714683,0.23492691110855227,-0.7159284676480712,NVDA only
0.3,0.0001,0.10207065752886801,-0.2394503055714312,0.16995127407236826,-0.46395231176538093,NVDA only
0.02,0.1511,0.7836818534425185,-2.5400587213042285,1.5738083637716838,-4.830474351520715,bStocks on Binance spot (15)
0.05,0.077,0.33747274137700745,-0.9920234885216912,0.6535233455086734,-1.9081897406082864,bStocks on Binance spot (15)
0.1,0.0136,0.18873637068850369,-0.47601174426084586,0.3467616727543368,-0.9340948703041432,bStocks on Binance spot (15)
0.15,0.00155,0.1391575804590025,-0.30400782950723054,0.24450778183622462,-0.6093965802027619,bStocks on Binance spot (15)
0.2,0.0002,0.11436818534425186,-0.21800587213042275,0.1933808363771683,-0.4470474351520716,bStocks on Binance spot (15)
0.3,0.0,0.08957879022950133,-0.13200391475361528,0.14225389091811222,-0.2846982901013809,bStocks on Binance spot (15)
