weekends,years,capital,total_pnl,return_on_capital_total,roc_annualised,sharpe_weekly_ann,max_drawdown_pct_of_peak,worst_weekend_pct_capital,worst_weekend_date,weekends_losing,share_weekends_losing,weekends_loss_gt_10pct_capital,min_equity,ruined_in_sample,premium_income_pa,payouts_pa,loss_ratio,book,version
1133,21.694729637234772,1000000.0,1663854.7828109544,1.6638547828109544,0.0461971787440385,0.4206607826280826,-0.3707317091136304,-0.6445181209845395,2020-03-13,93,0.0820829655781112,5,1003658.5054490267,False,198046.77629369948,161682.7438963742,0.8163866482562778,diversified (all 50),v2
1133,21.694729637234772,1000000.0,2226205.444829063,2.226205444829063,0.055474446721724524,0.562559990165684,-0.3416850776115906,-0.6442911524037505,2020-03-13,87,0.07678729037952339,4,1003817.349491809,False,223856.33889294192,161682.7438963742,0.7222611818631505,diversified (all 50),v3
1133,21.694729637234772,1000000.0,3576237.5447972026,3.576237544797203,0.0726192254442608,0.9019524909555053,-0.3162062668322575,-0.6172032467518429,2020-03-13,70,0.0617828773168579,4,1002434.9189555163,False,285817.2119717974,161682.7438963742,0.5656858199020148,diversified (all 50),v4
1133,21.694729637234772,1000000.0,13782310.015260495,13.782310015260496,0.13218727845905498,2.8719791497429115,-0.12956563113574449,-0.6141440057020718,2020-03-13,43,0.03795233892321271,4,1009306.0799121236,False,754233.6007309248,161682.7438963742,0.2143669331884553,diversified (all 50),v1b
1133,21.694729637234772,1000000.0,1274672.9655128713,1.2746729655128712,0.03860850430219687,0.3939072077593557,-0.33754050787982837,-0.44351630701316674,2020-03-13,71,0.06266548984995587,9,1001769.2307692308,False,170598.3980613044,152096.19664323796,0.891545280446199,ETFs only,v2
1133,21.694729637234772,1000000.0,1752128.8836961596,1.7521288836961595,0.047770473382237055,0.5410230661549366,-0.3333762812663841,-0.44345983311338866,2020-03-13,70,0.0617828773168579,9,1001769.2307692308,False,192511.64408560365,152096.19664323796,0.7900623225450495,ETFs only,v3
1133,21.694729637234772,1000000.0,2945818.299143457,2.9458182991434567,0.06531594849259625,0.9550502100345427,-0.2626674904300149,-0.393430588152423,2020-03-13,59,0.05207413945278023,6,1001769.2307692308,False,247297.03649801272,152096.19664323796,0.6150344492480815,ETFs only,v4
1133,21.694729637234772,1000000.0,11777799.456747213,11.777799456747214,0.12460794083027915,3.0062657277766434,-0.11338488155891113,-0.38291769976685647,2020-03-13,43,0.03795233892321271,5,1001769.2307692308,False,652648.3341108947,152096.19664323796,0.2330446408791331,ETFs only,v1b
1133,21.694729637234772,1000000.0,1752528.445342938,1.752528445342938,0.04777748465508802,0.40348532567706125,-0.3825465626556216,-0.7054277615819252,2020-03-13,70,0.0617828773168579,6,1004151.3597133213,False,203958.03870613273,163524.2530416731,0.8017543906532778,single names only,v2
1133,21.694729637234772,1000000.0,2346225.3852400584,2.3462253852400585,0.05725299145074825,0.539883123890755,-0.34591274034038777,-0.7051491279462844,2020-03-13,67,0.05913503971756399,6,1004351.6413324816,False,231206.26542691852,163524.2530416731,0.7072656648803538,single names only,v3
1133,21.694729637234772,1000000.0,3742033.3085594084,3.7420333085594084,0.0743802342616573,0.8494175904149615,-0.33131706458490195,-0.6850131432971216,2020-03-13,56,0.04942630185348632,5,1002608.576743243,False,295268.0589067121,163524.2530416731,0.55381626325297,single names only,v4
1133,21.694729637234772,1000000.0,14236205.354818076,14.236205354818075,0.13376669392460916,2.671080182482954,-0.13560752575975754,-0.6842125832581977,2020-03-13,33,0.02912621359223301,5,1011272.2144711392,False,776907.0230774542,163524.2530416731,0.21048111058891855,single names only,v1b
1133,21.694729637234772,1000000.0,4087518.297105737,4.087518297105737,0.07786852157998259,0.5663316569806641,-0.2963136465914771,-0.8152545418131938,2020-03-13,87,0.07678729037952339,20,1016405.937757191,False,517919.3656095804,370319.231938355,0.7150132945936419,crypto/meme beta,v2
1133,21.694729637234772,1000000.0,4918332.892149007,4.918332892149007,0.08541012916414936,0.6822799146195829,-0.3000175343320953,-0.8149469500090678,2020-03-13,82,0.07237422771403354,20,1015181.027139647,False,556050.3090714073,370319.231938355,0.6659815234286635,crypto/meme beta,v3
1133,21.694729637234772,1000000.0,7125532.264179418,7.125532264179418,0.10138419778040864,0.9352145761545548,-0.35085090712115363,-0.7980796330144294,2024-08-02,68,0.06001765225066196,19,1005352.4771715584,False,657351.6041690081,370319.231938355,0.5633503129675855,crypto/meme beta,v4
1133,21.694729637234772,1000000.0,34016353.93466379,34.01635393466379,0.17809916151036864,3.207496915767653,-0.11774173340473082,-0.710990870264496,2020-03-13,41,0.03618711385701677,15,1032677.4606429191,False,1891528.7682159517,370319.231938355,0.19577774240654663,crypto/meme beta,v1b
1133,21.694729637234772,1000000.0,-376330.9737370347,-0.3763309737370347,-0.02152758138924893,-0.043034854839316905,-0.974679122983542,-0.9715703711997008,2019-01-25,12,0.01059135039717564,10,83417.43990991404,False,191292.31723863934,248564.3478073294,1.299395351551116,NVDA only,v2
1133,21.694729637234772,1000000.0,-141434.03917002492,-0.14143403917002492,-0.007004332128124902,-0.016173605479704513,-0.9118203579154672,-0.9714623388365511,2019-01-25,12,0.01059135039717564,10,302169.9962185791,False,202073.1121172665,248564.3478073294,1.2300713598308086,NVDA only,v3
1133,21.694729637234772,1000000.0,1320763.5745889195,1.3207635745889195,0.039569294724126625,0.15155487205002416,-0.5336799051489152,-0.9686705287385913,2019-01-25,12,0.01059135039717564,10,1001769.2307692308,False,269181.9169852851,248564.3478073294,0.9234065593674974,NVDA only,v4
1133,21.694729637234772,1000000.0,9910340.635986565,9.910340635986564,0.11644740576347745,1.0792911497735902,-0.1993043589744301,-0.9264702331713374,2019-01-25,12,0.01059135039717564,10,1007384.177740757,False,663407.8721421055,248564.3478073294,0.3746780197297472,NVDA only,v1b
1133,21.694729637234772,1000000.0,2926286.883428448,2.926286883428448,0.06507230868820768,0.5395714846982044,-0.29275166230518446,-0.6705715458293336,2020-03-13,53,0.04677846425419241,9,1007204.7542918755,False,287566.74300992134,193262.3141147058,0.6720607261182425,bStocks on Binance spot (15),v2
1133,21.694729637234772,1000000.0,3587814.0641121403,3.5878140641121403,0.07274414698278564,0.6611139973362261,-0.28045999505893515,-0.6705026665812565,2020-03-13,51,0.04501323918799647,9,1007378.5378403073,False,317928.0964040538,193262.3141147058,0.6078805752011591,bStocks on Binance spot (15),v3
1133,21.694729637234772,1000000.0,2374135.940593861,2.374135940593861,0.057657861983838155,0.4454048095755749,-0.3936254237264952,-0.6356411239011907,2020-03-13,50,0.0441306266548985,9,1002992.9523602527,False,262225.3052099227,193262.3141147058,0.7370086344641337,bStocks on Binance spot (15),v4
1133,21.694729637234772,1000000.0,10743769.367382657,10.743769367382656,0.12024202791453709,1.8715538436693486,-0.1849935011501408,-0.630080239818788,2020-03-13,35,0.03089143865842895,8,1013744.9592910893,False,646356.7599257368,193262.3141147058,0.29900254178034846,bStocks on Binance spot (15),v1b
