symbol,token_price,shares_mult,reference_price,stock_price,token_premium_vs_stock,holders,market_status,reason
AAPLon,341.3535571667919,1.003376073740221,340.205,340.205,0.0,33664,offhours,TRADING
AMZNon,249.625,1.0,249.625,249.62,2.003044627829631e-05,3040,offhours,TRADING
COINon,194.99,1.0,194.99,194.98,5.12873115192658e-05,1493,offhours,TRADING
CRCLon,87.785,1.0,87.785,87.745,0.00045586643113559866,4682,offhours,TRADING
GOOGLon,344.2498884689284,1.0024603266374352,343.405,343.555,-0.0004366113140545913,26210,offhours,TRADING
HOODon,118.96,1.0,118.96,118.96,0.0,740,closed,MARKET_CLOSED
METAon,747.8581743262145,1.0028269183053495,745.75,745.71,5.3640155019962776e-05,2256,offhours,TRADING
MSFTon,520.0181682106984,1.0057308568927839,517.0550000000001,517.085,-5.801754063639031e-05,19474,offhours,TRADING
MSTRon,158.725,1.0,158.725,158.705,0.0001260199741657253,1800,offhours,TRADING
NVDAon,224.95018484587146,1.0017152487959897,224.56500000000003,224.505,0.00026725462684584755,57517,offhours,TRADING
QQQon,747.695002045843,1.0040824301802083,744.655,744.655,0.0,22977,offhours,TRADING
SPYon,777.9958498292978,1.0094730727840426,770.695,770.695,0.0,24344,offhours,TRADING
TSLAon,372.015,1.0,372.015,372.005,2.6881359121544435e-05,29719,offhours,TRADING
