symbol,ticker,friday,monday,nights,under_close,under_open,under_gap,tok_fri,tok_sat,tok_sun,tok_preopen,tok_postopen,tok_vs_ref_fri,tok_move_sun,tok_move_preopen,tok_move_postopen,tok_preopen_vs_monopen,tok_postopen_vs_monopen,wk_range,wk_low_vs_fri,wk_quote_vol,weekday_quote_vol,wk_vol_share,hours_with_trades,hours
AAPLBUSDT,AAPL,2026-07-31,2026-08-03,3,308.6438293457031,309.313234694189,0.002168860300576725,309.15,308.66,310.82,311.22,306.05,0.0016399830684121763,0.005401908458677163,0.006695778748180725,-0.010027494743651832,0.006164512513330278,-0.010549935561002699,0.02211262085184207,-0.00967168041403832,823582.5005900001,5731340.02977,0.12564336142425292,66,66
AAPLBUSDT,AAPL,2026-08-07,2026-08-10,3,313.0599975585937,306.8299865722656,-0.019900373841796992,313.29,312.37,312.74,309.22,307.22,0.000734691251517372,-0.0017555619394171718,-0.01299115835168696,-0.019375019949567474,0.007789373699859992,0.0012711059700891703,0.0300653165720286,-0.02751444348686527,579839.22722,3474403.37283,0.1430203577883694,66,66
AAPLBUSDT,AAPL,2026-08-14,2026-08-17,3,305.92999267578125,306.2099914550781,0.0009152380806076721,306.41,305.79,305.93,306.8,304.39,0.0015690103478265272,-0.0015665285075553426,0.0012728044123886395,-0.006592474135961757,0.0019268102328020564,-0.005943605714593847,0.01112825394741157,-0.005809209882184141,2269068.22283,3163880.57303,0.41764947693949717,66,66
AAPLBUSDT,AAPL,2026-08-21,2026-08-24,3,309.3500061035156,311.4700012207031,0.006853063117374214,309.43,308.98,310.11,311.27,313.01,0.0002585870208697827,0.002197589115470411,0.0059464176065668894,0.011569660343211607,-0.0006421203323572211,0.004944292462392363,0.017589576547231145,-0.007853149339107413,1537251.1265899998,5727686.97361,0.2115986544396958,66,66
AAPLBUSDT,AAPL,2026-08-28,2026-08-31,3,319.70001220703125,319.6000061035156,-0.00031281232310642615,319.71,321.07,321.26,318.97,315.58,3.124114040464754e-05,0.004848143630164836,-0.0023145976040785943,-0.01291795689843922,-0.0019712330772344577,-0.012578241635619936,0.015681696273625034,-0.00869538018829552,1663474.2436999998,4527562.17101,0.2686907542245365,66,66
AAPLBUSDT,AAPL,2026-09-04,2026-09-08,4,319.9700012207031,317.1000061035156,-0.00896957560470768,319.75,320.96,321.49,318.07,316.35,-0.000687568271599881,0.005441751368256531,-0.0052541047693510645,-0.010633307271305625,0.003058952626344924,-0.0023652036867850557,0.018092677526490686,-0.011258795934323773,1351133.6986999998,5499240.06895,0.19723503337592369,90,90
AAPLBUSDT,AAPL,2026-09-11,2026-09-14,3,332.2699890136719,334.7900085449219,0.007584252609543762,332.24,333.06,330.82,333.54,332.76,-9.025495730408117e-05,-0.004274018781603717,0.003912834095834317,0.001565133638333771,-0.00373370922971894,-0.00606352786256914,0.01981252662973998,-0.011016132915964483,3725337.72113,7333378.29995,0.33686891986635725,66,66
AAPLBUSDT,AAPL,2026-09-18,2026-09-21,3,336.1300048828125,335.2799987792969,-0.0025288016278463,335.71,334.93,334.3,335.97,337.06,-0.0012495310645026514,-0.004200053617705701,0.0007744779720593176,0.004021327931845953,0.002057985037029697,0.005308999126651948,0.010309588217613408,-0.008966071907300921,2015175.62086,8735286.70923,0.18745013553692713,66,66
AMZNBUSDT,AMZN,2026-07-31,2026-08-03,3,271.5799865722656,278.2900085449219,0.024707350704838316,271.84,270.34,274.37,277.84,285.0,0.0009574101207385777,0.009306945261918775,0.022071806945261896,0.04841082989994128,-0.0016170488738522781,0.02411150687788699,0.0690656048822238,-0.011440553266627296,265025.76043,612143.9057700001,0.3021373978629723,66,66
AMZNBUSDT,AMZN,2026-08-07,2026-08-10,3,274.4800109863281,274.010009765625,-0.0017123331459154567,275.0,274.55,275.75,274.02,277.5,0.001894451300126887,0.0027272727272726893,-0.0035636363636364354,0.009090909090909038,3.645937746399319e-05,0.012736725338465371,0.011735887686458168,-0.005381818181818265,50311.51643,790034.1675999999,0.05987002418900257,66,66
AMZNBUSDT,AMZN,2026-08-14,2026-08-17,3,262.6499938964844,265.44000244140625,0.010622534208097001,263.18,264.06,264.39,266.75,261.55,0.002017917821557358,0.004597613800440659,0.013564860551713576,-0.006193479747701125,0.004935192685898704,-0.014654921660743003,0.020540871361358626,-0.00664944144691848,144650.18173,325323.24061000004,0.3077837487272919,66,66
AMZNBUSDT,AMZN,2026-08-21,2026-08-24,3,258.6300048828125,259.6000061035156,0.00375053629660127,258.78,258.14,259.25,259.0,262.19,0.0005799602302734019,0.0018162145451736667,0.0008501429785918724,0.0131772161681738,-0.002311271530850312,0.009976863773460742,0.022012211721697206,-0.006376072339438821,164333.05666,654928.1453999999,0.20058689005019525,66,66
AMZNBUSDT,AMZN,2026-08-28,2026-08-31,3,266.42999267578125,263.8299865722656,-0.009758683988253414,266.64,266.47,267.42,264.08,261.09,0.000788227038966749,0.0029252925292531096,-0.009600960096009636,-0.020814581458145853,0.0009476308246176846,-0.010385425128751069,0.02745233172524708,-0.020477047704770435,215060.69215,1239430.4250300003,0.1478597494407284,66,66
AMZNBUSDT,AMZN,2026-09-04,2026-09-08,4,258.510009765625,256.67999267578125,-0.007079095666364776,258.48,259.26,259.54,256.09,256.9,-0.00011608744145807925,0.004100897554936589,-0.009246363354998621,-0.006112658619622513,-0.0022985534230028914,0.0008571268914465691,0.018604833339861404,-0.012264004952027285,320031.53269,1575755.4570499999,0.16881196802278464,90,90
AMZNBUSDT,AMZN,2026-09-11,2026-09-14,3,256.7799987792969,253.1499938964844,-0.014136634083920518,257.24,256.69,254.0,254.0,252.34,0.001791421539410809,-0.012595241797543233,-0.012595241797543233,-0.01904835950863004,0.0033577172585796955,-0.0031996599487006394,0.02418037684738894,-0.024140880111957697,211083.76338999998,849265.2146899999,0.19907008706908416,66,66
AMZNBUSDT,AMZN,2026-09-18,2026-09-21,3,253.7100067138672,256.3999938964844,0.010602605776014684,253.72,254.34,253.06,255.1,255.7,3.938861640606639e-05,-0.002601292763676488,0.005439066687687122,0.007803878291029465,-0.005070179124143093,-0.0027300854646938877,0.02369271269594342,-0.011863471543433701,458377.13050999993,666063.02829,0.407649199401753,66,66
COINBUSDT,COIN,2026-07-10,2026-07-13,3,159.07000732421875,156.1999969482422,-0.018042435681334124,159.26,161.01,159.72,156.69,158.33,0.001194396599190517,0.0028883586587968857,-0.01613713424588714,-0.005839507723219728,0.0031370234400207586,0.013636383440286615,0.04105100860850586,-0.022604546025367322,128372.67742,851703.2823600001,0.13098237553833697,66,66
COINBUSDT,COIN,2026-07-17,2026-07-20,3,157.1199951171875,158.19000244140625,0.00681012829347849,157.63,157.8,158.22,159.79,157.91,0.003245957858082349,0.0037429423333121825,0.013702975321956412,0.0017763116158091563,0.010114403779634351,-0.0017700387956562924,0.029027297193387147,-0.00996003298864423,181815.35774,1590562.87609,0.1025827073869601,66,66
COINBUSDT,COIN,2026-07-24,2026-07-27,3,158.2899932861328,163.32000732421875,0.031777207981766864,158.48,157.69,160.65,162.32,162.55,0.0012003709768546589,0.01369257950530045,0.0242301867743564,0.025681474003028892,-0.006122993383373854,-0.0047147152197350994,0.07073341390496801,-0.008013629480060458,489015.90715,2681125.40111,0.15425681684152018,66,66
COINBUSDT,COIN,2026-07-31,2026-08-03,3,146.25999450683594,144.14999389648438,-0.014426368724175909,146.35,146.33,146.96,144.57,149.57,0.0006153801213211185,0.004168090194738738,-0.012162623846942222,0.022002049880423646,0.002913674098503405,0.03759976644471985,0.05222929936305731,-0.03450632046463942,1033112.5902099999,4008206.375660001,0.204929026947953,66,66
COINBUSDT,COIN,2026-08-07,2026-08-10,3,153.60000610351562,153.35000610351562,-0.0016276041019914755,153.53,153.92,155.35,153.6,149.66,-0.0004557688849858854,0.011854360711261558,0.0004559369504331112,-0.02520679997394648,0.0016302177146025887,-0.024062640734587082,0.04464047046244324,-0.02533706767407029,666804.77986,2437011.43248,0.21483384783188847,66,66
COINBUSDT,COIN,2026-08-14,2026-08-17,3,148.47000122070312,148.36000061035156,-0.0007408945204226969,148.85,148.9,149.97,149.01,150.39,0.002559431374503651,0.007524353375881754,0.0010749076251259648,0.010345985891837328,0.004381230702172667,0.01368292923494896,0.023648190811762948,-0.008532079274437221,253998.0329,1971156.72197,0.11414847994014657,66,66
COINBUSDT,COIN,2026-08-21,2026-08-24,3,186.4900054931641,188.75,0.012118582445528103,186.63,184.98,185.79,189.87,188.3,0.0007506810162061228,-0.00450088410223437,0.017360552965761222,0.008948186250870682,0.005933774834437022,-0.0023841059602648373,0.08508119079837595,-0.04967047098537203,1695647.7707,8492169.41737,0.16643877087680906,66,66
COINBUSDT,COIN,2026-08-28,2026-08-31,3,178.63999938964844,178.50999450683594,-0.0007277478910472368,178.68,178.29,181.58,178.8,181.74,0.00022391743443939127,0.01623013207969559,0.000671591672263272,0.017125587642713214,0.0016245896705406881,0.0180942557423045,0.034174493606427436,-0.010857398701589416,860323.4030099999,4940550.10981,0.14830928499107504,66,66
COINBUSDT,COIN,2026-09-04,2026-09-08,4,184.63999938964844,180.67999267578125,-0.021447176814111235,184.6,184.6,185.85,182.21,180.64,-0.00021663447671504965,0.006771397616468056,-0.012946912242686848,-0.02145178764897082,0.008468050621212253,-0.0002213453475893301,0.0519800593737747,-0.032881906825568796,1375671.66682,4578361.4324,0.23104870999125246,90,90
COINBUSDT,COIN,2026-09-11,2026-09-14,3,175.25999450683594,180.80999755859372,0.03166725565280859,175.27,176.22,173.25,178.28,186.15,5.708942986237808e-05,-0.01152507559764937,0.017173503737091256,0.06207565470417076,-0.013992575591810663,0.029533778626791962,0.1029617537313432,-0.021395561134250007,747671.04071,2964336.83874,0.20141957263861757,66,66
COINBUSDT,COIN,2026-09-18,2026-09-21,3,194.25,205.19000244140625,0.05631918888754828,194.29,194.8,194.34,205.17,205.43,0.00020592020592014038,0.000257347264398744,0.05599876473313081,0.05733697050800357,-9.748253408192742e-05,0.0011696357314596728,0.0921591266925581,-0.019301044829893477,2076944.1226700002,5191477.9656299995,0.2857489696440804,66,66
CRCLBUSDT,CRCL,2026-06-12,2026-06-15,3,77.83999633789062,82.88999938964844,0.06487671235024961,78.11,79.56,78.38,82.36,85.84,0.003468700858326512,0.0034566636794264305,0.05441044680578666,0.09896300089617216,-0.006394008849692767,0.03558934288905258,0.1186440677966103,-0.002944565356548523,1491801.4941,1503924.6025,0.49797659932699473,66,66
CRCLBUSDT,CRCL,2026-06-18,2026-06-22,4,80.2300033569336,81.25,0.012713406461278165,80.28,78.98,80.9,81.66,81.2,0.0006231664087559263,0.007722969606377639,0.017189835575485812,0.011459890383657134,0.0050461538461537,-0.0006153846153845732,0.0839743589743589,-0.02840059790732441,2878953.7571,6189708.2188,0.31746180029102744,90,90
CRCLBUSDT,CRCL,2026-06-26,2026-06-29,3,73.56999969482422,75.18000030517578,0.021883928463096503,73.65,73.98,73.91,74.97,73.91,0.0010874039079467046,0.0035302104548540214,0.017922606924643425,0.0035302104548540214,-0.0027933001373149358,-0.016892794626503282,0.05502820195350111,-0.013034623217922703,2383034.4206,12033484.2163,0.1652988825263591,66,66
CRCLBUSDT,CRCL,2026-07-02,2026-07-06,4,64.62000274658203,64.55999755859375,-0.0009285853518701259,64.85,67.24,67.21,65.29,66.61,0.003559226921111991,0.036391673091750176,0.006784888203546835,0.027139552814186674,0.011307349272182243,0.031753446699648524,0.11322834645669277,-0.02081727062451799,7716333.4906,25789684.049500003,0.23029694535810147,90,90
CRCLBUSDT,CRCL,2026-07-10,2026-07-13,3,66.13999938964844,64.41999816894531,-0.026005461696032683,66.2,67.21,67.08,64.89,64.92,0.0009071758528160778,0.013293051359516639,-0.01978851963746231,-0.01933534743202414,0.00729589947863829,0.007761593375761988,0.0765923566878981,-0.05135951661631433,9044031.260599999,45905773.0701,0.16458714222476628,66,66
CRCLBUSDT,CRCL,2026-07-17,2026-07-20,3,60.459999084472656,60.95000076293945,0.008104559806264344,60.6,60.68,61.11,61.37,63.12,0.00231559572688278,0.008415841584158423,0.012706270627062644,0.04158415841584162,0.00689088157183293,0.03560294027723798,0.046825529078486916,-0.009735973597359782,6305100.7457,36289706.8327,0.14802510221685664,66,66
CRCLBUSDT,CRCL,2026-07-24,2026-07-27,3,62.36000061035156,63.630001068115234,0.02036562612786219,62.4,62.13,63.65,64.1,63.9,0.0006414270246462017,0.020032051282051322,0.027243589743589647,0.024038461538461453,0.007386436020669462,0.004243264613428721,0.07197153485363095,-0.009134615384615352,5031172.4872,34428410.997,0.12750191570609282,66,66
CRCLBUSDT,CRCL,2026-07-31,2026-08-03,3,62.61000061035156,58.97999954223633,-0.05797797528714721,62.59,61.49,61.27,58.81,60.0,-0.00031944753484403066,-0.02108963093145866,-0.060393034030995385,-0.041380412206422856,-0.0028823252552687695,0.01729400586097385,0.07507301151004975,-0.06997922990893113,10156659.378899999,38909421.616799995,0.20699960487551672,66,66
CRCLBUSDT,CRCL,2026-08-07,2026-08-10,3,66.66999816894531,67.1500015258789,0.007199690567220918,66.73,67.04,68.06,66.81,65.27,0.0008999824914146526,0.01993106548778667,0.0011988610819722023,-0.021879214745991415,-0.005063313747623255,-0.02799704368069711,0.056394453004622536,-0.027423947250112324,8696783.463600002,58285273.622099996,0.1298375093567659,66,66
CRCLBUSDT,CRCL,2026-08-14,2026-08-17,3,71.5999984741211,71.20500183105469,-0.005516713009556473,71.65,71.38,72.17,71.55,74.31,0.000698345348386864,0.007257501744591721,-0.0013956734124216386,0.03712491277041163,0.004845139527752229,0.043606461471799696,0.06452979384354718,-0.011584089323098623,5445824.4219,51528411.8785,0.09558398278805479,66,66
CRCLBUSDT,CRCL,2026-08-21,2026-08-24,3,87.9800033569336,89.93000030517578,0.022164092678322422,88.02,87.4,88.5,89.87,92.08,0.00045461061082407994,0.005453306066802943,0.021017950465803237,0.046125880481708625,-0.000667188980008504,0.02390748012374333,0.07888249794576829,-0.03215178368552596,19274199.7005,70585475.2865,0.2144922035750563,66,66
CRCLBUSDT,CRCL,2026-08-28,2026-08-31,3,87.13999938964844,87.04000091552734,-0.0011475611065125957,87.15,87.81,89.51,87.02,89.4,0.00011476486598138713,0.027079747561675305,-0.0014916810097533872,0.025817555938037806,-0.00022978992781441665,0.027113959784571318,0.05471940263679875,-0.016523235800344316,22704933.665,90763944.4034,0.20009833578607583,66,66
CRCLBUSDT,CRCL,2026-09-04,2026-09-08,4,102.0500030517578,100.6500015258789,-0.013718779853135743,102.02,101.71,104.61,100.05,98.34,-0.00029400343812424623,0.025387178984512815,-0.01930993922760238,-0.036071358557145605,-0.005961266932764442,-0.022950834484438243,0.08748456154796203,-0.047637718094491244,28621542.218200002,87667553.50529999,0.24612404146862835,90,90
CRCLBUSDT,CRCL,2026-09-11,2026-09-14,3,90.5999984741211,92.1050033569336,0.016611533202645523,90.74,91.85,90.58,91.82,92.65,0.0015452707310905645,-0.0017632797002423706,0.011902137976636418,0.02104915142164443,-0.003094330889160557,0.0059171231008416925,0.09071347678369213,-0.0268900154286974,17431493.112700004,61321427.3735,0.22134408482990228,66,66
CRCLBUSDT,CRCL,2026-09-18,2026-09-21,3,91.77999877929688,98.08999633789062,0.06875133626627505,91.75,91.88,91.35,97.52,95.03,-0.00032685530285325726,-0.004359673024523225,0.06288828337874652,0.03574931880109,-0.005810952789998658,-0.031195804385085846,0.12027375743296309,-0.02855585831062679,47218197.7577,129389490.08469999,0.2673620742933698,66,66
GOOGLBUSDT,GOOGL,2026-07-10,2026-07-13,3,356.9505615234375,355.9611981097028,-0.002771709923951815,357.61,357.72,359.02,356.49,356.16,0.0018474224378526305,0.003942842761667675,-0.0031319034702609327,-0.004054696457034157,0.0014855604855397164,0.0005584931485591582,0.014112278527365296,-0.007270490198819979,190626.05537000002,899165.46603,0.17491974531524376,66,66
GOOGLBUSDT,GOOGL,2026-07-17,2026-07-20,3,346.5472412109375,350.6546131580819,0.011852271375158097,346.92,347.01,347.03,348.53,356.98,0.001075636290625237,0.00031707598293539974,0.00464083938660198,0.028998039893923577,-0.006058991036641759,0.01803879545445053,0.041316567190125664,-0.005130865905684345,511995.38494,1845985.26844,0.21713298801077546,66,66
GOOGLBUSDT,GOOGL,2026-07-24,2026-07-27,3,319.5346069335937,324.83120713377,0.016575982961611002,320.08,318.9,321.33,324.77,327.47,0.0017068356746712254,0.0039052736815796685,0.014652586853286742,0.023087978005498666,-0.0001884275045803685,0.00812358175039285,0.044714544127447464,-0.015527368157960408,1405106.82253,9716629.619479999,0.12633879878887502,66,66
GOOGLBUSDT,GOOGL,2026-07-31,2026-08-03,3,355.9012451171875,365.2152604560987,0.026170224090799055,356.61,353.86,355.99,363.33,369.44,0.0019914369295874756,-0.0017385939822215368,0.01884411542020681,0.03597767869661528,-0.005162052795231742,0.011567806719317453,0.07143878923125357,-0.019853621603432403,1603768.6972599998,6620562.716399999,0.19500292687576523,66,66
GOOGLBUSDT,GOOGL,2026-08-07,2026-08-10,3,354.0723876953125,354.951850943437,0.002483851547557814,354.77,355.7,359.08,356.6,354.52,0.0019702533406467104,0.012148716069566134,0.005158271556219729,-0.0007046819065873455,0.004643303175296376,-0.001216646545972977,0.017523000707714065,-0.004284465992051123,1814970.2418499999,9711987.355700001,0.15745440429448296,66,66
GOOGLBUSDT,GOOGL,2026-08-14,2026-08-17,3,345.67779541015625,346.04755304110785,0.0010696597694765941,346.2,347.74,348.92,347.31,343.35,0.00151066859595117,0.00785673021374933,0.0032062391681109137,-0.008232235701906343,0.0036481892381483583,-0.0077953247101486545,0.016674897597536598,-0.005690352397458076,1755009.74909,12314180.311390001,0.12474134911431596,66,66
GOOGLBUSDT,GOOGL,2026-08-21,2026-08-24,3,344.5985107421875,343.39927531721605,-0.003480094624868091,345.02,343.06,344.98,343.32,349.61,0.0012231313968962265,-0.0001159353080979475,-0.004927250594168431,0.013303576604254852,-0.0002308546433094083,0.01808601569425794,0.017892121034936315,-0.008608196626282427,2107336.32131,12828656.70973,0.14109114251262242,66,66
GOOGLBUSDT,GOOGL,2026-08-28,2026-08-31,3,346.36737060546875,343.60912172254496,-0.007963362363210602,346.73,345.92,346.69,344.1,338.25,0.0010469502190617597,-0.00011536353935348576,-0.007585152712485166,-0.02445707034291822,0.0014285950122461255,-0.015596564188049444,0.01941890184788031,-0.018285120987512005,1034972.0289200001,16091452.83561,0.06043129474520383,66,66
GOOGLBUSDT,GOOGL,2026-09-04,2026-09-08,4,338.4599914550781,335.4200134277344,-0.008981794315701896,338.48,339.31,339.02,336.27,337.07,5.911642565448183e-05,0.001595367525407676,-0.00652918931694646,-0.004165681871897919,0.002534096172674305,0.004919165542341952,0.019173731987177423,-0.013856062396596536,1668949.3054,7412646.133919999,0.18377269903194077,90,90
GOOGLBUSDT,GOOGL,2026-09-11,2026-09-14,3,338.5,343.1199951171875,0.013648434615029625,338.58,339.56,337.41,343.58,345.09,0.00023633677991141688,-0.0034556087187664897,0.0147675586272078,0.01922736133262437,0.0013406530932578153,0.0057414458814608604,0.03760162601626016,-0.011873117136274924,1599999.87147,7334996.263320001,0.17907113191018795,66,66
GOOGLBUSDT,GOOGL,2026-09-18,2026-09-21,3,349.5400085449219,350.6400146484375,0.003147010575684339,349.24,350.13,349.54,350.71,355.19,-0.000858295295496414,0.0008590081319437282,0.004209139846523824,0.01703699461688224,0.00019959316860251874,0.012976229641458392,0.017742490254528676,-0.0010308097583323628,2991825.15223,24830868.889680002,0.10753182807255621,66,66
HOODBUSDT,HOOD,2026-07-17,2026-07-20,3,99.95999908447266,102.48999786376952,0.025310112069517388,99.92,99.58,99.73,102.37,100.71,-0.0004001509087535604,-0.0019015212169735118,0.02451961569255401,0.007906325060047958,-0.0011708251172861672,-0.01736752757215887,0.04208822339133955,-0.010808646917534026,310247.9636,496274.9594599999,0.38467346026929927,66,66
HOODBUSDT,HOOD,2026-07-24,2026-07-27,3,94.91000366210938,96.9800033569336,0.02181013186127001,95.22,94.84,96.18,96.91,94.02,0.0032662135278620497,0.010081915563957322,0.017748372190716122,-0.012602394454946486,-0.0007218328986435818,-0.03052179062150928,0.053701938353988066,-0.008506616257088817,81771.84035,631137.35159,0.11470162157325936,66,66
HOODBUSDT,HOOD,2026-07-31,2026-08-03,3,86.55999755859375,86.68499755859375,0.001444085068456502,86.63,86.18,88.3,86.91,90.94,0.000808715843122032,0.019277386586632916,0.003232136673207986,0.049751818076878784,0.002595633013130705,0.049085799864389656,0.052551498127340945,-0.013736580861133496,283308.05508,2491756.12691,0.10209063160364085,66,66
HOODBUSDT,HOOD,2026-08-07,2026-08-10,3,93.29000091552734,93.23999786376952,-0.0005359958330700687,93.4,94.05,94.4,93.3,93.2,0.0011791090512718316,0.010706638115631772,-0.0010706638115632883,-0.0021413276231263545,0.0006435235693393881,-0.00042897752773385367,0.026489350200021633,-0.009743040685224913,266880.21723,1948137.18898,0.12048673589732405,66,66
HOODBUSDT,HOOD,2026-08-14,2026-08-17,3,95.55999755859376,94.97000122070312,-0.006174093270867598,95.64,95.69,96.15,95.54,95.91,0.0008371959339699142,0.005332496863237113,-0.0010455876202425385,0.0028230865746550204,0.006001882404657932,0.00989784950210093,0.030515683147262163,-0.016624843161856973,403103.17864,1333409.1667900002,0.23213378223359674,66,66
HOODBUSDT,HOOD,2026-08-21,2026-08-24,3,108.12999725341795,106.8550033569336,-0.01179130610256307,108.2,106.82,108.79,109.0,107.77,0.0006473943249807323,0.0054528650646950005,0.007393715341959206,-0.003974121996303204,0.020073899917455007,0.00856297425783592,0.0511716881874702,-0.0337338262476895,972020.73327,3093550.9886399996,0.23908586534868606,66,66
HOODBUSDT,HOOD,2026-08-28,2026-08-31,3,104.26000213623048,103.41999816894533,-0.00805681901087607,104.32,104.42,107.76,104.27,102.64,0.0005754638647630372,0.032975460122699474,-0.0004792944785275699,-0.01610429447852757,0.008218931020150588,-0.007542043925306774,0.07013888888888897,-0.033742331288343475,1612058.61305,2521412.3968,0.3900011900914482,66,66
HOODBUSDT,HOOD,2026-09-04,2026-09-08,4,122.11000061035156,125.06999969482422,0.024240431329763945,121.9,121.22,125.29,125.66,122.11,-0.0017197658611243227,0.027809680065627562,0.03084495488104988,0.0017227235438883604,0.004717360730913889,-0.02366674423959969,0.06897993311036799,-0.018867924528301994,3668436.9929500003,10095164.899930002,0.2665317568395891,90,90
HOODBUSDT,HOOD,2026-09-11,2026-09-14,3,112.56999969482422,112.26000213623048,-0.0027538203734044364,112.5,112.3,109.03,111.84,114.23,-0.000621832593177496,-0.030844444444444452,-0.005866666666666687,0.015377777777777712,-0.0037413337630334276,0.017548528650292328,0.08591707134852444,-0.048177777777777764,1326148.57332,6332041.11581,0.17316737076940378,66,66
HOODBUSDT,HOOD,2026-09-18,2026-09-21,3,119.81999969482422,125.04499816894533,0.043607064658895967,119.77,119.64,118.83,126.34,123.46,-0.00041729005968593746,-0.007848376054103712,0.05485513901644823,0.030809050680470795,0.010356286536987502,-0.012675422385179158,0.08566044200788081,-0.025298488770142735,2104866.96608,5178757.6683,0.2889861946131401,66,66
METABUSDT,META,2026-07-02,2026-07-06,4,582.4403686523438,594.3709360150443,0.020483757659699453,583.71,591.42,590.19,591.78,589.06,0.0021798477852659204,0.011101403094002205,0.013825358482808081,0.009165510270510824,-0.004359122995507225,-0.008935389826850382,0.02666643742585495,-0.003563413338815602,169707.68786,771868.70208,0.18023783271670002,90,90
METABUSDT,META,2026-07-10,2026-07-13,3,668.6823120117188,660.858454671636,-0.011700410194109723,669.14,673.81,669.05,665.32,660.77,0.0006844625318476183,-0.00013450100128531428,-0.005708820276773108,-0.012508593119526568,0.006751136036507122,-0.00013384813496852832,0.029483430799220223,-0.018680694622948857,222753.76007000002,1010956.9288100001,0.18055591321189138,66,66
METABUSDT,META,2026-07-17,2026-07-20,3,645.5006103515625,646.1900645769782,0.0010680922904786616,647.51,637.25,638.03,646.98,645.52,0.0031129167288364012,-0.014640700529721551,-0.0008185201772945572,-0.0030733116090870816,0.001222450585864232,-0.0010369465792032795,0.023126938396385244,-0.01902673317786585,191071.02149,643634.80239,0.22890821655207355,66,66
METABUSDT,META,2026-07-24,2026-07-27,3,594.7206420898438,606.7411202287035,0.020211973972552588,595.93,596.52,599.15,606.82,603.05,0.0020334890443798326,0.005403319181783051,0.018273958350813135,0.011947711979594988,0.0001300056460107335,-0.00608351750959657,0.03116238219099432,-0.006494051314751781,119443.59491999999,567559.29363,0.17386185256382208,66,66
METABUSDT,META,2026-07-31,2026-08-03,3,556.27099609375,561.7966164985271,0.009933324662941612,557.34,554.75,560.1,567.46,588.48,0.0019217322379860846,0.00495209387447515,0.01815767753974229,0.05587253740983966,0.010080843022463704,0.047496518700629986,0.08015919168423347,-0.012667312591954749,486390.70727,3107528.6977800005,0.13533712152435792,66,66
METABUSDT,META,2026-08-07,2026-08-10,3,591.633056640625,598.657568915248,0.011873089570939799,592.8,592.27,597.57,603.93,603.58,0.0019724106796890073,0.008046558704453588,0.018775303643724595,0.0181848852901485,0.008807089993542405,0.008222448592225096,0.03471904979442675,-0.00298582995951413,343703.12523999996,1901824.0331099997,0.1530612194833355,66,66
METABUSDT,META,2026-08-14,2026-08-17,3,589.3848266601562,589.2849441761664,-0.00016946904547210373,589.97,591.2,592.24,587.29,574.97,0.0009928544363106973,0.0038476532705051802,-0.004542603861213412,-0.02542502161126836,-0.0033853642382725146,-0.024292058226905833,0.023816103070705585,-0.018560265776225937,307430.46201,1530223.8016000001,0.16729505005259523,66,66
METABUSDT,META,2026-08-21,2026-08-24,3,549.4663696289062,549.7661710202622,0.0005456228223001958,550.14,549.68,554.22,550.92,552.91,0.0012259719763170196,0.007416294034245929,0.001417820918311552,0.005035081979132494,0.002098763147969862,0.0057184838672474925,0.016648046739070832,-0.007507179990547841,784175.83717,3966542.55638,0.16506468542413863,66,66
METABUSDT,META,2026-08-28,2026-08-31,3,577.564208984375,577.1744781551006,-0.0006747835534334223,578.13,578.53,581.9,579.75,572.09,0.0009796157843988684,0.006521024683029841,0.002802137927455872,-0.010447477211007805,0.004462293366005898,-0.008809256728316783,0.01963254593175856,-0.011468008925328177,354048.83797,7900549.792280001,0.0428911027451467,66,66
METABUSDT,META,2026-09-04,2026-09-08,4,616.2836303710938,615.7241045276966,-0.0009079031404100046,616.13,612.58,613.9,614.46,613.37,-0.00024928517248012927,-0.0036193660428806007,-0.0027104669469104614,-0.004479574115852203,-0.0020530372587348467,-0.003823310652264156,0.02410927343042868,-0.013763329167545857,896230.4091899999,5442894.61263,0.1413807751235496,90,90
METABUSDT,META,2026-09-11,2026-09-14,3,647.51904296875,657.311302577125,0.015122736102832546,647.33,648.1,642.2,655.78,653.87,-0.0002919496666587973,-0.00792486058115649,0.013053620255510934,0.010103038635626227,-0.0023296458939946474,-0.0052354227953067545,0.044684662036891476,-0.016792053512118987,1214645.47,3677970.71267,0.2482609353871579,66,66
METABUSDT,META,2026-09-18,2026-09-21,3,665.2250366210938,680.2999877929688,0.02266143085721173,665.58,669.67,669.93,681.16,708.1,0.0005335989467702973,0.006535653114576601,0.023408155293127786,0.06388413113374791,0.001264166136208944,0.040864343239546574,0.0706601760870218,0.0,566074.34499,4418016.6513600005,0.113576245980371,66,66
MSFTBUSDT,MSFT,2026-07-02,2026-07-06,4,389.7562561035156,386.31276024010407,-0.008834998308524855,390.46,389.32,391.03,387.71,385.51,0.0018056000011901219,0.0014598166265429313,-0.0070429749526199625,-0.012677354914716,0.003616861526985149,-0.002078006016692613,0.031198557654620984,-0.019848383957383642,268137.54656,555295.54052,0.3256336802190574,90,90
MSFTBUSDT,MSFT,2026-07-10,2026-07-13,3,384.37640380859375,387.02143811329415,0.006881364928991607,385.96,385.96,383.51,387.51,389.94,0.004119910004139582,-0.006347808063011717,0.004015960203129998,0.010311949424810951,0.0012623638863200615,0.007541085839930961,0.022643979057591634,-0.010260130583480076,274369.63766,827636.11274,0.24897296367138813,66,66
MSFTBUSDT,MSFT,2026-07-17,2026-07-20,3,393.08001708984375,390.6745569462133,-0.006119517754779924,394.59,394.25,396.45,389.37,396.62,0.0038414135659587956,0.004713753516308206,-0.013228921158670914,0.005144580450594294,-0.0033392421467387523,0.015218403523025614,0.025413058560526114,-0.013735776375478292,157374.40649999998,1154324.17188,0.11997756885149913,66,66
MSFTBUSDT,MSFT,2026-07-24,2026-07-27,3,380.9828186035156,389.3470355932277,0.02195431547378157,382.2,380.99,384.12,388.07,390.62,0.003194845901308474,0.005023547880690815,0.0153584510727367,0.02203035060177916,-0.0032799417395895647,0.003269485293069696,0.0337658236176539,-0.005834641548927211,112330.84203,926975.8397,0.10808247844901497,66,66
MSFTBUSDT,MSFT,2026-07-31,2026-08-03,3,463.8468017578125,475.2353605631651,0.02455241420700549,465.12,461.51,462.28,474.75,483.72,0.0027448679981463275,-0.006105951152390876,0.02070433436532504,0.03998968008255943,-0.0010213056591368286,0.017853552451948085,0.0706753812636165,-0.013157894736842146,656663.60249,2740011.92048,0.19332538479148684,66,66
MSFTBUSDT,MSFT,2026-08-07,2026-08-10,3,499.0505065917969,502.4940586092805,0.006900207437922301,501.56,499.97,500.64,499.98,509.92,0.005028535939861856,-0.0018342770555865862,-0.00315017146502905,0.016667995852938766,-0.005003160865699519,0.014778167549426957,0.01937308224535239,-0.005841773666161565,186637.19552,2983604.52737,0.05887159776253941,66,66
MSFTBUSDT,MSFT,2026-08-14,2026-08-17,3,494.4691467285156,489.2190622628328,-0.01061761790481408,495.42,496.57,497.15,492.52,483.86,0.0019229779608604947,0.0034919865972304898,-0.005853619151427125,-0.023333737031205892,0.006747361237109395,-0.010954320214026314,0.02801692990605975,-0.022344677243550937,176461.04625999997,1105060.35542,0.1376965269785349,66,66
MSFTBUSDT,MSFT,2026-08-21,2026-08-24,3,483.239990234375,483.2099914550781,-6.20784287375109e-05,482.43,480.41,485.86,482.46,487.86,-0.0016761655714423451,0.0071098397695001925,6.218518748823954e-05,0.011255518935389563,-0.001552102539973843,0.009623163070199503,0.016205153907196346,-0.007400037311112495,382055.01222000003,1189652.6901900002,0.24308273837060831,66,66
MSFTBUSDT,MSFT,2026-08-28,2026-08-31,3,513.530029296875,510.3800048828125,-0.006134060783895223,513.43,513.88,515.96,508.75,510.54,-0.0001947876290935291,0.004927643495705514,-0.009115166624466764,-0.005628810159125752,-0.0031937083491089258,0.00031348233797734437,0.016048993737938666,-0.01092651383830312,301989.7461,766074.8925900001,0.28274482195234524,66,66
MSFTBUSDT,MSFT,2026-09-04,2026-09-08,4,499.7000122070313,493.010009765625,-0.013388037378383233,500.08,500.07,502.24,495.58,492.0,0.000760431826468011,0.004319308910574415,-0.008998560230363162,-0.016157414813629756,0.005212856095146545,-0.002048659754606552,0.024377329287416316,-0.01809710446328594,348732.11843,658137.23821,0.346352896858184,90,90
MSFTBUSDT,MSFT,2026-09-11,2026-09-14,3,495.6300048828125,497.05999755859375,0.0028852019887686264,495.93,494.99,492.22,498.44,501.53,0.0006052803789762251,-0.007480894481075917,0.0050611981529651295,0.011291916197850416,0.0027763297150935617,0.008992883079228964,0.021710767725363844,-0.010868469340431064,218656.75040000002,640070.4280800001,0.2546288924813535,66,66
MSFTBUSDT,MSFT,2026-09-18,2026-09-21,3,493.7799987792969,494.9500122070313,0.0023695034846022978,493.54,494.12,494.23,495.43,493.97,-0.00048604394647444593,0.0013980629736192185,0.0038294768407829416,0.0008712566357336193,0.0009697702417026388,-0.001980022593920716,0.009983733224887992,-0.0035255501073874207,161358.38684,648390.1704500001,0.1992697429187413,66,66
MSTRBUSDT,MSTR,2026-06-26,2026-06-29,3,82.30999755859375,85.66999816894531,0.04082129401060541,82.32,84.2,83.85,86.99,86.27,0.00012152158550504666,0.01858600583090375,0.0567298347910592,0.04798347910592815,0.015407982482403826,0.0070036400592825565,0.12415688233824618,-0.0274538386783284,1267903.7039899998,2611103.17522,0.3268629686597054,66,66
MSTRBUSDT,MSTR,2026-07-02,2026-07-06,4,100.7699966430664,95.13999938964844,-0.055869777125822195,100.81,104.53,107.98,97.16,98.29,0.000396976860833842,0.07112389643884542,-0.03620672552326165,-0.024997520087292835,0.02123187537639759,0.03310910900315078,0.15634218289085555,-0.05842674337863307,3626571.82079,3471900.47615,0.5108946924190065,90,90
MSTRBUSDT,MSTR,2026-07-10,2026-07-13,3,94.63999938964844,91.48999786376952,-0.03328404000627516,94.8,96.21,96.46,91.81,92.26,0.0016906235353280064,0.01751054852320677,-0.03154008438818556,-0.026793248945147563,0.0034976734473965987,0.008416243897797937,0.08425353356890453,-0.044725738396624415,1696724.0283000004,13134390.1208,0.1144030051446245,66,66
MSTRBUSDT,MSTR,2026-07-17,2026-07-20,3,94.8499984741211,95.62000274658205,0.008118126355806332,94.6,95.17,94.61,96.25,96.17,-0.0026357245982382427,0.00010570824524314126,0.01744186046511631,0.016596194503171402,0.006588550881844402,0.005751905852539929,0.02832590706556326,-0.003594080338266248,1023575.4217399998,5589493.21416,0.15478070440451389,66,66
MSTRBUSDT,MSTR,2026-07-24,2026-07-27,3,91.66999816894533,94.54000091552734,0.031307983025075314,91.8,91.68,93.72,94.21,97.2,0.0014181502525514311,0.020915032679738488,0.02625272331154682,0.05882352941176472,-0.0034905956455639764,0.02813622867265897,0.07930579964850604,-0.008278867102396448,1574399.6689,5307442.45637,0.2287759062531866,66,66
MSTRBUSDT,MSTR,2026-07-31,2026-08-03,3,93.27999877929688,92.01000213623048,-0.013614887003496223,93.49,94.07,94.19,92.86,95.7,0.0022512995653010126,0.007487431810888845,-0.006738688629799983,0.02363889186009205,0.009238102858763142,0.040104312336674885,0.046907612874876436,-0.026312974649695064,2048845.1535300002,8902411.03611,0.1870876836456651,66,66
MSTRBUSDT,MSTR,2026-08-07,2026-08-10,3,100.01000213623048,99.45999908447266,-0.005499480452051508,100.12,101.15,103.13,99.48,99.32,0.0010998686273366864,0.030063923292049433,-0.006392329204954028,-0.00799041150619273,0.00020109507049514974,-0.001407591853623047,0.06296220213640091,-0.027566919696364378,2229144.1558,5505704.9315599995,0.2881949124828801,66,66
MSTRBUSDT,MSTR,2026-08-14,2026-08-17,3,93.04000091552734,93.25,0.002257083860772058,93.16,93.45,94.26,93.9,97.6,0.0012897579889492583,0.01180764276513524,0.007943323314727468,0.047659939888364145,0.006970509383378065,0.04664879356568363,0.03937600860677781,-0.0022541863460712186,5313776.48108,16189475.156249998,0.24711502105361577,66,66
MSTRBUSDT,MSTR,2026-08-21,2026-08-24,3,119.25,121.83999633789062,0.021719046858621693,119.23,119.44,120.19,122.89,124.92,-0.00016771488469602414,0.008051664849450635,0.03069697223853063,0.047722888534764696,0.008617889803586909,0.02527908531421663,0.06884651885083248,-0.027845340937683538,12729522.808789998,40726869.67197,0.23812910333168483,66,66
MSTRBUSDT,MSTR,2026-08-28,2026-08-31,3,127.30999755859376,128.57000732421875,0.00989717846035676,127.27,127.41,131.2,128.45,128.63,-0.0003141745295797138,0.030879233126424044,0.009271627249155312,0.010685943270212883,-0.0009334006174249732,0.0004666148585490415,0.06213065005590157,-0.016107488017600313,15953113.460429998,59117660.71025,0.2125076454408102,66,66
MSTRBUSDT,MSTR,2026-09-04,2026-09-08,4,142.8000030517578,137.6199951171875,-0.036274564592921,142.62,142.18,143.94,138.43,137.84,-0.0012605255455951925,0.00925536390408066,-0.02937876875613521,-0.03351563595568641,0.005885808106029788,0.0015986403910650537,0.08616110947182065,-0.04950217360818965,19750219.90293,51096987.86724,0.27877202961901015,90,90
MSTRBUSDT,MSTR,2026-09-11,2026-09-14,3,130.97000122070312,130.89999389648438,-0.0005345294614510498,131.05,131.38,129.93,130.61,135.1,0.00061081758075332,-0.008546356352537199,-0.0033574971384967567,0.030904235024799664,-0.0022153851031779803,0.03208560962070761,0.05829208893078808,-0.02869133918351774,10288027.7958,41884628.975829996,0.19719194751443703,66,66
MSTRBUSDT,MSTR,2026-09-18,2026-09-21,3,153.9199981689453,164.5800018310547,0.06925678137293612,153.96,156.25,156.05,166.15,166.85,0.0002598871591121821,0.013574954533645212,0.07917640945700177,0.08372304494673921,0.009539422478296977,0.013792673129725097,0.12281399046104924,-0.019485580670303926,33536607.80368,46934998.27779,0.4167508197826611,66,66
NVDABUSDT,NVDA,2026-06-12,2026-06-15,3,204.96066284179688,208.68648640498935,0.018178237284821597,205.18,205.81,208.87,208.29,210.21,0.0010701427052488555,0.017984208987230632,0.015157422750755378,0.02451505994736336,-0.0018999141334907765,0.007300489941902688,0.03640978085802149,-0.001413393118237738,1453804.43667,1597287.12953,0.47648666227367575,66,66
NVDABUSDT,NVDA,2026-06-18,2026-06-22,4,210.4545135498047,211.2036686200953,0.003559700657659315,211.01,209.62,209.32,211.02,209.16,0.0026394608546318477,-0.008009099094829608,4.739111890450509e-05,-0.008767356997298692,-0.0008696279818209973,-0.009676293188691565,0.02830098020372862,-0.013696033363347682,1033610.43534,2900594.5470600002,0.26272409291431026,90,90
NVDABUSDT,NVDA,2026-06-26,2026-06-29,3,192.31480407714844,193.6333319429392,0.006856091355618377,192.09,193.81,194.12,194.76,195.12,-0.0011689379724415527,0.010567962934041386,0.013899734499453364,0.01577385600499759,0.005818564633246037,0.007677748671385265,0.021760633036597365,0.0,786586.2602199999,3802758.17515,0.1713940348773548,66,66
NVDABUSDT,NVDA,2026-07-02,2026-07-06,4,194.61224365234372,194.20269428466304,-0.002104437829781647,194.7,196.63,197.0,195.42,195.9,0.00045092922217704334,0.011813045711350778,0.003697996918335944,0.006163328197226647,0.00626822258991222,0.008739866980676636,0.02319587628865971,-0.0035952747817153963,1151407.4065500002,3981372.2034400003,0.224324341592419,90,90
NVDABUSDT,NVDA,2026-07-10,2026-07-13,3,210.7242126464844,208.3069001369788,-0.011471451140552702,210.8,210.56,212.29,207.98,207.52,0.0003596518528354853,0.007068311195445931,-0.01337760910815955,-0.01555977229601524,-0.0015693197717591145,-0.003777599956896971,0.03200931179979638,-0.021869070208728747,1653210.14442,6913108.54359,0.19298956817167506,66,66
NVDABUSDT,NVDA,2026-07-17,2026-07-20,3,202.58331298828125,205.639896943356,0.015088034201768519,202.72,202.22,202.79,206.03,205.0,0.0006747199939742821,0.00034530386740327934,0.016327940015785414,0.011247040252565066,0.0018970202885846277,-0.0031117353824208216,0.028948151085555596,-0.004834254143646355,1364642.90628,4577828.568390001,0.2296423150025776,66,66
NVDABUSDT,NVDA,2026-07-24,2026-07-27,3,206.6088104248047,207.96729627325772,0.006575159334492486,207.11,207.11,208.46,208.49,199.94,0.0024257899465411903,0.006518275312635824,0.006663125875138842,-0.034619284438221265,0.002513393865809954,-0.038598839419012765,0.041964640444974055,-0.027763024479745102,596214.2334799999,3351520.9027000004,0.1510269085724233,66,66
NVDABUSDT,NVDA,2026-07-31,2026-08-03,3,200.52561950683597,197.46904862701152,-0.015242794847569296,200.81,200.03,201.64,198.62,206.69,0.0014181753626465454,0.004133260295801966,-0.010905831382899245,0.02928141028833231,0.005828515309062254,0.04669567933355179,0.02923147069253762,-0.017031024351377044,3467115.1445900006,6325582.68287,0.3540510700603625,66,66
NVDABUSDT,NVDA,2026-08-07,2026-08-10,3,223.70968627929688,223.15029107269072,-0.0025005408389324746,223.97,223.74,225.68,223.07,219.79,0.001163622930381969,0.007634951109523724,-0.0040183953208019485,-0.018663213823279956,-0.00035980716092620657,-0.01505842119469214,0.01725458395278645,-0.00892976737955975,1812762.3793199998,14536884.153830003,0.11087471375264919,66,66
NVDABUSDT,NVDA,2026-08-14,2026-08-17,3,224.9083404541016,225.72741618855903,0.0036418201868533284,225.29,224.94,225.46,226.42,226.46,0.001696955947155132,0.0007545829819344263,0.005015757468152193,0.00519330640507798,0.0030682308030425265,0.003245435684378739,0.012828507795100252,-0.0035065915042833407,1448700.9393200001,6219920.57795,0.1889128229966071,66,66
NVDABUSDT,NVDA,2026-08-21,2026-08-24,3,214.48001098632807,215.2891020611033,0.003772337902513412,214.94,215.38,219.47,215.4,209.86,0.0021446707856671576,0.02107564901833081,0.0021401321298968323,-0.02363450265190281,0.0005151117164547969,-0.02521772820420054,0.049113754717882596,-0.026193356285475033,3598838.65188,7663905.4637899995,0.3195347967528526,66,66
NVDABUSDT,NVDA,2026-08-28,2026-08-31,3,217.3068389892578,218.62536478578363,0.006067576164001887,217.66,218.81,219.11,218.47,219.9,0.0016251720948352588,0.0066617660571535176,0.0037214003491683467,0.01029127997794732,-0.000710643917899767,0.005830225671505707,0.015364679748241405,-0.007259027841587717,2069176.6019300004,21005542.49018,0.08967288371616708,66,66
NVDABUSDT,NVDA,2026-09-04,2026-09-08,4,230.1025238037109,232.84944771666764,0.011937826093989301,230.47,230.73,231.44,232.38,227.33,0.0015970107159821723,0.004208790731982548,0.008287412678439798,-0.01362433288497411,-0.0020160997643372536,-0.023703933038242475,0.019140216253923814,-0.004816245064433455,3772079.7094699997,9952836.60438,0.2748344414795114,90,90
NVDABUSDT,NVDA,2026-09-11,2026-09-14,3,218.2899932861328,211.2400054931641,-0.032296431397694225,218.45,219.28,215.45,212.31,210.7,0.0007330006816090862,-0.01373311970702673,-0.02810711833371471,-0.035477225909819166,0.0050653024001674485,-0.0025563599655443747,0.050837721397797964,-0.043717097734035204,9598884.03915,19400183.858159997,0.3310066403906868,66,66
NVDABUSDT,NVDA,2026-09-18,2026-09-21,3,222.2700042724609,222.94000244140625,0.0030143436184220107,221.97,222.04,221.16,223.55,224.91,-0.001349729008387257,-0.0036491417759156874,0.007118079019687418,0.013245033112582849,0.0027361512151866663,0.008836447192161145,0.022092917537958057,-0.0089651754741632,12026413.49008,29812843.306029998,0.2874432867841514,66,66
QQQBUSDT,QQQ,2026-07-02,2026-07-06,4,711.8582153320312,719.1806205090421,0.010286325309311062,713.97,724.34,724.13,722.94,725.24,0.00296658045448539,0.014230289788086381,0.012563553090465973,0.015784976959816177,0.005227309223512,0.008425393174066542,0.018255236813325526,-0.0010504643052229312,372484.25895999995,632462.7541,0.37065064537662434,90,90
QQQBUSDT,QQQ,2026-07-10,2026-07-13,3,724.7548217773438,716.9728399125403,-0.010737399229327593,726.47,729.06,729.06,719.41,717.9,0.0023665633827036903,0.0035651850730242796,-0.009718226492491211,-0.011796770685644331,0.0033992362775652207,0.0012931592883949072,0.023956712505432076,-0.018032403265103913,4130067.4096799996,1905946.49615,0.684237557122076,66,66
QQQBUSDT,QQQ,2026-07-17,2026-07-20,3,694.606201171875,701.4290751693121,0.009822650569381919,696.33,695.84,694.81,702.19,698.5,0.002481692252699119,-0.0021828730630593096,0.008415550098372915,0.0031163385176566916,0.0010848207717997216,-0.004175867914521625,0.018622349702359653,-0.003647695776427984,6785994.888739999,7972233.2451,0.45981094933611966,66,66
QQQBUSDT,QQQ,2026-07-24,2026-07-27,3,683.5177612304688,690.9600196558405,0.01088817123343544,684.71,685.77,690.55,693.87,681.36,0.0017442688941762263,0.008529158329803721,0.013377926421404673,-0.004892582261103229,0.004211503214916812,-0.013893741146734029,0.017731066641329507,-0.0008762833900484157,12104105.74088,9380694.953569999,0.5633799406855452,66,66
QQQBUSDT,QQQ,2026-07-31,2026-08-03,3,687.2738647460938,687.5835404062232,0.0004505855322227692,688.25,686.87,691.92,689.99,697.51,0.0014203002674442189,0.005332364693062086,0.0025281511078822927,0.01345441336723563,0.0034998795816942874,0.014436732426596821,0.017342395125380605,-0.008034871049763859,12360808.624839999,21500858.45733,0.3650383956243145,66,66
QQQBUSDT,QQQ,2026-08-07,2026-08-10,3,722.2774047851562,721.6380662225321,-0.0008851703769057195,723.32,721.98,724.21,721.77,721.76,0.0014434830827276812,0.0012304374274179075,-0.002142896643256176,-0.0021567217828900587,0.00018282541296432697,0.0001689680508487612,0.012581157522222552,-0.007714427915721966,6469904.0807799995,24898640.742370006,0.20625451761489447,66,66
QQQBUSDT,QQQ,2026-08-14,2026-08-17,3,730.3090209960938,732.1870404067878,0.0025715407542583613,730.76,731.67,733.16,734.05,734.69,0.0006175180518668277,0.003284252011604316,0.004502162132574261,0.005377962669002256,0.00254437662837792,0.003418470220152514,0.008855735012318622,-0.0002189501341068878,5853599.33663,16333998.46693,0.2638230325092151,66,66
QQQBUSDT,QQQ,2026-08-21,2026-08-24,3,712.6973876953125,708.9212669826352,-0.005298350713601407,713.7,711.47,714.06,709.34,706.22,0.001406785435161595,0.0005044136191676429,-0.006109009387697983,-0.010480594087151518,0.0005906622312898957,-0.0038103906716362435,0.01717470427661527,-0.014487880061650582,11012809.87864,17665798.196900003,0.3840078238676036,66,66
QQQBUSDT,QQQ,2026-08-28,2026-08-31,3,715.6842651367188,714.425544259608,-0.0017587656155473308,716.76,717.26,719.83,714.49,715.09,0.0015030858098796784,0.004283163122942302,-0.0031670294101232566,-0.0023299291255092225,9.022037483097378e-05,0.0009300559669664921,0.012892172007976876,-0.006557285562810433,7265702.44366,13038427.745959999,0.3578435705349455,66,66
QQQBUSDT,QQQ,2026-09-04,2026-09-08,4,718.2116088867188,720.1595771602128,0.0027122483811052867,718.92,719.62,720.4,721.16,719.1,0.0009863264593832355,0.0020586435208367337,0.003115784788293663,0.0002503755633451732,0.001389168278136399,-0.0014713088512841033,0.0091492329149232,-0.002670672675680108,16032380.507170001,18776646.092850003,0.46058112142557833,90,90
QQQBUSDT,QQQ,2026-09-11,2026-09-14,3,714.1358642578125,702.597886401324,-0.016156558484119454,715.06,715.64,709.13,703.17,706.0,0.0012940615202792216,-0.008293010376751564,-0.016627975274802087,-0.012670265432271344,0.0008142831194757338,0.004842191621300618,0.02029270517150472,-0.018641792297149795,7313762.54302,32026429.33079,0.18591069831281126,66,66
QQQBUSDT,QQQ,2026-09-18,2026-09-21,3,720.6990356445312,727.8900146484375,0.009977783579903532,721.33,720.55,721.05,728.02,735.68,0.000875489384975392,-0.000388171849223129,0.009274534540362867,0.019893807272676645,0.00017857828648093488,0.01070214619625598,0.0194386853493258,-0.003687632567618282,8493137.72744,23127917.4992,0.26859121767336624,66,66
SPYBUSDT,SPY,2026-07-10,2026-07-13,3,753.0799560546875,750.6060836597362,-0.0032850062932383572,755.65,755.92,754.8,753.0,751.79,0.003412710595534385,-0.0011248593925760053,-0.0035069145768543697,-0.005108185006285959,0.0031893111345324687,0.0015772805017664204,0.011090671572156152,-0.007238801032223963,80455.66161,379501.90769,0.17491974690718495,66,66
SPYBUSDT,SPY,2026-07-17,2026-07-20,3,741.4487915039062,745.2094908804986,0.005072095901544893,744.71,743.16,745.76,746.89,745.49,0.004398427151629747,0.0014099448107316448,0.0029273139879952836,0.0010473875736862759,0.0022550828190819328,0.0003764164613226928,0.011818034644649478,-0.004659531898322911,192242.25040999998,252496.88767000003,0.43225844984081274,66,66
SPYBUSDT,SPY,2026-07-24,2026-07-27,3,737.099609375,743.0648074406847,0.008092797757337955,739.69,740.8,742.95,746.11,740.07,0.0035143019912824425,0.004407251686517233,0.008679311603509543,0.0005137287241951949,0.004098152043835457,-0.0040303448779920314,0.011483525401720263,-0.0005002095472427248,82297.27466000001,575587.4069800001,0.12509376940476288,66,66
SPYBUSDT,SPY,2026-07-31,2026-08-03,3,745.1796264648438,747.5836183167282,0.003226056868045557,747.81,745.82,750.72,752.22,756.01,0.0035298516515203104,0.003891362779315788,0.005897219882055715,0.010965352161645292,0.006201823541440277,0.011271490542080986,0.01431165512139354,-0.005830357978630851,1863742.34079,1375204.5931600002,0.5754161395034361,66,66
SPYBUSDT,SPY,2026-08-07,2026-08-10,3,771.3446044921875,770.6861849056471,-0.0008535997823876373,773.52,773.9,774.74,773.36,774.16,0.0028202641143055818,0.0015772055021201492,-0.00020684662322878467,0.0008273864929155827,0.003469395386502594,0.004507431380488702,0.009596005565163157,-0.005752921708553016,7759704.26715,10703946.88082,0.42026922004552425,66,66
SPYBUSDT,SPY,2026-08-14,2026-08-17,3,774.4169921875,774.2573577843602,-0.00020613494377086372,776.9,777.32,777.46,777.01,775.77,0.003206293040505459,0.0007208134895095863,0.00014158836401079178,-0.0014544986484746891,0.003555203173679633,0.001953668506255335,0.003582197252789854,-0.0010812202342643795,3034243.2203699998,14714265.132269999,0.17095764669816163,66,66
SPYBUSDT,SPY,2026-08-21,2026-08-24,3,763.8232421875,762.8856098637509,-0.001227551443791941,765.67,764.8,765.13,764.44,763.7,0.0024177816417461084,-0.0007052646701580789,-0.001606436193137939,-0.002572910000391726,0.002037514033757626,0.0010675127774326665,0.00849772781002911,-0.005602935990700941,8345511.19024,12583407.53858,0.3987550096770112,66,66
SPYBUSDT,SPY,2026-08-28,2026-08-31,3,767.4442749023438,765.4292990280279,-0.002625566363853915,769.02,770.16,772.0,766.84,766.05,0.0020532110919151414,0.0038750617669240928,-0.002834776728823596,-0.0038620582039479157,0.0018430193014082885,0.0008109187520783934,0.008619226097971833,-0.004278172219188026,1762735.8911,9638535.568009999,0.15460871161799367,66,66
SPYBUSDT,SPY,2026-09-04,2026-09-08,4,768.2822265625,767.1649647963771,-0.0014542335192651024,769.94,769.99,771.3,769.12,767.8,0.0021577662220788607,0.0017663714055640156,-0.0010650180533549047,-0.00277943735875541,0.002548389581557231,0.0008277687756392815,0.006075064857183898,-0.0037275631867418335,2532668.923,5071601.460120001,0.3330587676921683,90,90
SPYBUSDT,SPY,2026-09-11,2026-09-14,3,762.3967895507812,757.119891309806,-0.006921459157880894,764.46,765.04,760.24,759.18,758.71,0.002706216077371648,-0.005520236506815324,-0.00690683619810073,-0.007521649268764863,0.00272098080348937,0.0021002072570608377,0.009536245647356889,-0.008241111372733756,782839.7451299999,4466711.3107199995,0.14912508456463497,66,66
SPYBUSDT,SPY,2026-09-18,2026-09-21,3,761.6900024414062,766.25,0.005986684273100451,761.67,761.89,761.13,766.43,769.05,-2.6260606470041026e-05,-0.0007089684509038463,0.006249425604264225,0.00968923549568701,0.00023491027732447378,0.0036541598694941335,0.009352186780664296,-0.001864324444969534,40363514.45697,45537952.4872,0.4698815502557539,66,66
SQQQBUSDT,SQQQ,2026-09-04,2026-09-08,4,37.64523315429688,37.359291588165085,-0.007595691198399646,38.06,38.3,38.13,37.94,38.34,0.011017778638881426,0.0018392012611665454,-0.0031529164477142047,0.0073568050446664035,0.015543881780105018,0.026250722916426827,0.0285333333333333,-0.014713610089332696,104718.8873,183423.9701,0.36342697592753176,89,90
SQQQBUSDT,SQQQ,2026-09-11,2026-09-14,3,38.325565338134766,40.20881221010707,0.049138136785641384,38.79,38.87,39.73,40.92,40.47,0.012118142492293815,0.02423304975509155,0.05491105955143083,0.04331013147718488,0.017687361322107575,0.006495784767978741,0.062031532695787206,-0.002577984016499113,58035.6831,196076.0788,0.2283864495923595,66,66
SQQQBUSDT,SQQQ,2026-09-18,2026-09-21,3,37.33957290649414,36.2155428453536,-0.03010291692289402,37.93,38.1,38.11,36.72,35.48,0.015812368689497536,0.004745583970471978,-0.03190087002372799,-0.06459267070920127,0.013929299825782282,-0.02031014276092713,0.05770292655991183,-0.04508304771948324,101486.537,273502.38430000003,0.27063876086837335,66,66
TQQQBUSDT,TQQQ,2026-07-24,2026-07-27,3,63.87648010253906,65.932503611165,0.032187489124721136,64.02,64.32,65.8,66.37,63.27,0.0022468347853630277,0.02780381130896603,0.036707278975320445,-0.011715089034676551,0.006635519127487166,-0.04038226163634007,0.053702833881321466,-0.0023430178069353547,160132.8553,494839.11460000003,0.24448810431452325,66,66
TQQQBUSDT,TQQQ,2026-07-31,2026-08-03,3,64.49528503417969,64.5851071175022,0.0013926922452534019,64.61,63.92,65.68,65.11,67.25,0.0017786566221007494,0.016560903884847766,0.007738740133106381,0.04086054790280147,0.008127150451927578,0.04126172428032748,0.05344718532574322,-0.021204147964711262,152471.8341,2992223.8698,0.04848540159574325,66,66
TQQQBUSDT,TQQQ,2026-08-07,2026-08-10,3,74.3262710571289,74.12665639427688,-0.0026856542109935377,74.39,74.04,74.59,74.07,74.28,0.0008574215006980079,0.0026885334050275045,-0.004301653448044229,-0.001478693372765183,-0.0007643187624102321,0.002068670208291712,0.03475643130815542,-0.017609893802930543,471681.2062,1207861.1522000001,0.28083912492051855,66,66
TQQQBUSDT,TQQQ,2026-08-14,2026-08-17,3,76.64179992675781,77.23065253681683,0.0076831782476631805,76.74,76.87,77.42,77.31,77.52,0.0012812861041366919,0.008861089392754762,0.007427677873338645,0.010164190774042181,0.001027408944205721,0.0037465365587223687,0.021781661666884,-0.0009121709669011047,333100.0702,1382842.3602,0.1941207725263555,66,66
TQQQBUSDT,TQQQ,2026-08-21,2026-08-24,3,71.03263854980469,69.8649030063086,-0.016439422318197172,71.0,70.59,71.03,69.85,68.87,-0.00045948665952766365,0.0004225352112676717,-0.01619718309859164,-0.029999999999999916,-0.00021331177268302248,-0.014240383418534952,0.05416544009420088,-0.04309859154929585,534757.6042,1617306.9736000001,0.24848585387092278,66,66
TQQQBUSDT,TQQQ,2026-08-28,2026-08-31,3,71.7113265991211,71.30211965313629,-0.0057063084088841975,71.89,71.83,72.42,71.08,71.26,0.0024915645735814618,0.007372374460982156,-0.011267213798859421,-0.008763388510223846,-0.003115190042271343,-0.0005907209118212187,0.036472431970366204,-0.023647238837112283,357296.6978,1119324.3055999998,0.24196912882676397,66,66
TQQQBUSDT,TQQQ,2026-09-04,2026-09-08,4,72.23033142089844,72.80920531356274,0.008014277122599722,72.33,72.33,72.41,73.0,72.31,0.0013798715462174371,0.001106041753076159,0.00926309968201311,-0.00027651043826903976,0.002620474782214277,-0.006856348883535368,0.030015356694122586,-0.009677865339416614,450606.9591,1117525.801,0.28735255749090066,90,90
TQQQBUSDT,TQQQ,2026-09-11,2026-09-14,3,70.84300994873047,67.39966706432966,-0.04860525952938444,70.95,71.1,69.45,67.23,68.18,0.001510241466969875,-0.02114164904862581,-0.05243128964059196,-0.03904157857646229,-0.0025173279293460027,0.011577697185440883,0.06362007168458783,-0.05623678646934471,1363284.7996,1731185.6877000001,0.44055511441942974,66,66
TQQQBUSDT,TQQQ,2026-09-18,2026-09-21,3,72.49980163574219,74.6855783471247,0.03014872678361824,72.66,72.28,72.43,74.87,77.19,0.002209638656153645,-0.0031654280209192365,0.03041563446187734,0.06234516928158551,0.002469307421282041,0.033532868169477315,0.061525612472160374,-0.011285439031103683,845763.1896,2635022.5973000005,0.2429805341032605,66,66
TSLABUSDT,TSLA,2026-06-12,2026-06-15,3,406.4299926757813,412.3699951171875,0.01461506913478372,405.68,404.45,404.67,412.25,410.93,-0.0018453182326521045,-0.0024896470124236014,0.016195030565963275,0.012941234470518648,-0.00029098896284485143,-0.003491997803521718,0.029906263948817235,-0.005965292841648595,7629220.51242,6046873.982410001,0.5578508188360418,66,66
TSLABUSDT,TSLA,2026-06-18,2026-06-22,4,400.489990234375,394.8500061035156,-0.014082709352008393,400.53,399.19,400.59,396.47,405.18,9.990203650667162e-05,0.00014980151299526234,-0.010136569046013899,0.011609617257134275,0.00410280833593224,0.026161817745486537,0.03812077109664247,-0.022170623923301602,4345598.78144,10226273.353449998,0.29821828940120637,90,90
TSLABUSDT,TSLA,2026-06-26,2026-06-29,3,379.7099914550781,381.7900085449219,0.005477909817102722,379.64,380.74,381.11,382.56,398.01,-0.00018432871573892395,0.0038720893478032536,0.007691497207881204,0.04838794647560851,0.002016793100512837,0.042484064779211295,0.04539786144498392,-0.007243704562216791,517996.16414,1995323.8081899998,0.2061003651913792,66,66
TSLABUSDT,TSLA,2026-07-02,2026-07-06,4,393.4500122070313,397.5,0.010293525650820534,393.75,400.39,404.03,398.49,407.73,0.0007624546541145083,0.026107936507936413,0.012038095238095181,0.03550476190476193,0.0024905660377358974,0.025735849056603755,0.043222506393861826,-0.0069841269841269815,1252173.1089500003,4449396.12473,0.21961903076669334,90,90
TSLABUSDT,TSLA,2026-07-10,2026-07-13,3,407.760009765625,404.6099853515625,-0.0077251921194358975,408.09,408.36,407.84,404.29,398.24,0.0008092756191677708,-0.0006126099634884419,-0.009311671445024317,-0.02413683256144472,-0.0007908488745883568,-0.01574351988873346,0.038880445795339336,-0.0325663456590457,908743.38182,5586769.39079,0.13990325531372216,66,66
TSLABUSDT,TSLA,2026-07-17,2026-07-20,3,380.8399963378906,386.0499877929688,0.013680263378785806,381.51,381.97,381.9,384.93,373.9,0.0017592786171412023,0.0010222536761814727,0.008964378391129957,-0.01994705250190043,-0.0029011470752058344,-0.03147257655007263,0.028429338864953912,-0.01439018636470868,997794.07009,2713289.61486,0.26886865260852866,66,66
TSLABUSDT,TSLA,2026-07-24,2026-07-27,3,313.0299987792969,313.239990234375,0.0006708349228412569,313.44,311.51,314.28,317.11,309.18,0.0013097825202119662,0.0026799387442570932,0.011708779989790807,-0.013591117917304718,0.012354775527637418,-0.01296127685145565,0.030681193624519043,-0.013176365492598263,2654427.40215,15672062.24924,0.14484101716384462,66,66
TSLABUSDT,TSLA,2026-07-31,2026-08-03,3,311.2099914550781,310.9599914550781,-0.000803316110871366,311.64,309.87,313.91,313.35,322.63,0.0013817311677923882,0.007284045693749297,0.005487100500577657,0.03526504941599273,0.007685903687282503,0.03752897113970932,0.040712054152564514,-0.013990501861121829,1661325.4478799999,7048577.268619999,0.19073983969221525,66,66
TSLABUSDT,TSLA,2026-08-07,2026-08-10,3,328.5799865722656,326.6000061035156,-0.0060258705632229015,328.62,329.59,331.74,328.7,329.6,0.00012177682564229464,0.009494248676282568,0.0002434422737507269,0.002982167853447848,0.006429864841517308,0.00918552921133009,0.019257853162696792,-0.006086056843770948,1765847.1497,10033119.89932,0.14966116460564807,66,66
TSLABUSDT,TSLA,2026-08-14,2026-08-17,3,342.2699890136719,340.69000244140625,-0.004616199558771461,342.66,342.26,342.58,340.76,342.22,0.0011394834453701819,-0.00023346757719033828,-0.005544854958267731,-0.001284071674546139,0.00020545821154760446,0.004490878944582333,0.02162529952962755,-0.013511936029883986,1716897.4944,6687363.234569998,0.2042889374530885,66,66
TSLABUSDT,TSLA,2026-08-21,2026-08-24,3,362.8599853515625,361.4100036621094,-0.00399598122688638,362.93,361.49,363.6,362.07,358.05,0.00019295224401694178,0.0018460860220979036,-0.0023696029537376706,-0.013446119086325203,0.0018261706405549027,-0.009296930433753903,0.04644420442271624,-0.030611963739564096,2717752.50302,12242018.87235,0.18167072442661458,66,66
TSLABUSDT,TSLA,2026-08-28,2026-08-31,3,348.75,347.2099914550781,-0.0044157951108870774,349.38,349.74,352.34,345.7,364.1,0.0018064516129032704,0.008472150666895661,-0.01053294407235672,0.0421317762894271,-0.004348928579935407,0.04864493810831805,0.04504035407445972,-0.010561566202988093,3216608.64267,8774735.06269,0.2682442203063708,66,66
TSLABUSDT,TSLA,2026-09-04,2026-09-08,4,354.0799865722656,357.1000061035156,0.008529201439725131,354.01,355.52,356.01,356.0,365.18,-0.00019765752067246734,0.005649557922092541,0.005621310132482238,0.03155278099488723,-0.003080386683602443,0.02262669772719672,0.02897975387058338,-0.0038134515974124206,5036495.38185,13981493.857859999,0.2648279646374855,90,90
TSLABUSDT,TSLA,2026-09-11,2026-09-14,3,365.4400024414063,359.7799987792969,-0.015488188551599391,365.46,365.84,362.25,359.36,358.77,5.472186531330081e-05,-0.008783450993268715,-0.016691293164778576,-0.018305696929896587,-0.0011673766766409077,-0.002807267726732232,0.03419949706621961,-0.020686258414053582,2948241.7738499995,11207476.62625,0.20827214066572364,66,66
TSLABUSDT,TSLA,2026-09-18,2026-09-21,3,364.2699890136719,371.6400146484375,0.02023231629572697,364.24,364.79,364.34,369.38,376.23,-8.232633644367215e-05,0.00027454425653417047,0.01411157478585534,0.03291785635844491,-0.006081192980727401,0.012350622028428626,0.04219642019912295,-0.004529980232813591,2711978.22162,14050282.51089,0.16179071933657396,66,66
