structure,group,n,cost_bp_per_week,cost_pct_pa,mean_ret_bp,ref_mean_ret_bp,ce_gain_bp,cvar99,cvar99_ref,worst,worst_ref,pmi,share_weeks_covered,avg_barrier_bought,share_3pct,share_5pct
bare,index ETFs,7813,0.0,0.0,1.7046837677326678,1.7046837677326678,0.0,-0.04458957616988314,-0.04458957616988314,-0.11455458636802995,-0.11455458636802995,0.0,0.0,,0.0,0.0
bare,mega caps,13867,0.0,0.0,0.3123284899357607,0.3123284899357607,0.0,-0.0660744488300314,-0.0660744488300314,-0.1800595321235957,-0.1800595321235957,0.0,0.0,,0.0,0.0
bare,high beta,8954,0.0,0.0,17.759691779341754,17.759691779341754,0.0,-0.11301729925530046,-0.11301729925530046,-0.3712541344587241,-0.3712541344587241,0.0,0.0,,0.0,0.0
bare,all 50,46124,0.0,0.0,5.158239323215978,5.158239323215978,0.0,-0.0830854084379502,-0.0830854084379502,-0.3712541344587241,-0.3712541344587241,0.0,0.0,,0.0,0.0
put 3%,index ETFs,7813,1.774113606244881,0.9225390752473382,1.4203844388223572,1.7046837677326678,0.05509858779007004,-0.030574130005104273,-0.04458957616988314,-0.036213548989991025,-0.11455458636802995,21.301538033248562,1.0,0.030000000000000013,1.0,0.0
put 3%,mega caps,13867,4.746936753281573,2.468407111706418,-0.5927482059997229,0.3123284899357607,0.1324305904226719,-0.03248950429805033,-0.0660744488300314,-0.04152624380092229,-0.1800595321235957,35.48071719884558,1.0,0.030000000000000013,1.0,0.0
put 3%,high beta,8954,24.62293450967073,12.80392594502878,5.755103821604816,17.759691779341754,-6.509192165505828,-0.05130448501940291,-0.11301729925530046,-0.17716237716393257,-0.3712541344587241,43.792128765431045,1.0,0.03,1.0,0.0
put 3%,all 50,46124,10.269983410685938,5.340391373556688,1.537130370213281,5.158239323215978,-1.334013156500946,-0.04082320767762154,-0.0830854084379502,-0.17716237716393257,-0.3712541344587241,37.00401329616887,1.0,0.030000000000000006,1.0,0.0
put 5%,index ETFs,7813,1.2712671419796986,0.6610589138294434,0.9874662416436258,1.7046837677326678,-0.5360768056505982,-0.0394590058323575,-0.04458957616988314,-0.052039683748510535,-0.11455458636802995,7.701597011033812,1.0,0.05000000000000001,0.0,1.0
put 5%,mega caps,13867,2.4842593593654585,1.2918148668700384,-0.35087011196487367,0.3123284899357607,0.03436345614282743,-0.04877674322527166,-0.0660744488300314,-0.0573335519456626,-0.1800595321235957,17.813771347492324,1.0,0.05000000000000001,0.0,1.0
put 5%,high beta,8954,14.406744426147808,7.49150710159686,10.27309296584301,17.759691779341754,-2.95468774073937,-0.06121738981530521,-0.11301729925530046,-0.1655616180003278,-0.3712541344587241,31.41342668079123,1.0,0.049999999999999996,0.0,1.0
put 5%,all 50,46124,5.848657601540943,3.04130195280129,2.623715194040349,5.158239323215978,-0.825733719364008,-0.0546418089433994,-0.0830854084379502,-0.1655616180003278,-0.3712541344587241,22.4233473060726,1.0,0.049999999999999996,0.0,1.0
put 7%,index ETFs,7813,1.1281269945280128,0.5866260371545666,0.7621645712339565,1.7046837677326678,-0.8625160683206623,-0.042966670244889676,-0.04458957616988314,-0.07121166582321549,-0.11455458636802995,2.3001048680714007,1.0,0.07000000000000002,0.0,0.0
put 7%,mega caps,13867,1.7228857331699792,0.8959005812483891,-0.48703410133002406,0.3123284899357607,-0.3446250593819311,-0.057383823640053074,-0.0660744488300314,-0.0738540313320235,-0.1800595321235957,8.866934868834731,1.0,0.07000000000000002,0.0,0.0
put 7%,high beta,8954,9.73793516177118,5.063726284121014,12.371298019409632,17.759691779341754,-1.5480208056106726,-0.07523129353690645,-0.11301729925530046,-0.15463946244506357,-0.3712541344587241,21.646316131300146,1.0,0.06999999999999999,0.0,0.0
put 7%,all 50,46124,3.9816180515159747,2.070441386788307,3.0500430676406216,5.158239323215978,-0.7944694092110183,-0.06761263520711065,-0.0830854084379502,-0.15463946244506357,-0.3712541344587241,11.995410291525971,1.0,0.07000000000000002,0.0,0.0
put 10%,index ETFs,7813,1.0559609826157363,0.5490997109601828,0.6730924480013216,1.7046837677326678,-1.0176077129342431,-0.04449679810317389,-0.04458957616988314,-0.10038686396556291,-0.11455458636802995,0.0,1.0,0.10000000000000002,0.0,0.0
put 10%,mega caps,13867,1.3079409320253623,0.6801292846531884,-0.6907956262129299,0.3123284899357607,-0.8025993666760378,-0.06334243190694601,-0.0660744488300314,-0.10113942853685953,-0.1800595321235957,2.656849653493137,1.0,0.10000000000000002,0.0,0.0
put 10%,high beta,8954,6.312852372851868,3.2826832338829712,13.898485488520883,17.759691779341754,-0.7954178621361052,-0.09204747672411681,-0.11301729925530046,-0.13956476644747992,-0.3712541344587241,11.682686329504289,1.0,0.09999999999999999,0.0,0.0
put 10%,all 50,46124,2.6982907796516162,1.4031112054188406,3.3622242822517094,5.158239323215978,-0.8801471532005056,-0.07621013456668163,-0.0830854084379502,-0.13956476644747992,-0.3712541344587241,5.122690548576409,1.0,0.09999999999999999,0.0,0.0
spread 5-20%,index ETFs,7813,1.2209230346777322,0.6348799780324208,1.037810348945589,1.7046837677326678,-0.48572677822433796,-0.03944374880524779,-0.04458957616988314,-0.05195890917792172,-0.11455458636802995,7.73781480551331,1.0,0.05000000000000001,0.0,1.0
spread 5-20%,mega caps,13867,2.385878920177009,1.2406570384920446,-0.2524896727764256,0.3123284899357607,0.13334919718777094,-0.04873964691221901,-0.0660744488300314,-0.057043132163804605,-0.1800595321235957,17.87979728654076,1.0,0.05000000000000001,0.0,1.0
spread 5-20%,high beta,8954,13.83621549221146,7.194832055949959,10.273513260984181,17.759691779341754,-3.349856572016918,-0.06618003999276453,-0.11301729925530046,-0.22671063085641538,-0.3712541344587241,28.387320386400837,1.0,0.049999999999999996,0.0,1.0
spread 5-20%,all 50,46124,5.61704188825671,2.9208617818934894,2.7240861943636436,5.158239323215978,-0.8119330910749678,-0.05570659993847996,-0.0830854084379502,-0.22671063085641538,-0.3712541344587241,21.58942065079621,1.0,0.049999999999999996,0.0,1.0
spread 3-18%,index ETFs,7813,1.726376274023375,0.8977156624921551,1.468121771043862,1.7046837677326678,0.10288275223313548,-0.030553815171291642,-0.04458957616988314,-0.036046356623411054,-0.11455458636802995,21.349564040175196,1.0,0.030000000000000013,1.0,0.0
spread 3-18%,mega caps,13867,4.619207561628781,2.4019879320469664,-0.4650619451348413,0.3123284899357607,0.2609779845197391,-0.03241812641361503,-0.0660744488300314,-0.041216098989646455,-0.1800595321235957,35.588383792468306,1.0,0.030000000000000013,1.0,0.0
spread 3-18%,high beta,8954,23.960387759102446,12.459401634733272,5.691048461325974,17.759691779341754,-7.01894922599644,-0.05765577942295029,-0.11301729925530046,-0.23031173884982706,-0.3712541344587241,39.88736826873666,1.0,0.03,1.0,0.0
spread 3-18%,all 50,46124,9.993641688115556,5.196693677820089,1.634566115303835,5.158239323215978,-1.3378131223473755,-0.04226205401825778,-0.0830854084379502,-0.23031173884982706,-0.3712541344587241,35.84485531740981,1.0,0.030000000000000006,1.0,0.0
sleeve 10% T-bill,index ETFs,7813,0.11923851182652367,0.062004026149792314,1.7994415522832747,1.8651597486149558,-0.05908603536886048,-0.03970098332528805,-0.040104392408416074,-0.10309445465429014,-0.10309445465429014,0.6900363224388806,0.11916037373608089,0.034264232008592924,0.10098553692563676,0.013055164469473954
sleeve 10% T-bill,mega caps,13867,0.10811018099150141,0.056217294115580733,0.542442540757155,0.6072665305091345,-0.055341528549801566,-0.059157248928607416,-0.059440066176486346,-0.16204890583429932,-0.16204890583429932,0.34167052019504207,0.10773779476454894,0.049551539491298535,0.04608062306194562,0.03367707507031081
sleeve 10% T-bill,high beta,8954,0.054922615926642555,0.02855976028185413,16.37208031509923,16.37566644625555,0.013315112064038459,-0.10135492138299793,-0.10167552614126533,-0.33407910562970355,-0.33407910562970355,0.24812342800292764,0.0546124637033728,0.07541922290388549,0.0035738217556399374,0.012396694214876033
sleeve 10% T-bill,all 50,46124,0.09630166730223387,0.050076866997161615,4.954822380719416,4.985118880392208,-0.011150104706203479,-0.07431922004330802,-0.07474262358783842,-0.33407910562970355,-0.33407910562970355,0.4324109095405537,0.09600208134593705,0.05072267389340561,0.04364322261729252,0.024499176133899923
sleeve 20% T-bill,index ETFs,7813,0.3873387913333327,0.20141617149333305,1.7876390483129276,2.0256357294972447,-0.2279551590778084,-0.03493259806830244,-0.03561990730224891,-0.09163432294055031,-0.09163432294055031,1.2879475689359543,0.3641366952515039,0.033402460456942014,0.3170357097145783,0.03570971457826699
sleeve 20% T-bill,mega caps,13867,0.40918260709281457,0.2127749556882636,0.7632099750150911,0.902204571082509,-0.09202272175712345,-0.051293910006473216,-0.05280630121386362,-0.14403827954500292,-0.14403827954500292,2.1146841098819316,0.33258815893848703,0.04746530789245447,0.16456335184250379,0.09115165500829307
sleeve 20% T-bill,high beta,8954,0.318995425471354,0.16587762124510408,14.840648050285417,14.991641113169349,-0.12037350127114266,-0.08970173735569476,-0.09033390523984396,-0.2969040768006829,-0.2969040768006829,0.5709092471782695,0.21789144516417244,0.07315222962583291,0.025798525798525797,0.0485816394907304
sleeve 20% T-bill,all 50,46124,0.3784008036009051,0.19676841787247068,4.6795113450188275,4.811998437568437,-0.08848452854648414,-0.06521493269604767,-0.06639999318158062,-0.2969040768006829,-0.2969040768006829,1.385972746624703,0.30541583557367097,0.04920778022290055,0.1545616165120111,0.06881450004336137
sleeve 30% T-bill,index ETFs,7813,0.5299122733131182,0.27555438212282146,1.9804286666570248,2.186111710379532,-0.1861409772985212,-0.029539583816213147,-0.031135699074031166,-0.08017419122681047,-0.08017419122681047,3.4795809663235144,0.46320235504927687,0.03208897485493231,0.4267246896198643,0.028414181492384488
sleeve 30% T-bill,mega caps,13867,0.6882878165713143,0.35790966461708346,1.0563036659525584,1.1971426116558828,-0.07179573256022032,-0.043591976142010574,-0.04617253625124088,-0.1260276532557065,-0.1260276532557065,4.20694561159341,0.43520588447393094,0.04281524440762221,0.2661714862623495,0.09836302011970866
sleeve 30% T-bill,high beta,8954,0.7120889039215883,0.3702862300392259,13.401547511152456,13.607615780083142,-0.11536239290288464,-0.07707230875260611,-0.07899228433842256,-0.2597290479716623,-0.2597290479716623,1.928060845864349,0.3316953316953317,0.0671010101010101,0.06198347107438017,0.07806566897475989
sleeve 30% T-bill,all 50,46124,0.6596683035491845,0.34302751784557595,4.475723321955793,4.638877994744665,-0.09852171348745387,-0.05630599344332293,-0.05805736749335574,-0.2597290479716623,-0.2597290479716623,2.4877619102484094,0.408225652588674,0.046021562483403264,0.23560402393547827,0.08095568467609054
sleeve 50% T-bill,index ETFs,7813,0.6451468894488164,0.3354763825133845,2.3592048779434043,2.507063672144109,-0.13334227877193072,-0.020480055193302395,-0.022167282617595672,-0.05725392779933082,-0.05725392779933082,5.188806538175383,0.5092794061180085,0.03081427494345314,0.49494432356329193,0.009471393830794829
sleeve 50% T-bill,mega caps,13867,1.1795956076935792,0.6133897160006613,1.6216530962058466,1.7870186928026317,-0.11094800898003854,-0.02970837829280414,-0.03290682068358144,-0.0900064006771137,-0.0900064006771137,7.312418258214554,0.4952765558520228,0.03627693651718114,0.3968414220812,0.06295521742265811
sleeve 50% T-bill,high beta,8954,2.018114454068781,1.049419516115766,10.469196881784312,10.83956511391074,-0.22998883703939654,-0.051980510287953016,-0.056309393327382405,-0.1853789903136211,-0.1853789903136211,6.000269476496167,0.4572258208621845,0.055906204201270154,0.1515523788251061,0.1366986821532276
sleeve 50% T-bill,all 50,46124,1.2933737539868748,0.6725543520731749,4.088551408734116,4.292637109097123,-0.1344109267908955,-0.03880518256944652,-0.04137282690269155,-0.1853789903136211,-0.1853789903136211,5.098536482463173,0.4823302402220102,0.04033173012091519,0.3424681293903391,0.07351920908854392
sleeve 20% @4% fixed,index ETFs,7813,1.0629179054913098,0.5527173108554811,2.509567604711209,2.9022085526476733,-0.319024263115697,-0.03107936884658675,-0.03551781478206035,-0.09148982294057781,-0.09148982294057781,8.49955400957662,0.9880967618072444,0.03333808290155442,0.8734161013695123,0.07999488032765903
sleeve 20% @4% fixed,mega caps,13867,1.1362459550152495,0.5908478966079297,1.6453546496176765,1.7883243304101466,0.026691001133727354,-0.046594912586571724,-0.05270571291017896,-0.14389377954503044,-0.14389377954503044,8.638314529642471,0.9363957597173145,0.044761648055448605,0.528665176317877,0.2255715006850797
sleeve 20% @4% fixed,high beta,8954,0.7998741265074979,0.4159345457838989,15.448967762297343,15.746214961934943,-0.18623754933777548,-0.08810571981489461,-0.09025999325039424,-0.2968494614131331,-0.2968494614131331,1.9381238198843853,0.5881170426624972,0.06526775541207748,0.11413893232075051,0.1655126200580746
sleeve 20% @4% fixed,all 50,46124,1.0226615344756689,0.5317839979273479,5.433682403210091,5.665052997034322,-0.09079577975468212,-0.06286285420179541,-0.06631448059651401,-0.2968494614131331,-0.2968494614131331,4.318929683778499,0.8416225826034168,0.04700095314150288,0.46058451131731853,0.18318012314630128
budget 2bp/wk,index ETFs,7813,1.0711793766520523,0.5570132758590672,1.2228330324855348,1.7046837677326678,-0.36111339327793424,-0.03887251513652519,-0.04458957616988314,-0.11455458636802995,-0.11455458636802995,8.710377550591353,0.9884807372328172,0.03319435452544349,0.8784077819019582,0.07705106873160118
budget 2bp/wk,mega caps,13867,1.1654734891606353,0.6060462143635303,0.10438885479978617,0.3123284899357607,0.06789799801065755,-0.058440183244765076,-0.0660744488300314,-0.1800595321235957,-0.1800595321235957,8.595808718025872,0.9399293286219081,0.044412306275893834,0.5391937693805438,0.22311963654719838
budget 2bp/wk,high beta,8954,0.8402489435811653,0.43692945066220595,17.361873167794343,17.759691779341754,-0.21218309218973275,-0.11032445746092596,-0.11301729925530046,-0.3712541344587241,-0.3712541344587241,1.956149556953507,0.5980567344203708,0.06497105508870216,0.12005807460352914,0.16841635023453205
budget 2bp/wk,all 50,46124,1.0516459612036766,0.5468558998259119,4.8491375275763,5.158239323215978,-0.07776171742635007,-0.07875763127980358,-0.0830854084379502,-0.3712541344587241,-0.3712541344587241,4.331357737938979,0.8463272916485994,0.046733271851624146,0.4689966178128523,0.18179255918827508
budget 5bp/wk,index ETFs,7813,1.293246268401994,0.6724880595690369,1.3554657031168365,1.7046837677326678,-0.14487947490038344,-0.03549121456082841,-0.04458957616988314,-0.10038686396556291,-0.11455458636802995,13.869948818308615,0.9959042621272238,0.031142526667523464,0.9569947523358505,0.027262255215666196
budget 5bp/wk,mega caps,13867,2.051590924037931,1.0668272804997243,-0.043330575392196195,0.3123284899357607,0.11521145465431815,-0.05169941581300743,-0.0660744488300314,-0.1800595321235957,-0.1800595321235957,15.756036829896185,0.9767794043412418,0.03629605020302695,0.7691642027835869,0.1408379606259465
budget 5bp/wk,high beta,8954,2.5019727823390725,1.3010258468163176,17.11060033204252,17.759691779341754,0.2197833171679875,-0.1018204842960389,-0.11301729925530046,-0.3712541344587241,-0.3712541344587241,8.147297614021658,0.7892561983471075,0.05515070043865855,0.299195890104981,0.19968729059638152
budget 5bp/wk,all 50,46124,2.057326608607983,1.0698098364761512,4.7262590780931015,5.158239323215978,0.10345466540995218,-0.07313498543953015,-0.0830854084379502,-0.3712541344587241,-0.3712541344587241,9.68936273332292,0.9227517127742607,0.040186085853245936,0.6577486774781025,0.14001387563958026
budget 10bp/wk,index ETFs,7813,1.4508504835049314,0.7544422514225644,1.4200408163084999,1.7046837677326678,-0.016036862983126454,-0.033411275551421864,-0.04458957616988314,-0.07360148246294984,-0.11455458636802995,17.02565109255226,0.9987200819147575,0.03050877867486865,0.9824651222321772,0.010751311916037374
budget 10bp/wk,mega caps,13867,2.893251188480823,1.5044906180100281,-0.1681236552768987,0.3123284899357607,0.20863659905390186,-0.04488501909149423,-0.0660744488300314,-0.1800595321235957,-0.1800595321235957,22.857475247209585,0.9924280666330136,0.0329973841011481,0.8950746376289032,0.06511862695608278
budget 10bp/wk,high beta,8954,5.006400989762279,2.6033285146763854,16.110672758012065,17.759691779341754,-0.16647904288458193,-0.09294678912374076,-0.11301729925530046,-0.3712541344587241,-0.3712541344587241,14.49978767721818,0.8922269376814831,0.04752785079484292,0.46493187402278313,0.2108554835827563
budget 10bp/wk,all 50,46124,3.2757298736226854,1.7033795342837963,4.368858158921886,5.158239323215978,0.03164557408230628,-0.0675762973313645,-0.0830854084379502,-0.3712541344587241,-0.3712541344587241,14.823220715075186,0.9609964443673575,0.03648076706147772,0.7793122886133033,0.10146561443066517
budget 25bp/wk,index ETFs,7813,1.6204107018210625,0.8426135649469525,1.4701065783001077,1.7046837677326678,0.08364866789012382,-0.03141174121639499,-0.04458957616988314,-0.052039683748510535,-0.11455458636802995,20.040259825117033,0.9998720081914757,0.030153609831029198,0.9947523358505056,0.0033277870216306157
budget 25bp/wk,mega caps,13867,3.895114296605463,2.0254594342348406,-0.26574484590503766,0.3123284899357607,0.3672434129808888,-0.036572242778889,-0.0660744488300314,-0.07890707617378846,-0.1800595321235957,31.408242912588246,0.9996394317444293,0.030908959746068398,0.9694238119275979,0.019759140405278718
budget 25bp/wk,high beta,8954,10.660327642210023,5.5433703739492115,14.29884716406872,17.759691779341754,-0.08200254117740613,-0.0717345892892495,-0.11301729925530046,-0.36692014823072727,-0.3712541344587241,29.94569006899252,0.969845878936788,0.03826232151082451,0.7290596381505472,0.14205941478668752
budget 25bp/wk,all 50,46124,5.527658128639946,2.8743822268927723,3.8108007082257713,5.158239323215978,0.15797204550693777,-0.05585798664633575,-0.0830854084379502,-0.36692014823072727,-0.3712541344587241,25.169763931236155,0.9891813372647645,0.03293654794520549,0.9015046396669847,0.05190356430491718
