J,senior_impaired_1y,senior_loss_p99,senior_median_return,junior_median_return,junior_p05_return,junior_wiped_1y,book,senior_spread
0.2,0.08355,-0.8872556686445194,0.034477307781254796,0.7454645914120777,-0.44622907079881063,0.0021,plain,0.02
0.2,0.0838,-0.8720553280358408,0.03436288452886327,0.7361008586881291,-0.443249217263236,0.00175,cap20,0.02
0.2,0.0874,-0.8884653344123521,0.053164519244276676,0.683277098782987,-0.4998363927255387,0.00205,plain,0.04
0.2,0.08505,-0.8722530226739228,0.05317845537326904,0.66281398892558,-0.5264190306851433,0.00155,cap20,0.04
0.3,0.052,-0.8725450884519063,0.03467519222387083,0.5135848864521035,-0.4616378691027386,0.00155,plain,0.02
0.3,0.0515,-0.8596640134999026,0.03463478685837318,0.5069697028164317,-0.45695210031652966,0.0016,cap20,0.02
0.3,0.0541,-0.8684218158528378,0.05340153840227202,0.4701370957653971,-0.4917269305459,0.0012,plain,0.04
0.3,0.05685,-0.8615362544320169,0.053356725850207565,0.4557255324426296,-0.49469076387622507,0.00205,cap20,0.04
0.4,0.04505,-0.8459767015934186,0.034738076897472325,0.3905861424832524,-0.42932160938126057,0.0011,plain,0.02
0.4,0.04555,-0.8274785216825746,0.03465567313434659,0.3850332727655189,-0.433576945939951,0.00145,cap20,0.02
0.4,0.04755,-0.8492189402573979,0.053463449670212215,0.36097971543541274,-0.46041193334118896,0.0012,plain,0.04
0.4,0.0442,-0.833867391393626,0.053493928987224826,0.35840824336996213,-0.44473153957567085,0.0008,cap20,0.04
0.5,0.04275,-0.8207916294648571,0.03476086530556832,0.3213655275456744,-0.4139204082834939,0.0014,plain,0.02
0.5,0.04365,-0.806567917183249,0.03472855768439609,0.31239379133298006,-0.44530135941949134,0.0014,cap20,0.02
0.5,0.04395,-0.8174325949218544,0.053502499964625416,0.3024731818719477,-0.4350811122172569,0.00115,plain,0.04
0.5,0.0426,-0.8006015867923326,0.053472788476994104,0.29692920952724133,-0.41969219255464085,0.00085,cap20,0.04
0.6,0.0376,-0.790645317246419,0.03473057693931669,0.27338377616310283,-0.392433505473649,0.0008,plain,0.02
0.6,0.0355,-0.7542328121455544,0.034715577037557344,0.26947722228046167,-0.34233353773266106,0.00085,cap20,0.02
0.6,0.0377,-0.7725231479464534,0.05353682693317885,0.2605876806651998,-0.389154464790395,0.001,plain,0.04
0.6,0.03515,-0.7505076575968507,0.05355048064348433,0.25571549127916593,-0.3888046607957213,0.00115,cap20,0.04
0.7,0.03125,-0.6951492215126306,0.03477471150717559,0.23990316323520955,-0.31925140631810994,0.0006,plain,0.02
0.7,0.0318,-0.664053470078221,0.03476740386323607,0.23464503046218843,-0.31176942009341224,0.00115,cap20,0.02
0.7,0.03285,-0.6978992349039733,0.05345125001720863,0.22912745605629448,-0.3241534443930929,0.0009,plain,0.04
0.7,0.03515,-0.6913781831534651,0.05355932700743249,0.2268581729210628,-0.3673378905899105,0.0006,cap20,0.04
