ticker,sleeve,year,share_covered,avg_barrier
SPY,0.1,2005,0.0,
SPY,0.1,2006,0.6730769230769231,0.030000000000000002
SPY,0.1,2007,0.5,0.030000000000000002
SPY,0.1,2008,0.0,
SPY,0.1,2009,0.0,
SPY,0.1,2010,0.0,
SPY,0.1,2011,0.0,
SPY,0.1,2012,0.0,
SPY,0.1,2013,0.0,
SPY,0.1,2014,0.0,
SPY,0.1,2015,0.0,
SPY,0.1,2016,0.0,
SPY,0.1,2017,0.0,
SPY,0.1,2018,0.0,
SPY,0.1,2019,0.0,
SPY,0.1,2020,0.0,
SPY,0.1,2021,0.0,
SPY,0.1,2022,0.0,
SPY,0.1,2023,0.8076923076923077,0.030000000000000006
SPY,0.1,2024,0.7115384615384616,0.03162162162162162
SPY,0.1,2025,0.0,
SPY,0.1,2026,0.0,
SPY,0.2,2005,1.0,0.030000000000000002
SPY,0.2,2006,1.0,0.030000000000000002
SPY,0.2,2007,1.0,0.030384615384615385
SPY,0.2,2008,0.1346153846153846,0.032857142857142856
SPY,0.2,2009,0.0,
SPY,0.2,2010,0.0,
SPY,0.2,2011,0.0,
SPY,0.2,2012,0.0,
SPY,0.2,2013,0.0,
SPY,0.2,2014,0.0,
SPY,0.2,2015,0.0,
SPY,0.2,2016,0.0,
SPY,0.2,2017,0.0,
SPY,0.2,2018,0.3269230769230769,0.03941176470588236
SPY,0.2,2019,0.5,0.033846153846153845
SPY,0.2,2020,0.0,
SPY,0.2,2021,0.0,
SPY,0.2,2022,0.4807692307692308,0.042
SPY,0.2,2023,1.0,0.030000000000000002
SPY,0.2,2024,1.0,0.030000000000000002
SPY,0.2,2025,0.9807692307692307,0.03450980392156863
SPY,0.2,2026,1.0,0.030000000000000002
SPY,0.3,2005,1.0,0.030000000000000002
SPY,0.3,2006,1.0,0.030000000000000002
SPY,0.3,2007,1.0,0.030000000000000002
SPY,0.3,2008,0.6538461538461539,0.031176470588235295
SPY,0.3,2009,0.0,
SPY,0.3,2010,0.0,
SPY,0.3,2011,0.0,
SPY,0.3,2012,0.0,
SPY,0.3,2013,0.0,
SPY,0.3,2014,0.0,
SPY,0.3,2015,0.0,
SPY,0.3,2016,0.0,
SPY,0.3,2017,0.1346153846153846,0.03
SPY,0.3,2018,1.0,0.032692307692307694
SPY,0.3,2019,1.0,0.031153846153846157
SPY,0.3,2020,0.16981132075471697,0.03222222222222222
SPY,0.3,2021,0.0,
SPY,0.3,2022,0.5769230769230769,0.04000000000000001
SPY,0.3,2023,1.0,0.030000000000000002
SPY,0.3,2024,1.0,0.030000000000000002
SPY,0.3,2025,1.0,0.03576923076923077
SPY,0.3,2026,1.0,0.030000000000000002
SPY,0.5,2005,1.0,0.030000000000000002
SPY,0.5,2006,1.0,0.030000000000000002
SPY,0.5,2007,1.0,0.030000000000000002
SPY,0.5,2008,0.7307692307692307,0.031578947368421054
SPY,0.5,2009,0.0,
SPY,0.5,2010,0.0,
SPY,0.5,2011,0.0,
SPY,0.5,2012,0.0,
SPY,0.5,2013,0.0,
SPY,0.5,2014,0.0,
SPY,0.5,2015,0.0,
SPY,0.5,2016,0.0,
SPY,0.5,2017,0.8653846153846154,0.030000000000000002
SPY,0.5,2018,1.0,0.030000000000000002
SPY,0.5,2019,1.0,0.030000000000000002
SPY,0.5,2020,0.16981132075471697,0.030000000000000002
SPY,0.5,2021,0.0,
SPY,0.5,2022,0.75,0.036666666666666674
SPY,0.5,2023,1.0,0.030000000000000002
SPY,0.5,2024,1.0,0.030000000000000002
SPY,0.5,2025,1.0,0.03192307692307693
SPY,0.5,2026,1.0,0.030000000000000002
QQQ,0.1,2005,0.0,
QQQ,0.1,2006,0.6730769230769231,0.030000000000000002
QQQ,0.1,2007,0.5,0.030000000000000002
QQQ,0.1,2008,0.0,
QQQ,0.1,2009,0.0,
QQQ,0.1,2010,0.0,
QQQ,0.1,2011,0.0,
QQQ,0.1,2012,0.0,
QQQ,0.1,2013,0.0,
QQQ,0.1,2014,0.0,
QQQ,0.1,2015,0.0,
QQQ,0.1,2016,0.0,
QQQ,0.1,2017,0.0,
QQQ,0.1,2018,0.0,
QQQ,0.1,2019,0.0,
QQQ,0.1,2020,0.0,
QQQ,0.1,2021,0.0,
QQQ,0.1,2022,0.0,
QQQ,0.1,2023,0.8076923076923077,0.032380952380952385
QQQ,0.1,2024,0.7115384615384616,0.03648648648648649
QQQ,0.1,2025,0.0,
QQQ,0.1,2026,0.0,
QQQ,0.2,2005,1.0,0.030000000000000002
QQQ,0.2,2006,1.0,0.030000000000000002
QQQ,0.2,2007,1.0,0.03192307692307693
QQQ,0.2,2008,0.1346153846153846,0.04428571428571428
QQQ,0.2,2009,0.0,
QQQ,0.2,2010,0.0,
QQQ,0.2,2011,0.0,
QQQ,0.2,2012,0.0,
QQQ,0.2,2013,0.0,
QQQ,0.2,2014,0.0,
QQQ,0.2,2015,0.0,
QQQ,0.2,2016,0.0,
QQQ,0.2,2017,0.0,
QQQ,0.2,2018,0.3269230769230769,0.05705882352941177
QQQ,0.2,2019,0.5,0.03923076923076923
QQQ,0.2,2020,0.0,
QQQ,0.2,2021,0.0,
QQQ,0.2,2022,0.4807692307692308,0.056400000000000006
QQQ,0.2,2023,1.0,0.03230769230769231
QQQ,0.2,2024,1.0,0.03153846153846154
QQQ,0.2,2025,0.9230769230769231,0.0325
QQQ,0.2,2026,1.0,0.03894736842105264
QQQ,0.3,2005,1.0,0.030000000000000002
QQQ,0.3,2006,1.0,0.030000000000000002
QQQ,0.3,2007,1.0,0.030000000000000002
QQQ,0.3,2008,0.6538461538461539,0.03647058823529412
QQQ,0.3,2009,0.0,
QQQ,0.3,2010,0.0,
QQQ,0.3,2011,0.0,
QQQ,0.3,2012,0.0,
QQQ,0.3,2013,0.0,
QQQ,0.3,2014,0.0,
QQQ,0.3,2015,0.0,
QQQ,0.3,2016,0.0,
QQQ,0.3,2017,0.1346153846153846,0.03
QQQ,0.3,2018,1.0,0.038461538461538464
QQQ,0.3,2019,1.0,0.033461538461538466
QQQ,0.3,2020,0.16981132075471697,0.034444444444444444
QQQ,0.3,2021,0.0,
QQQ,0.3,2022,0.5769230769230769,0.054333333333333345
QQQ,0.3,2023,1.0,0.030000000000000002
QQQ,0.3,2024,1.0,0.030384615384615385
QQQ,0.3,2025,1.0,0.03576923076923077
QQQ,0.3,2026,1.0,0.03210526315789474
QQQ,0.5,2005,1.0,0.030000000000000002
QQQ,0.5,2006,1.0,0.030000000000000002
QQQ,0.5,2007,1.0,0.030000000000000002
QQQ,0.5,2008,0.7307692307692307,0.03315789473684211
QQQ,0.5,2009,0.0,
QQQ,0.5,2010,0.0,
QQQ,0.5,2011,0.0,
QQQ,0.5,2012,0.0,
QQQ,0.5,2013,0.0,
QQQ,0.5,2014,0.0,
QQQ,0.5,2015,0.0,
QQQ,0.5,2016,0.0,
QQQ,0.5,2017,0.8653846153846154,0.030000000000000002
QQQ,0.5,2018,1.0,0.031153846153846157
QQQ,0.5,2019,1.0,0.03076923076923077
QQQ,0.5,2020,0.16981132075471697,0.03222222222222222
QQQ,0.5,2021,0.0,
QQQ,0.5,2022,0.75,0.045897435897435904
QQQ,0.5,2023,1.0,0.030000000000000002
QQQ,0.5,2024,1.0,0.030000000000000002
QQQ,0.5,2025,1.0,0.03307692307692308
QQQ,0.5,2026,1.0,0.030000000000000002
AAPL,0.1,2005,0.0,
AAPL,0.1,2006,0.5961538461538461,0.059677419354838716
AAPL,0.1,2007,0.4423076923076923,0.054782608695652185
AAPL,0.1,2008,0.0,
AAPL,0.1,2009,0.0,
AAPL,0.1,2010,0.0,
AAPL,0.1,2011,0.0,
AAPL,0.1,2012,0.0,
AAPL,0.1,2013,0.0,
AAPL,0.1,2014,0.0,
AAPL,0.1,2015,0.0,
AAPL,0.1,2016,0.0,
AAPL,0.1,2017,0.0,
AAPL,0.1,2018,0.0,
AAPL,0.1,2019,0.0,
AAPL,0.1,2020,0.0,
AAPL,0.1,2021,0.0,
AAPL,0.1,2022,0.0,
AAPL,0.1,2023,0.8076923076923077,0.04047619047619048
AAPL,0.1,2024,0.7115384615384616,0.04837837837837838
AAPL,0.1,2025,0.0,
AAPL,0.1,2026,0.0,
AAPL,0.2,2005,0.9423076923076923,0.06857142857142856
AAPL,0.2,2006,1.0,0.05076923076923076
AAPL,0.2,2007,0.9230769230769231,0.051874999999999984
AAPL,0.2,2008,0.07692307692307693,0.085
AAPL,0.2,2009,0.0,
AAPL,0.2,2010,0.0,
AAPL,0.2,2011,0.0,
AAPL,0.2,2012,0.0,
AAPL,0.2,2013,0.0,
AAPL,0.2,2014,0.0,
AAPL,0.2,2015,0.0,
AAPL,0.2,2016,0.0,
AAPL,0.2,2017,0.0,
AAPL,0.2,2018,0.3269230769230769,0.07764705882352944
AAPL,0.2,2019,0.4423076923076923,0.05130434782608696
AAPL,0.2,2020,0.0,
AAPL,0.2,2021,0.0,
AAPL,0.2,2022,0.46153846153846156,0.06833333333333334
AAPL,0.2,2023,1.0,0.035
AAPL,0.2,2024,1.0,0.035
AAPL,0.2,2025,0.9230769230769231,0.045208333333333316
AAPL,0.2,2026,1.0,0.04789473684210527
AAPL,0.3,2005,1.0,0.05192307692307691
AAPL,0.3,2006,1.0,0.03923076923076922
AAPL,0.3,2007,1.0,0.044615384615384605
AAPL,0.3,2008,0.6346153846153846,0.07424242424242425
AAPL,0.3,2009,0.0,
AAPL,0.3,2010,0.0,
AAPL,0.3,2011,0.0,
AAPL,0.3,2012,0.0,
AAPL,0.3,2013,0.0,
AAPL,0.3,2014,0.0,
AAPL,0.3,2015,0.0,
AAPL,0.3,2016,0.0,
AAPL,0.3,2017,0.1346153846153846,0.03571428571428571
AAPL,0.3,2018,1.0,0.046730769230769215
AAPL,0.3,2019,1.0,0.04307692307692306
AAPL,0.3,2020,0.16981132075471697,0.0488888888888889
AAPL,0.3,2021,0.0,
AAPL,0.3,2022,0.5769230769230769,0.06533333333333334
AAPL,0.3,2023,1.0,0.031153846153846157
AAPL,0.3,2024,1.0,0.03153846153846154
AAPL,0.3,2025,0.9230769230769231,0.03770833333333334
AAPL,0.3,2026,1.0,0.037368421052631585
AAPL,0.5,2005,1.0,0.03538461538461539
AAPL,0.5,2006,1.0,0.03153846153846154
AAPL,0.5,2007,1.0,0.03423076923076924
AAPL,0.5,2008,0.7307692307692307,0.049473684210526316
AAPL,0.5,2009,0.0,
AAPL,0.5,2010,0.0,
AAPL,0.5,2011,0.0,
AAPL,0.5,2012,0.0,
AAPL,0.5,2013,0.0,
AAPL,0.5,2014,0.0,
AAPL,0.5,2015,0.0,
AAPL,0.5,2016,0.0,
AAPL,0.5,2017,0.8653846153846154,0.030888888888888893
AAPL,0.5,2018,1.0,0.035
AAPL,0.5,2019,1.0,0.03384615384615385
AAPL,0.5,2020,0.16981132075471697,0.04111111111111111
AAPL,0.5,2021,0.0,
AAPL,0.5,2022,0.75,0.050769230769230775
AAPL,0.5,2023,1.0,0.030000000000000002
AAPL,0.5,2024,1.0,0.030000000000000002
AAPL,0.5,2025,1.0,0.03576923076923077
AAPL,0.5,2026,1.0,0.031052631578947373
NVDA,0.1,2005,0.0,
NVDA,0.1,2006,0.2692307692307692,0.08571428571428573
NVDA,0.1,2007,0.46153846153846156,0.08458333333333334
NVDA,0.1,2008,0.0,
NVDA,0.1,2009,0.0,
NVDA,0.1,2010,0.0,
NVDA,0.1,2011,0.0,
NVDA,0.1,2012,0.0,
NVDA,0.1,2013,0.0,
NVDA,0.1,2014,0.0,
NVDA,0.1,2015,0.0,
NVDA,0.1,2016,0.0,
NVDA,0.1,2017,0.0,
NVDA,0.1,2018,0.0,
NVDA,0.1,2019,0.0,
NVDA,0.1,2020,0.0,
NVDA,0.1,2021,0.0,
NVDA,0.1,2022,0.0,
NVDA,0.1,2023,0.5961538461538461,0.07741935483870967
NVDA,0.1,2024,0.17307692307692307,0.07111111111111111
NVDA,0.1,2025,0.0,
NVDA,0.1,2026,0.0,
NVDA,0.2,2005,0.8846153846153846,0.05978260869565216
NVDA,0.2,2006,0.9230769230769231,0.06541666666666665
NVDA,0.2,2007,0.8461538461538461,0.06522727272727273
NVDA,0.2,2008,0.019230769230769232,0.1
NVDA,0.2,2009,0.0,
NVDA,0.2,2010,0.0,
NVDA,0.2,2011,0.0,
NVDA,0.2,2012,0.0,
NVDA,0.2,2013,0.0,
NVDA,0.2,2014,0.0,
NVDA,0.2,2015,0.0,
NVDA,0.2,2016,0.0,
NVDA,0.2,2017,0.0,
NVDA,0.2,2018,0.09615384615384616,0.06200000000000001
NVDA,0.2,2019,0.34615384615384615,0.07333333333333335
NVDA,0.2,2020,0.0,
NVDA,0.2,2021,0.0,
NVDA,0.2,2022,0.057692307692307696,0.10000000000000002
NVDA,0.2,2023,0.7115384615384616,0.06189189189189187
NVDA,0.2,2024,0.6923076923076923,0.07805555555555554
NVDA,0.2,2025,0.7307692307692307,0.06789473684210524
NVDA,0.2,2026,1.0,0.08157894736842107
NVDA,0.3,2005,1.0,0.049230769230769224
NVDA,0.3,2006,1.0,0.0496153846153846
NVDA,0.3,2007,0.9230769230769231,0.050833333333333335
NVDA,0.3,2008,0.2692307692307692,0.0892857142857143
NVDA,0.3,2009,0.0,
NVDA,0.3,2010,0.0,
NVDA,0.3,2011,0.0,
NVDA,0.3,2012,0.0,
NVDA,0.3,2013,0.0,
NVDA,0.3,2014,0.0,
NVDA,0.3,2015,0.0,
NVDA,0.3,2016,0.0,
NVDA,0.3,2017,0.1346153846153846,0.0842857142857143
NVDA,0.3,2018,0.6730769230769231,0.05885714285714286
NVDA,0.3,2019,0.8653846153846154,0.06555555555555553
NVDA,0.3,2020,0.1320754716981132,0.05714285714285715
NVDA,0.3,2021,0.0,
NVDA,0.3,2022,0.23076923076923078,0.10000000000000002
NVDA,0.3,2023,0.8461538461538461,0.055681818181818166
NVDA,0.3,2024,0.8461538461538461,0.06795454545454543
NVDA,0.3,2025,0.8076923076923077,0.054523809523809516
NVDA,0.3,2026,1.0,0.06
NVDA,0.5,2005,1.0,0.03538461538461539
NVDA,0.5,2006,1.0,0.03653846153846154
NVDA,0.5,2007,1.0,0.03807692307692308
NVDA,0.5,2008,0.4423076923076923,0.07
NVDA,0.5,2009,0.0,
NVDA,0.5,2010,0.0,
NVDA,0.5,2011,0.0,
NVDA,0.5,2012,0.0,
NVDA,0.5,2013,0.0,
NVDA,0.5,2014,0.0,
NVDA,0.5,2015,0.0,
NVDA,0.5,2016,0.0,
NVDA,0.5,2017,0.7884615384615384,0.06585365853658535
NVDA,0.5,2018,0.8846153846153846,0.051304347826086956
NVDA,0.5,2019,1.0,0.052115384615384605
NVDA,0.5,2020,0.1509433962264151,0.04875
NVDA,0.5,2021,0.0,
NVDA,0.5,2022,0.5384615384615384,0.08178571428571427
NVDA,0.5,2023,0.9038461538461539,0.04170212765957447
NVDA,0.5,2024,1.0,0.05134615384615383
NVDA,0.5,2025,0.8846153846153846,0.04434782608695651
NVDA,0.5,2026,1.0,0.04263157894736843
TSLA,0.1,2010,0.0,
TSLA,0.1,2011,0.0,
TSLA,0.1,2012,0.0,
TSLA,0.1,2013,0.0,
TSLA,0.1,2014,0.0,
TSLA,0.1,2015,0.0,
TSLA,0.1,2016,0.0,
TSLA,0.1,2017,0.0,
TSLA,0.1,2018,0.0,
TSLA,0.1,2019,0.0,
TSLA,0.1,2020,0.0,
TSLA,0.1,2021,0.0,
TSLA,0.1,2022,0.0,
TSLA,0.1,2023,0.2692307692307692,0.0892857142857143
TSLA,0.1,2024,0.2692307692307692,0.09785714285714286
TSLA,0.1,2025,0.0,
TSLA,0.1,2026,0.0,
TSLA,0.2,2010,0.0,
TSLA,0.2,2011,0.0,
TSLA,0.2,2012,0.0,
TSLA,0.2,2013,0.0,
TSLA,0.2,2014,0.0,
TSLA,0.2,2015,0.0,
TSLA,0.2,2016,0.0,
TSLA,0.2,2017,0.0,
TSLA,0.2,2018,0.09615384615384616,0.1
TSLA,0.2,2019,0.23076923076923078,0.09250000000000001
TSLA,0.2,2020,0.0,
TSLA,0.2,2021,0.0,
TSLA,0.2,2022,0.11538461538461539,0.085
TSLA,0.2,2023,0.7307692307692307,0.08631578947368419
TSLA,0.2,2024,0.5,0.08307692307692308
TSLA,0.2,2025,0.4230769230769231,0.0931818181818182
TSLA,0.2,2026,0.8157894736842105,0.08580645161290323
TSLA,0.3,2010,0.0,
TSLA,0.3,2011,0.0,
TSLA,0.3,2012,0.0,
TSLA,0.3,2013,0.0,
TSLA,0.3,2014,0.0,
TSLA,0.3,2015,0.0,
TSLA,0.3,2016,0.0,
TSLA,0.3,2017,0.1346153846153846,0.07571428571428572
TSLA,0.3,2018,0.5769230769230769,0.084
TSLA,0.3,2019,0.6923076923076923,0.0836111111111111
TSLA,0.3,2020,0.03773584905660377,0.085
TSLA,0.3,2021,0.0,
TSLA,0.3,2022,0.25,0.08846153846153847
TSLA,0.3,2023,0.8461538461538461,0.07318181818181817
TSLA,0.3,2024,0.6923076923076923,0.07472222222222223
TSLA,0.3,2025,0.6730769230769231,0.08428571428571427
TSLA,0.3,2026,0.8421052631578947,0.07281250000000002
TSLA,0.5,2010,0.0,
TSLA,0.5,2011,0.0,
TSLA,0.5,2012,0.0,
TSLA,0.5,2013,0.0,
TSLA,0.5,2014,0.0,
TSLA,0.5,2015,0.0,
TSLA,0.5,2016,0.0,
TSLA,0.5,2017,0.8653846153846154,0.06466666666666665
TSLA,0.5,2018,0.8076923076923077,0.06714285714285714
TSLA,0.5,2019,0.9038461538461539,0.06148936170212764
TSLA,0.5,2020,0.09433962264150944,0.074
TSLA,0.5,2021,0.0,
TSLA,0.5,2022,0.4807692307692308,0.07720000000000002
TSLA,0.5,2023,0.9230769230769231,0.05124999999999998
TSLA,0.5,2024,0.9230769230769231,0.05833333333333332
TSLA,0.5,2025,0.8653846153846154,0.06399999999999999
TSLA,0.5,2026,1.0,0.051578947368421064
COIN,0.1,2021,0.0,
COIN,0.1,2022,0.0,
COIN,0.1,2023,0.07692307692307693,0.1
COIN,0.1,2024,0.0,
COIN,0.1,2025,0.0,
COIN,0.1,2026,0.0,
COIN,0.2,2021,0.0,
COIN,0.2,2022,0.0,
COIN,0.2,2023,0.19230769230769232,0.08800000000000001
COIN,0.2,2024,0.057692307692307696,0.10000000000000002
COIN,0.2,2025,0.17307692307692307,0.1
COIN,0.2,2026,0.07894736842105263,0.09000000000000001
COIN,0.3,2021,0.0,
COIN,0.3,2022,0.0,
COIN,0.3,2023,0.34615384615384615,0.08722222222222224
COIN,0.3,2024,0.25,0.0953846153846154
COIN,0.3,2025,0.3076923076923077,0.08500000000000002
COIN,0.3,2026,0.15789473684210525,0.09166666666666667
COIN,0.5,2021,0.0,
COIN,0.5,2022,0.038461538461538464,0.1
COIN,0.5,2023,0.5384615384615384,0.06571428571428573
COIN,0.5,2024,0.7692307692307693,0.08600000000000001
COIN,0.5,2025,0.7307692307692307,0.07947368421052632
COIN,0.5,2026,0.7105263157894737,0.0888888888888889
